id_releve,horodatage,zone,temperature_interieure_c,temperature_exterieure_c,humidite_pct,occupation_personnes,type_jour,consommation_kwh
10676,2025-03-30 23:00:00,BUREAU NORD,21.01,4.89,44.5,0,weekend,10.732
10061,2025-03-25 20:00:00,Bureau_Nord,20.29,6.76,38.5,9,ouvré,9.95
3217,2025-01-27 19:00:00,Bureau_Sud,19.59,4.73,38.6,10,ouvré,11.868
2726,2025-01-23 17:00:00,BUREAU NORD,21.2,3.29,45.2,9,ouvré,14.605
6683,2025-02-25 16:00:00,Atelier,21.34,7.84,37.1,1,ouvré,27.616
10305,2025-03-27 20:00:00,Accueil,21.94,8.12,43.8,7,ouvré,7.094
5897,2025-02-19 03:00:00,Bureau_Sud,21.17,0.34,,4,ouvré,11.19
2779,2025-01-24 03:00:00,Salle_Serveur,20.97,-0.2,60.6,0,ouvré,45.805
657,2025-01-06 11:00:00,Bureau_Sud,19.51,5.39,41.2,0,ouvré,17.83
1767,2025-01-15 17:00:00,Bureau_Sud,20.57,6.15,39.5,1,ouvré,14.442
10053,2025-03-25 18:00:00,Atelier,21.0,10.56,45.9,5,ouvré,15.921
4377,2025-02-06 11:00:00,bureau sud,20.26,5.53,42.1,9,ouvré,16.448
8090,2025-03-09 09:00:00,Accueil,,7.99,43.7,0,,6.524
2711,2025-01-23 14:00:00,bureau_nord,20.26,5.84,47.8,11,ouvré,
5675,2025-02-17 06:00:00,Accueil,20.25,-0.55,49.5,0,ouvré,11.777
4460,2025-02-07 03:00:00,Accueil,20.26,-1.77,39.6,8,ouvré,10.069
4624,2025-02-08 12:00:00,Salle Serveur,20.75,5.53,48.2,0,weekend,43.913
8401,2025-03-12 00:00:00,BUREAU NORD,20.44,3.37,43.0,1,ouvré,9.848
3717,2025-01-31 23:00:00,bureau sud,21.45,1.09,39.1,4,ouvré,9.855
9726,2025-03-23 01:00:00,BUREAU NORD,21.99,4.86,53.1,0,weekend,9.43
389,2025-01-04 05:00:00,Salle_Serveur,,-0.12,45.9,0,weekend,48.846
6839,2025-02-26 23:00:00,Salle Serveur,21.76,1.97,46.3,0,ouvré,47.315
6737,2025-02-26 03:00:00,bureau sud,21.16,-2.21,50.7,6,ouvré,11.608
1973,2025-01-17 10:00:00,Atelier,21.56,3.58,,2,ouvré,27.032
8827,2025-03-15 13:00:00,bureau sud,20.4,8.85,47.7,,weekend,7.32
4382,2025-02-06 12:00:00,Bureau_Sud,20.89,8.01,50.8,9,ouvré,17.966
7981,2025-03-08 12:00:00,Bureau_Nord,22.41,7.73,38.8,0,weekend,8.454
3210,2025-01-27 17:00:00,accueil ,19.27,5.88,52.5,11,ouvré,9.614
3971,2025-02-03 02:00:00,Bureau_Nord,21.51,-0.84,46.4,7,ouvré,10.827
960,2025-01-08 23:00:00,accueil ,19.69,-0.57,46.5,5,ouvré,9.884
8072,2025-03-09 06:00:00,bureau sud,22.25,3.22,39.2,0,weekend,9.565
302,2025-01-03 12:00:00,Bureau_Sud,22.05,4.62,38.1,2,ouvré,19.141
5419,2025-02-15 03:00:00,Salle_Serveur,21.3,-2.31,49.0,0,weekend,50.057
8768,2025-03-15 01:00:00,Atelier,20.06,3.56,43.2,0,weekend,15.232
6426,2025-02-23 13:00:00,Bureau_Nord,22.46,6.38,44.6,0,weekend,9.528
256,2025-01-03 03:00:00,Bureau_Nord,21.7,-0.96,43.3,8,ouvré,10.552
8536,2025-03-13 03:00:00,BUREAU NORD,21.16,2.11,41.6,6,ouvré,10.597
9747,2025-03-23 05:00:00,Bureau_Sud,20.74,4.12,,0,weekend,9.855
1429,2025-01-12 21:00:00,Salle_Serveur,20.79,2.69,42.3,0,weekend,47.273
9828,2025-03-23 21:00:00,atelier,21.25,5.9,44.9,0,weekend,13.828
7332,2025-03-03 02:00:00,bureau sud,-999,2.22,37.7,10,ouvré,863.315
7461,2025-03-04 04:00:00,BUREAU NORD,21.52,0.63,42.7,15,ouvré,10.517
1206,2025-01-11 01:00:00,bureau_nord,20.59,-0.49,52.0,0,weekend,12.735
7493,2025-03-04 10:00:00,atelier,20.83,7.24,39.8,6,ouvré,26.701
7866,2025-03-07 13:00:00,Bureau_Nord,21.36,8.51,45.5,5,ouvré,16.154
412,2025-01-04 10:00:00,bureau sud,21.13,2.55,39.2,0,weekend,9.622
4319,2025-02-05 23:00:00,Salle_Serveur,22.85,-1.37,311.4,0,ouvré,46.928
2371,2025-01-20 18:00:00,Bureau_Nord,21.28,5.51,46.1,6,ouvré,12.588
4231,2025-02-05 06:00:00,bureau_nord,,-1.2,,14,ouvré,12.848
7433,2025-03-03 22:00:00,atelier,21.02,4.6,43.5,13,ouvré,11.826
9777,2025-03-23 11:00:00,bureau sud,,9.91,52.0,0,weekend,6.451
6717,2025-02-25 23:00:00,bureau sud,21.8,1.42,43.9,11,ouvré,11.424
7226,2025-03-02 05:00:00,Bureau_Nord,20.71,3.03,,0,weekend,10.608
3459,2025-01-29 19:00:00,Salle Serveur,19.61,5.79,48.4,0,ouvré,44.147
1807,2025-01-16 01:00:00,bureau sud,23.08,-1.17,46.3,9,ouvré,11.358
6302,2025-02-22 12:00:00,Bureau_Sud,20.93,6.95,42.0,0,weekend,753.283
5264,2025-02-13 20:00:00,Salle_Serveur,21.46,3.17,42.0,0,ouvré,47.111
9558,2025-03-21 15:00:00,atelier,20.31,10.35,40.4,0,ouvré,28.603
4890,2025-02-10 17:00:00,accueil ,21.85,6.68,40.0,12,ouvré,10.886
2977,2025-01-25 19:00:00,Bureau_Sud,21.92,2.75,48.6,0,weekend,10.966
5600,2025-02-16 15:00:00,Accueil,20.1,8.66,62.1,0,weekend,6.36
5427,2025-02-15 05:00:00,Bureau_Sud,20.74,-0.87,51.0,0,weekend,12.14
772,2025-01-07 10:00:00,bureau sud,21.51,1.55,34.5,7,ouvré,18.733
4950,2025-02-11 05:00:00,Accueil,21.18,1.55,39.5,4,ouvré,11.56
250,2025-01-03 01:00:00,accueil ,19.95,-0.94,51.7,7,ouvré,9.882
8664,2025-03-14 04:00:00,Salle Serveur,20.99,3.03,43.7,0,ouvré,45.325
7213,2025-03-02 02:00:00,Atelier,20.6,2.21,41.2,0,weekend,14.381
683,2025-01-06 16:00:00,atelier,21.18,5.83,37.4,1,ouvré,26.823
7193,2025-03-01 22:00:00,Atelier,20.19,2.79,34.3,0,weekend,14.473
1388,2025-01-12 13:00:00,atelier,19.41,7.82,50.1,0,weekend,12.3
6996,2025-02-28 07:00:00,Bureau_Nord,21.61,2.63,40.1,8,ouvré,11.269
9547,2025-03-21 13:00:00,bureau sud,21.9,9.08,40.8,7,ouvré,17.05
6756,2025-02-26 07:00:00,bureau_nord,19.93,0.58,38.6,6,ouvré,12.469
7480,2025-03-04 07:00:00,accueil ,21.43,1.73,47.1,,ouvré,
170,2025-01-02 09:00:00,Accueil,20.79,0.3,50.6,11,ouvré,13.902
5863,2025-02-18 20:00:00,atelier,21.54,5.68,51.6,6,ouvré,13.891
10257,2025-03-27 11:00:00,bureau sud,20.16,9.43,42.0,5,ouvré,15.951
5571,2025-02-16 10:00:00,BUREAU NORD,21.91,5.18,43.0,0,weekend,7.973
6704,2025-02-25 20:00:00,Salle Serveur,20.49,5.76,44.5,0,ouvré,46.753
8359,2025-03-11 15:00:00,Salle_Serveur,21.5,9.44,46.9,0,ouvré,44.813
1493,2025-01-13 10:00:00,Atelier,20.9,3.88,41.3,9,ouvré,28.338
9585,2025-03-21 20:00:00,Accueil,20.54,7.07,50.0,7,ouvré,7.09
2935,2025-01-25 10:00:00,accueil ,21.1,3.72,50.3,0,weekend,9.063
4963,2025-02-11 08:00:00,Atelier,22.28,1.99,40.3,8,ouvré,22.687
10121,2025-03-26 08:00:00,BUREAU NORD,22.65,6.84,46.8,10,ouvré,10.958
8840,2025-03-15 15:00:00,accueil ,21.0,8.22,,0,weekend,6.337
8002,2025-03-08 16:00:00,Bureau_Sud,22.27,10.88,50.0,0,weekend,5.034
7639,2025-03-05 15:00:00,Salle_Serveur,20.58,10.11,51.9,0,ouvré,43.039
9736,2025-03-23 03:00:00,Bureau_Nord,20.97,3.72,43.3,0,weekend,11.882
5184,2025-02-13 04:00:00,Salle Serveur,21.37,-1.74,48.7,0,ouvré,47.588
5493,2025-02-15 18:00:00,Atelier,20.68,5.95,37.2,0,weekend,11.583
6172,2025-02-21 10:00:00,bureau sud,21.67,4.29,44.2,7,ouvré,16.172
8433,2025-03-12 06:00:00,atelier,-999,3.01,59.2,0,ouvré,15.033
5831,2025-02-18 14:00:00,Bureau_Nord,21.28,8.48,47.8,,ouvré,15.904
1340,2025-01-12 03:00:00,Accueil,20.82,-2.96,29.2,0,weekend,11.188
8083,2025-03-09 08:00:00,Atelier,20.57,2.42,51.3,0,weekend,14.371
9858,2025-03-24 03:00:00,atelier,21.57,1.2,47.5,4,ouvré,13.059
6518,2025-02-24 07:00:00,Atelier,20.0,-1.1,47.4,9,ouvré,18.964
7139,2025-03-01 11:00:00,Salle_Serveur,19.0,4.08,53.9,0,weekend,48.223
5250,2025-02-13 17:00:00,accueil ,20.74,4.93,55.6,10,ouvré,13.32
5213,2025-02-13 10:00:00,Atelier,22.44,3.82,42.3,9,ouvré,
2706,2025-01-23 13:00:00,Bureau_Nord,21.18,4.22,49.5,3,ouvré,16.166
5467,2025-02-15 13:00:00,Bureau_Sud,20.21,6.82,39.9,0,weekend,8.583
4224,2025-02-05 04:00:00,Salle Serveur,22.46,-1.72,48.4,0,ouvré,49.313
7244,2025-03-02 08:00:00,Salle_Serveur,20.05,4.9,38.2,0,weekend,44.666
2565,2025-01-22 08:00:00,Accueil,,2.16,42.1,8,ouvré,12.041
1678,2025-01-14 23:00:00,atelier,19.84,1.7,48.8,12,ouvré,15.163
664,2025-01-06 12:00:00,Salle Serveur,21.1,5.6,56.0,0,ouvré,45.341
6897,2025-02-27 11:00:00,Bureau_Sud,21.0,5.22,40.8,13,ouvré,18.261
4654,2025-02-08 18:00:00,Salle Serveur,20.27,5.77,41.2,0,weekend,45.489
4759,2025-02-09 15:00:00,Salle_Serveur,20.44,5.87,46.3,0,weekend,45.51
6597,2025-02-24 23:00:00,bureau sud,19.85,1.32,47.4,17,ouvré,9.853
2493,2025-01-21 18:00:00,atelier,19.94,4.52,45.7,5,ouvré,19.841
5531,2025-02-16 02:00:00,BUREAU NORD,19.95,0.46,39.4,0,weekend,10.284
10497,2025-03-29 11:00:00,Bureau_Sud,20.55,10.13,,0,weekend,7.366
768,2025-01-07 09:00:00,atelier,20.08,0.41,48.3,11,ouvré,26.49
672,2025-01-06 14:00:00,bureau sud,20.15,3.38,53.0,5,ouvré,20.209
6321,2025-02-22 16:00:00,BUREAU NORD,21.38,5.86,43.2,0,weekend,10.624
9614,2025-03-22 02:00:00,Salle_Serveur,20.27,1.94,51.1,0,,46.372
2198,2025-01-19 07:00:00,Atelier,21.39,-2.25,42.0,0,weekend,14.985
6761,2025-02-26 08:00:00,bureau_nord,21.12,3.18,48.2,12,ouvré,12.431
9658,2025-03-22 11:00:00,atelier,19.66,8.22,43.1,0,weekend,11.455
10538,2025-03-29 19:00:00,atelier,22.75,10.44,,0,weekend,9.883
2797,2025-01-24 07:00:00,bureau sud,20.13,-1.32,51.7,3,ouvré,13.472
848,2025-01-08 01:00:00,Atelier,20.1,-2.23,39.1,4,ouvré,15.805
6183,2025-02-21 12:00:00,atelier,21.34,6.83,44.7,0,ouvré,32.033
1672,2025-01-14 22:00:00,bureau sud,21.77,2.09,35.2,8,ouvré,10.683
4049,2025-02-03 17:00:00,Salle_Serveur,21.94,6.31,45.3,0,ouvré,43.999
3426,2025-01-29 13:00:00,BUREAU NORD,21.97,5.7,42.3,12,ouvré,17.422
5324,2025-02-14 08:00:00,Salle_Serveur,22.16,2.04,34.6,,ouvré,48.462
7221,2025-03-02 04:00:00,bureau_nord,20.92,0.5,63.3,0,weekend,9.912
2128,2025-01-18 17:00:00,atelier,20.69,5.33,57.5,0,weekend,12.139
4424,2025-02-06 20:00:00,Salle Serveur,22.12,3.39,45.6,0,ouvré,673.689
3720,2025-01-31 23:00:00,Accueil,21.68,1.09,52.4,5,ouvré,8.753
10797,2025-03-31 23:00:00,bureau sud,21.02,5.01,43.7,6,ouvré,9.433
1814,2025-01-16 02:00:00,Salle Serveur,20.46,0.14,47.4,0,ouvré,47.966
1091,2025-01-10 02:00:00,Bureau_Nord,20.48,-3.41,42.5,14,ouvré,13.147
9607,2025-03-22 01:00:00,bureau sud,22.01,3.46,56.7,0,weekend,7.544
3635,2025-01-31 06:00:00,Accueil,20.65,2.05,48.0,5,ouvré,10.022
1919,2025-01-16 23:00:00,Salle_Serveur,21.26,1.4,42.8,,ouvré,48.255
5851,2025-02-18 18:00:00,Bureau_Nord,22.36,6.05,38.3,17,ouvré,11.411
7523,2025-03-04 16:00:00,atelier,21.23,9.6,,12,ouvré,23.656
4091,2025-02-04 02:00:00,bureau_nord,20.94,-1.28,47.3,3,ouvré,10.509
8330,2025-03-11 09:00:00,accueil ,21.68,6.28,45.0,2,ouvré,10.189
8865,2025-03-15 20:00:00,Accueil,21.46,5.34,43.2,0,weekend,7.522
1079,2025-01-09 23:00:00,Salle Serveur,21.43,0.76,44.5,0,ouvré,48.995
2722,2025-01-23 16:00:00,Bureau_Sud,20.38,4.79,45.0,6,ouvré,16.039
5070,2025-02-12 05:00:00,Accueil,19.93,1.16,39.1,3,ouvré,10.849
8807,2025-03-15 09:00:00,bureau sud,19.56,5.88,32.7,0,weekend,8.731
3175,2025-01-27 10:00:00,accueil ,21.26,2.42,42.7,9,ouvré,13.86
322,2025-01-03 16:00:00,bureau sud,20.65,5.74,53.8,5,ouvré,
9810,2025-03-23 17:00:00,Accueil,21.36,10.65,37.1,0,weekend,4.53
6223,2025-02-21 20:00:00,atelier,20.34,5.22,,,ouvré,13.82
8946,2025-03-16 13:00:00,Bureau_Nord,23.1,9.55,60.7,0,weekend,8.058
10642,2025-03-30 16:00:00,Bureau_Sud,20.53,12.12,53.2,0,weekend,5.121
2808,2025-01-24 09:00:00,Atelier,,1.09,47.6,13,ouvré,25.738
8221,2025-03-10 12:00:00,Bureau_Nord,20.13,9.08,44.8,5,ouvré,15.035
4088,2025-02-04 01:00:00,atelier,21.37,0.03,47.9,2,ouvré,12.917
6559,2025-02-24 15:00:00,Salle Serveur,21.43,7.61,52.6,0,ouvré,45.791
8811,2025-03-15 10:00:00,BUREAU NORD,19.74,5.42,37.1,,weekend,8.491
10211,2025-03-27 02:00:00,Bureau_Nord,21.49,4.17,37.2,14,ouvré,7.64
5,2025-01-01 00:00:00,Accueil,21.06,-0.77,43.1,9,férié,10.842
8535,2025-03-13 02:00:00,Accueil,22.18,0.99,42.9,,ouvré,10.087
8333,2025-03-11 10:00:00,atelier,22.21,8.65,51.3,8,ouvré,25.675
7965,2025-03-08 08:00:00,accueil ,20.33,4.48,53.1,0,weekend,8.029
7078,2025-02-28 23:00:00,atelier,20.45,3.19,52.2,4,ouvré,13.13
1290,2025-01-11 17:00:00,accueil ,21.1,3.28,43.8,0,weekend,8.991
2315,2025-01-20 06:00:00,Accueil,20.65,-3.28,40.2,11,ouvré,12.213
1605,2025-01-14 08:00:00,accueil ,21.93,1.71,54.0,11,ouvré,11.148
7686,2025-03-06 01:00:00,BUREAU NORD,20.41,1.88,47.1,4,ouvré,10.785
8355,2025-03-11 14:00:00,accueil ,21.84,7.74,54.2,8,ouvré,11.51
6932,2025-02-27 18:00:00,bureau sud,22.12,6.52,44.9,11,ouvré,12.935
5967,2025-02-19 17:00:00,bureau sud,21.02,8.41,40.9,2,ouvré,14.221
9916,2025-03-24 15:00:00,BUREAU NORD,20.17,10.15,39.7,4,ouvré,12.896
5715,2025-02-17 14:00:00,accueil ,21.22,7.55,45.1,15,ouvré,12.442
5369,2025-02-14 17:00:00,Salle Serveur,21.59,6.42,51.1,,ouvré,46.299
5352,2025-02-14 14:00:00,bureau sud,21.46,6.6,51.1,,ouvré,17.8
8384,2025-03-11 20:00:00,Salle Serveur,21.81,6.38,40.5,0,ouvré,45.667
8989,2025-03-16 21:00:00,Salle Serveur,19.97,6.44,37.5,0,weekend,45.148
1816,2025-01-16 03:00:00,Bureau_Nord,21.43,-3.23,51.6,3,ouvré,11.363
4302,2025-02-05 20:00:00,bureau sud,22.01,6.24,43.0,,ouvré,10.058
3867,2025-02-02 05:00:00,Bureau_Sud,19.17,0.02,54.2,0,weekend,426.488
7698,2025-03-06 03:00:00,atelier,21.57,1.21,38.4,2,ouvré,15.3
585,2025-01-05 20:00:00,Accueil,19.7,1.98,50.9,0,weekend,9.881
8676,2025-03-14 07:00:00,BUREAU NORD,20.8,4.34,47.4,9,ouvré,
9092,2025-03-17 18:00:00,Bureau_Sud,21.44,9.84,45.5,7,ouvré,10.97
5426,2025-02-15 05:00:00,bureau_nord,20.82,-0.87,51.8,,weekend,10.895
10214,2025-03-27 02:00:00,Salle_Serveur,21.84,4.17,46.0,0,ouvré,46.726
10063,2025-03-25 20:00:00,Atelier,22.03,6.76,46.9,8,ouvré,13.769
8111,2025-03-09 14:00:00,bureau_nord,20.23,6.84,41.3,0,weekend,8.281
6726,2025-02-26 01:00:00,Bureau_Nord,21.83,1.72,46.3,8,ouvré,9.497
1620,2025-01-14 11:00:00,accueil ,22.17,3.19,43.8,8,ouvré,13.822
4130,2025-02-04 09:00:00,Accueil,21.28,2.75,38.1,19,ouvré,10.803
3605,2025-01-31 00:00:00,accueil ,22.11,-0.87,46.1,12,ouvré,8.971
4997,2025-02-11 15:00:00,bureau sud,21.55,7.49,,2,ouvré,16.327
9982,2025-03-25 04:00:00,bureau sud,20.11,3.93,46.0,11,ouvré,8.53
7951,2025-03-08 06:00:00,BUREAU NORD,21.64,3.5,40.2,0,weekend,10.534
50,2025-01-01 09:00:00,Accueil,22.11,1.87,45.5,6,férié,12.158
4566,2025-02-08 01:00:00,BUREAU NORD,22.05,2.43,42.5,0,weekend,7.63
30,2025-01-01 05:00:00,accueil ,20.04,-0.5,50.3,1,férié,11.849
7562,2025-03-05 00:00:00,Bureau_Sud,20.24,3.43,51.4,3,ouvré,8.115
717,2025-01-06 23:00:00,Bureau_Sud,20.78,2.79,42.0,12,ouvré,10.462
9350,2025-03-19 21:00:00,accueil ,21.12,6.01,53.9,,ouvré,6.947
8560,2025-03-13 07:00:00,accueil ,21.44,1.9,42.7,12,ouvré,9.952
4097,2025-02-04 03:00:00,Bureau_Sud,20.34,-1.6,49.2,7,ouvré,11.555
3122,2025-01-27 00:00:00,Bureau_Sud,20.7,-2.35,40.7,10,ouvré,11.683
9284,2025-03-19 08:00:00,Salle Serveur,22.85,4.87,51.6,0,ouvré,45.803
1141,2025-01-10 12:00:00,Bureau_Nord,20.9,5.17,54.4,12,ouvré,16.224
7978,2025-03-08 11:00:00,atelier,20.08,6.15,43.7,,weekend,10.49
3665,2025-01-31 12:00:00,accueil ,21.99,4.31,47.5,13,ouvré,13.377
2778,2025-01-24 03:00:00,Atelier,21.81,-0.2,42.3,6,ouvré,14.848
9303,2025-03-19 12:00:00,Atelier,19.81,8.7,52.4,8,ouvré,32.016
8376,2025-03-11 19:00:00,BUREAU NORD,20.0,6.3,43.8,,ouvré,9.273
3373,2025-01-29 02:00:00,atelier,20.83,-1.81,40.4,7,ouvré,14.516
1030,2025-01-09 13:00:00,Accueil,20.3,4.31,53.1,7,ouvré,14.015
5122,2025-02-12 16:00:00,bureau sud,22.26,3.99,40.2,10,ouvré,17.955
3528,2025-01-30 09:00:00,Atelier,21.68,2.9,48.2,8,ouvré,24.979
8806,2025-03-15 09:00:00,bureau_nord,21.87,5.88,41.8,0,weekend,8.424
4949,2025-02-11 05:00:00,Salle Serveur,20.24,1.55,33.2,0,ouvré,48.838
6803,2025-02-26 16:00:00,Atelier,19.66,6.2,45.7,6,ouvré,26.896
1789,2025-01-15 21:00:00,Salle Serveur,21.3,2.27,48.6,0,ouvré,45.331
8243,2025-03-10 16:00:00,atelier,19.67,10.29,38.7,8,ouvré,24.111
901,2025-01-08 12:00:00,bureau_nord,19.97,5.37,47.2,3,ouvré,18.022
9503,2025-03-21 04:00:00,atelier,-999,0.01,48.0,7,ouvré,15.271
3580,2025-01-30 19:00:00,Accueil,-999,2.01,39.7,9,ouvré,11.19
6707,2025-02-25 21:00:00,Bureau_Sud,21.09,1.9,47.2,,ouvré,11.371
5456,2025-02-15 11:00:00,Bureau_Nord,22.5,4.34,60.4,0,weekend,9.073
9877,2025-03-24 07:00:00,Bureau_Sud,22.34,3.34,317.4,6,ouvré,12.078
8371,2025-03-11 18:00:00,BUREAU NORD,21.39,9.5,44.9,4,ouvré,10.093
3482,2025-01-30 00:00:00,bureau sud,22.34,0.24,50.3,8,ouvré,11.692
8630,2025-03-13 21:00:00,accueil ,19.9,6.55,38.8,8,ouvré,
3256,2025-01-28 03:00:00,Bureau_Nord,21.45,-3.03,52.8,6,ouvré,12.265
9639,2025-03-22 07:00:00,Salle Serveur,20.3,2.57,38.2,0,weekend,46.557
8313,2025-03-11 06:00:00,atelier,19.99,1.18,37.4,,ouvré,17.148
836,2025-01-07 23:00:00,bureau_nord,20.68,0.15,46.5,3,ouvré,11.173
7251,2025-03-02 10:00:00,BUREAU NORD,22.2,4.95,47.5,0,weekend,9.909
10593,2025-03-30 06:00:00,Atelier,21.12,6.83,39.0,0,weekend,11.424
700,2025-01-06 19:00:00,accueil ,21.99,3.36,45.2,6,ouvré,7.603
9442,2025-03-20 16:00:00,bureau sud,21.11,10.68,43.9,7,ouvré,14.504
6930,2025-02-27 17:00:00,Accueil,20.67,9.08,32.8,14,ouvré,8.286
7305,2025-03-02 20:00:00,Accueil,21.53,6.38,38.6,0,weekend,7.198
2440,2025-01-21 07:00:00,Accueil,21.6,2.29,48.3,8,ouvré,11.198
10564,2025-03-30 00:00:00,Salle_Serveur,20.67,5.58,43.7,0,weekend,45.947
562,2025-01-05 16:00:00,bureau sud,21.73,5.51,48.3,0,weekend,7.94
2951,2025-01-25 14:00:00,Bureau_Nord,19.96,4.88,45.5,0,weekend,8.773
10470,2025-03-29 05:00:00,Accueil,21.87,4.06,50.0,0,weekend,497.554
8669,2025-03-14 05:00:00,Salle_Serveur,21.56,0.43,35.8,0,ouvré,46.741
7900,2025-03-07 19:00:00,accueil ,,8.69,49.6,5,ouvré,7.487
2595,2025-01-22 14:00:00,Accueil,20.15,6.47,40.3,1,ouvré,13.049
1945,2025-01-17 04:00:00,Accueil,20.56,-2.23,56.1,4,ouvré,10.891
1266,2025-01-11 13:00:00,BUREAU NORD,21.93,4.38,61.9,0,weekend,8.308
8284,2025-03-11 00:00:00,Salle Serveur,20.63,1.59,44.8,0,ouvré,46.855
1287,2025-01-11 17:00:00,bureau sud,21.48,3.28,51.5,0,weekend,11.406
1327,2025-01-12 01:00:00,bureau sud,21.07,-0.49,52.6,,weekend,10.994
2013,2025-01-17 18:00:00,atelier,22.16,4.84,30.9,14,ouvré,20.824
6702,2025-02-25 20:00:00,Bureau_Sud,21.69,5.76,47.9,11,ouvré,342.542
4046,2025-02-03 17:00:00,Bureau_Nord,20.51,6.31,53.9,,ouvré,12.708
10616,2025-03-30 11:00:00,bureau_nord,20.55,9.68,39.9,0,weekend,6.176
6437,2025-02-23 15:00:00,bureau sud,21.21,8.15,40.5,0,weekend,8.79
5339,2025-02-14 11:00:00,Salle_Serveur,20.83,4.2,41.9,0,ouvré,47.828
3680,2025-01-31 15:00:00,accueil ,21.38,4.02,47.1,21,ouvré,12.739
7825,2025-03-07 04:00:00,Accueil,22.75,-0.07,42.7,4,ouvré,10.734
6144,2025-02-21 04:00:00,Salle Serveur,20.93,-1.9,46.9,0,ouvré,47.846
2512,2025-01-21 22:00:00,Bureau_Sud,20.89,1.45,40.8,14,ouvré,9.604
1870,2025-01-16 13:00:00,accueil ,20.55,4.49,40.9,13,ouvré,14.318
4733,2025-02-09 10:00:00,Atelier,20.37,4.09,41.5,0,weekend,13.085
7427,2025-03-03 21:00:00,Bureau_Sud,21.96,5.65,,9,ouvré,9.281
8440,2025-03-12 07:00:00,accueil ,20.68,-0.09,,10,ouvré,11.384
7483,2025-03-04 08:00:00,atelier,20.97,4.65,,7,ouvré,20.309
5950,2025-02-19 13:00:00,Accueil,20.4,5.38,33.2,4,ouvré,14.09
5770,2025-02-18 01:00:00,Accueil,21.7,-1.37,50.6,7,ouvré,10.098
10631,2025-03-30 14:00:00,Bureau_Nord,21.21,11.21,41.1,0,weekend,7.734
8108,2025-03-09 13:00:00,atelier,22.21,7.64,46.2,0,weekend,12.246
1402,2025-01-12 16:00:00,bureau sud,21.8,7.21,46.7,0,weekend,8.135
6259,2025-02-22 03:00:00,Salle Serveur,22.13,-1.48,42.8,0,weekend,48.939
7106,2025-03-01 05:00:00,bureau_nord,21.15,0.29,60.3,0,weekend,9.997
5813,2025-02-18 10:00:00,atelier,21.28,2.88,47.5,7,ouvré,29.144
8592,2025-03-13 14:00:00,bureau sud,22.33,7.44,57.0,5,ouvré,18.889
4694,2025-02-09 02:00:00,Salle_Serveur,21.05,-1.78,46.9,0,weekend,48.114
510,2025-01-05 05:00:00,accueil ,21.9,-0.69,38.2,0,weekend,13.692
10632,2025-03-30 14:00:00,bureau sud,22.31,11.21,53.4,0,weekend,5.506
3594,2025-01-30 22:00:00,Salle Serveur,21.58,-0.97,44.4,0,ouvré,49.211
5134,2025-02-12 18:00:00,Salle_Serveur,21.95,4.79,,0,ouvré,45.012
6089,2025-02-20 17:00:00,Salle Serveur,-999,6.6,33.8,0,ouvré,45.526
474,2025-01-04 22:00:00,Salle_Serveur,20.56,1.2,34.5,0,weekend,45.901
6454,2025-02-23 18:00:00,Salle Serveur,22.6,8.04,204.4,0,weekend,-8.812
7524,2025-03-04 16:00:00,Salle Serveur,20.95,9.6,49.2,0,ouvré,43.895
4100,2025-02-04 03:00:00,Accueil,21.35,-1.6,39.7,17,ouvré,10.614
7887,2025-03-07 17:00:00,bureau sud,22.67,8.76,46.1,11,ouvré,13.185
4722,2025-02-09 08:00:00,bureau sud,20.25,0.23,35.3,0,weekend,12.233
10728,2025-03-31 09:00:00,atelier,20.73,3.65,50.1,4,ouvré,24.773
6350,2025-02-22 21:00:00,Accueil,21.92,1.98,49.0,0,weekend,9.809
1052,2025-01-09 18:00:00,bureau sud,21.06,5.36,50.6,9,ouvré,13.539
7706,2025-03-06 05:00:00,bureau_nord,19.65,1.26,39.4,8,ouvré,9.638
2161,2025-01-19 00:00:00,bureau_nord,21.07,-2.5,,0,weekend,11.575
6415,2025-02-23 10:00:00,Accueil,21.4,6.3,47.6,,weekend,7.892
8301,2025-03-11 04:00:00,BUREAU NORD,21.04,-0.08,55.0,12,ouvré,10.716
6511,2025-02-24 06:00:00,bureau_nord,22.16,1.02,40.9,8,ouvré,12.068
7823,2025-03-07 04:00:00,atelier,21.35,-0.07,35.6,8,ouvré,14.952
2750,2025-01-23 21:00:00,Accueil,22.36,1.86,38.2,,ouvré,9.778
9291,2025-03-19 10:00:00,bureau_nord,21.36,6.58,,10,ouvré,13.95
9724,2025-03-23 00:00:00,Salle_Serveur,19.78,4.36,54.0,0,weekend,44.922
9896,2025-03-24 11:00:00,BUREAU NORD,21.2,10.02,35.3,7,ouvré,14.759
5691,2025-02-17 10:00:00,Bureau_Nord,21.84,7.09,46.9,5,ouvré,12.801
7798,2025-03-06 23:00:00,Atelier,22.04,3.53,,6,ouvré,13.507
7777,2025-03-06 19:00:00,bureau sud,20.29,5.19,58.4,5,ouvré,10.439
7615,2025-03-05 10:00:00,Accueil,21.4,5.45,47.6,9,ouvré,11.253
4924,2025-02-11 00:00:00,Salle Serveur,20.16,-1.32,39.3,0,ouvré,51.276
6351,2025-02-22 22:00:00,BUREAU NORD,20.0,3.49,51.6,0,weekend,8.8
8565,2025-03-13 08:00:00,Accueil,20.88,5.22,44.3,8,ouvré,9.6
1370,2025-01-12 09:00:00,Accueil,20.35,1.97,47.6,0,weekend,727.297
9086,2025-03-17 17:00:00,bureau_nord,19.55,9.76,34.0,3,ouvré,11.464
9238,2025-03-18 23:00:00,atelier,22.13,2.26,38.6,11,ouvré,13.87
1303,2025-01-11 20:00:00,Atelier,19.54,2.32,53.9,0,weekend,13.477
8127,2025-03-09 17:00:00,bureau sud,21.28,7.24,51.8,0,weekend,6.852
3537,2025-01-30 11:00:00,Bureau_Sud,21.35,4.86,44.3,9,ouvré,16.927
10078,2025-03-25 23:00:00,Atelier,20.1,2.94,42.1,4,ouvré,11.952
8178,2025-03-10 03:00:00,atelier,21.52,1.43,38.1,4,ouvré,14.085
1301,2025-01-11 20:00:00,bureau_nord,20.74,2.32,54.6,0,weekend,9.707
7048,2025-02-28 17:00:00,atelier,20.92,8.73,35.6,4,ouvré,21.295
8896,2025-03-16 03:00:00,BUREAU NORD,22.22,0.05,48.9,0,weekend,11.09
10272,2025-03-27 14:00:00,Bureau_Sud,20.41,11.03,,7,ouvré,14.875
9603,2025-03-22 00:00:00,atelier,21.55,3.09,39.3,0,weekend,15.128
5239,2025-02-13 15:00:00,Salle_Serveur,22.13,6.13,49.2,0,ouvré,46.034
5061,2025-02-12 04:00:00,Bureau_Nord,19.8,-0.13,45.1,6,ouvré,9.972
9860,2025-03-24 03:00:00,Accueil,21.35,1.2,36.9,4,ouvré,8.933
9152,2025-03-18 06:00:00,Bureau_Sud,21.08,3.63,49.7,7,ouvré,10.822
1062,2025-01-09 20:00:00,bureau sud,20.31,3.47,40.9,10,ouvré,11.51
5480,2025-02-15 15:00:00,Accueil,21.01,8.65,41.9,,weekend,6.144
5051,2025-02-12 02:00:00,BUREAU NORD,20.84,-1.39,42.0,8,ouvré,11.785
8634,2025-03-13 22:00:00,Salle Serveur,20.48,5.83,44.1,0,ouvré,46.178
24,2025-01-01 04:00:00,Salle_Serveur,19.91,-2.25,50.8,0,férié,47.597
7815,2025-03-07 02:00:00,Accueil,19.81,2.12,48.1,12,ouvré,7.652
784,2025-01-07 12:00:00,Salle Serveur,21.31,5.32,50.2,0,ouvré,44.833
9327,2025-03-19 17:00:00,Bureau_Sud,23.14,9.01,54.6,,ouvré,11.81
1879,2025-01-16 15:00:00,Salle Serveur,19.95,7.68,165.5,0,ouvré,44.089
746,2025-01-07 05:00:00,Bureau_Nord,21.12,0.02,38.5,2,ouvré,9.421
3263,2025-01-28 04:00:00,Atelier,21.03,-1.94,52.9,11,ouvré,14.334
9484,2025-03-21 00:00:00,Salle_Serveur,22.22,5.83,,0,ouvré,46.173
7822,2025-03-07 04:00:00,Bureau_Sud,21.56,-0.07,56.6,14,ouvré,12.039
2960,2025-01-25 15:00:00,Accueil,21.83,3.2,35.0,0,weekend,8.915
127,2025-01-02 01:00:00,Bureau_Sud,20.2,1.94,42.0,5,ouvré,10.281
1122,2025-01-10 08:00:00,bureau sud,21.78,-0.6,47.9,3,ouvré,13.532
6595,2025-02-24 22:00:00,Accueil,20.88,2.37,38.1,11,ouvré,7.59
6439,2025-02-23 15:00:00,Salle_Serveur,21.39,8.15,44.2,0,weekend,45.001
7878,2025-03-07 15:00:00,Atelier,20.42,8.73,53.3,14,ouvré,28.967
500,2025-01-05 03:00:00,Accueil,19.92,-0.48,38.5,0,weekend,9.963
6838,2025-02-26 23:00:00,atelier,21.12,1.97,40.7,1,ouvré,13.033
9970,2025-03-25 01:00:00,Accueil,21.69,2.42,50.9,8,ouvré,8.595
4666,2025-02-08 21:00:00,Bureau_Nord,22.47,2.23,36.2,0,weekend,9.707
10522,2025-03-29 16:00:00,Bureau_Sud,22.85,9.58,53.8,0,weekend,7.848
7177,2025-03-01 19:00:00,Bureau_Sud,20.0,6.58,51.0,0,weekend,7.874
10508,2025-03-29 13:00:00,atelier,21.51,12.5,38.5,0,weekend,8.667
6860,2025-02-27 03:00:00,Accueil,19.86,0.55,42.8,12,ouvré,11.269
1669,2025-01-14 21:00:00,Salle Serveur,20.25,1.36,51.1,0,ouvré,46.629
2924,2025-01-25 08:00:00,Salle_Serveur,20.56,1.12,,0,weekend,48.585
9362,2025-03-20 00:00:00,bureau sud,20.0,4.0,49.6,5,ouvré,9.654
2339,2025-01-20 11:00:00,Salle Serveur,20.21,3.53,31.5,0,ouvré,46.685
1144,2025-01-10 12:00:00,Salle_Serveur,19.78,5.17,48.0,0,ouvré,45.14
9390,2025-03-20 05:00:00,Accueil,19.85,5.23,44.5,11,ouvré,9.171
623,2025-01-06 04:00:00,atelier,21.15,-0.41,46.8,0,ouvré,16.344
818,2025-01-07 19:00:00,Atelier,21.12,3.28,48.7,3,ouvré,18.923
8589,2025-03-13 13:00:00,Salle Serveur,20.03,9.64,275.3,0,ouvré,44.432
5879,2025-02-18 23:00:00,Salle_Serveur,21.29,1.19,47.3,0,ouvré,46.993
5584,2025-02-16 12:00:00,Salle Serveur,21.7,4.49,35.4,0,weekend,46.53
7960,2025-03-08 07:00:00,Accueil,21.83,3.26,40.9,0,weekend,8.97
6174,2025-02-21 10:00:00,Salle Serveur,20.02,4.29,35.4,0,ouvré,44.709
3026,2025-01-26 05:00:00,Bureau_Nord,,-1.67,53.4,0,weekend,12.252
6312,2025-02-22 14:00:00,bureau sud,21.43,8.82,42.7,0,weekend,7.895
4323,2025-02-06 00:00:00,Atelier,20.81,0.09,49.9,7,ouvré,13.321
697,2025-01-06 19:00:00,Bureau_Sud,20.89,3.36,46.9,5,ouvré,12.376
6552,2025-02-24 14:00:00,bureau sud,20.36,8.1,41.9,5,ouvré,19.383
282,2025-01-03 08:00:00,bureau sud,19.13,2.49,44.5,9,ouvré,14.144
3483,2025-01-30 00:00:00,atelier,22.14,0.24,45.7,10,ouvré,12.885
8847,2025-03-15 17:00:00,bureau sud,20.56,7.53,46.9,0,weekend,10.089
9701,2025-03-22 20:00:00,BUREAU NORD,21.28,5.73,47.7,,weekend,10.202
8773,2025-03-15 02:00:00,Atelier,22.61,0.58,40.7,,weekend,15.76
5204,2025-02-13 08:00:00,Salle Serveur,21.11,2.37,36.2,0,ouvré,47.261
6574,2025-02-24 18:00:00,Salle_Serveur,21.79,6.02,47.8,0,ouvré,45.166
3132,2025-01-27 02:00:00,Bureau_Sud,21.66,-1.27,53.8,10,ouvré,12.446
8266,2025-03-10 21:00:00,BUREAU NORD,20.57,5.22,49.9,6,ouvré,9.786
6022,2025-02-20 04:00:00,bureau sud,21.07,-0.74,47.7,7,ouvré,11.217
10513,2025-03-29 14:00:00,Atelier,20.7,12.94,56.8,0,weekend,9.938
10663,2025-03-30 20:00:00,Atelier,20.76,9.68,47.7,0,weekend,10.626
7150,2025-03-01 13:00:00,Accueil,19.25,7.33,,0,weekend,7.285
1955,2025-01-17 06:00:00,Accueil,20.47,0.89,45.3,4,ouvré,9.773
10119,2025-03-26 07:00:00,Salle Serveur,19.94,4.34,42.0,0,ouvré,46.048
6109,2025-02-20 21:00:00,Salle_Serveur,,4.31,54.5,0,ouvré,45.024
1825,2025-01-16 04:00:00,Accueil,20.78,-1.63,39.1,,ouvré,9.675
10521,2025-03-29 16:00:00,bureau_nord,22.07,9.58,,0,weekend,6.028
5140,2025-02-12 19:00:00,accueil ,22.02,7.05,35.7,,ouvré,7.607
676,2025-01-06 15:00:00,Bureau_Nord,20.28,4.73,37.8,7,ouvré,17.52
9841,2025-03-24 00:00:00,Bureau_Nord,20.48,3.74,40.3,8,ouvré,7.793
351,2025-01-03 22:00:00,Bureau_Nord,20.8,0.88,36.8,11,ouvré,806.064
9315,2025-03-19 14:00:00,Accueil,20.52,9.15,38.4,11,ouvré,10.98
9571,2025-03-21 18:00:00,bureau_nord,20.69,6.73,,2,ouvré,10.995
8718,2025-03-14 15:00:00,atelier,21.33,12.02,37.0,14,ouvré,27.263
59,2025-01-01 11:00:00,Salle Serveur,22.48,5.86,50.7,0,férié,882.399
10725,2025-03-31 08:00:00,Accueil,20.62,6.26,34.9,8,ouvré,8.177
1461,2025-01-13 04:00:00,BUREAU NORD,21.66,-5.14,51.1,0,ouvré,11.491
5935,2025-02-19 10:00:00,accueil ,20.71,5.53,37.7,3,ouvré,13.16
7261,2025-03-02 12:00:00,bureau_nord,20.54,8.51,51.5,0,weekend,7.164
9073,2025-03-17 14:00:00,Atelier,20.75,10.57,39.1,9,ouvré,29.734
536,2025-01-05 11:00:00,Bureau_Nord,19.97,3.07,51.8,0,weekend,9.725
1627,2025-01-14 13:00:00,Bureau_Sud,21.17,7.16,54.7,6,ouvré,19.388
5227,2025-02-13 13:00:00,bureau sud,20.83,6.2,59.9,0,ouvré,20.798
10273,2025-03-27 14:00:00,atelier,20.78,11.03,40.5,10,ouvré,31.076
3530,2025-01-30 09:00:00,accueil ,20.18,2.9,55.6,,ouvré,11.245
5191,2025-02-13 06:00:00,Bureau_Nord,19.99,1.7,52.4,9,ouvré,10.573
5144,2025-02-12 20:00:00,Salle Serveur,20.24,4.3,55.8,0,ouvré,45.331
3191,2025-01-27 14:00:00,BUREAU NORD,20.62,6.98,48.9,12,ouvré,15.61
487,2025-01-05 01:00:00,Bureau_Sud,,0.44,39.4,0,weekend,11.506
5537,2025-02-16 03:00:00,bureau sud,22.12,-2.61,44.6,0,,12.305
7070,2025-02-28 21:00:00,Accueil,21.47,3.15,35.3,12,ouvré,7.419
10220,2025-03-27 03:00:00,Accueil,20.05,3.54,44.6,14,ouvré,8.39
7812,2025-03-07 02:00:00,Bureau_Sud,21.26,2.12,48.5,11,ouvré,12.124
9310,2025-03-19 13:00:00,accueil ,21.23,10.85,38.4,9,ouvré,11.052
9222,2025-03-18 20:00:00,Bureau_Sud,22.5,4.73,44.1,0,ouvré,10.665
1995,2025-01-17 14:00:00,accueil ,22.21,5.85,31.2,12,ouvré,13.797
3742,2025-02-01 04:00:00,bureau sud,20.41,-0.19,41.2,0,weekend,10.852
2929,2025-01-25 09:00:00,Salle_Serveur,21.39,5.47,42.5,0,weekend,46.039
1763,2025-01-15 16:00:00,atelier,20.6,4.94,34.8,7,ouvré,27.438
4685,2025-02-09 00:00:00,accueil ,20.6,0.05,47.7,0,weekend,10.34
1805,2025-01-16 00:00:00,Accueil,21.58,-0.2,40.3,5,ouvré,11.47
3254,2025-01-28 02:00:00,Salle_Serveur,19.87,0.11,37.9,0,ouvré,47.293
5689,2025-02-17 09:00:00,Salle_Serveur,20.44,3.38,45.8,,ouvré,47.135
3393,2025-01-29 06:00:00,atelier,20.73,0.03,51.1,7,ouvré,17.044
5203,2025-02-13 08:00:00,atelier,21.1,2.37,47.0,8,ouvré,21.162
8863,2025-03-15 20:00:00,Atelier,20.99,5.34,35.7,0,weekend,13.479
8481,2025-03-12 16:00:00,BUREAU NORD,20.67,5.38,44.8,8,ouvré,15.073
564,2025-01-05 16:00:00,Salle Serveur,21.92,5.51,51.4,0,weekend,45.459
8321,2025-03-11 08:00:00,Bureau_Nord,21.15,2.68,46.6,2,ouvré,11.292
4541,2025-02-07 20:00:00,bureau_nord,20.05,3.73,45.8,9,ouvré,9.361
8071,2025-03-09 06:00:00,bureau_nord,19.65,3.22,54.9,0,weekend,8.653
593,2025-01-05 22:00:00,Atelier,22.91,0.48,46.5,0,weekend,13.712
2479,2025-01-21 15:00:00,Salle Serveur,19.99,5.26,49.0,0,ouvré,45.186
4120,2025-02-04 07:00:00,accueil ,19.73,0.67,46.1,8,ouvré,12.018
2518,2025-01-21 23:00:00,atelier,21.55,2.02,,3,ouvré,13.601
3640,2025-01-31 07:00:00,accueil ,20.7,-0.17,41.3,10,ouvré,10.48
4311,2025-02-05 22:00:00,bureau_nord,21.19,1.74,44.7,13,ouvré,9.732
10769,2025-03-31 17:00:00,Salle_Serveur,20.89,13.27,41.5,0,ouvré,41.91
7399,2025-03-03 15:00:00,Salle Serveur,20.93,7.82,42.9,0,ouvré,43.98
3202,2025-01-27 16:00:00,Bureau_Sud,20.24,5.01,47.8,3,ouvré,
8645,2025-03-14 00:00:00,Accueil,21.91,3.91,49.7,1,ouvré,8.972
1747,2025-01-15 13:00:00,Bureau_Sud,20.31,3.26,47.7,6,ouvré,700.658
8795,2025-03-15 06:00:00,Accueil,20.95,1.3,48.3,0,weekend,9.662
6421,2025-02-23 12:00:00,bureau_nord,20.83,4.57,39.4,0,weekend,9.561
2796,2025-01-24 07:00:00,Bureau_Nord,21.94,-1.32,45.9,4,ouvré,14.128
2836,2025-01-24 15:00:00,Bureau_Nord,20.87,5.14,36.5,,ouvré,
8369,2025-03-11 17:00:00,Salle Serveur,21.3,10.9,28.0,0,ouvré,42.751
9233,2025-03-18 22:00:00,Atelier,,7.39,45.9,14,ouvré,12.356
5386,2025-02-14 21:00:00,BUREAU NORD,19.66,2.45,47.9,0,ouvré,9.147
9200,2025-03-18 15:00:00,accueil ,21.63,13.1,49.6,9,ouvré,8.566
7298,2025-03-02 19:00:00,Atelier,20.57,8.24,51.4,,weekend,12.55
3749,2025-02-01 05:00:00,Salle_Serveur,21.69,-1.94,51.4,0,weekend,49.823
1334,2025-01-12 02:00:00,Salle_Serveur,20.85,-2.55,31.3,0,weekend,48.779
10456,2025-03-29 03:00:00,BUREAU NORD,21.03,1.25,42.3,0,weekend,10.124
6815,2025-02-26 18:00:00,accueil ,19.46,7.78,35.7,7,ouvré,6.954
516,2025-01-05 07:00:00,BUREAU NORD,22.12,-0.72,43.8,0,weekend,12.112
7757,2025-03-06 15:00:00,bureau sud,-999,10.79,36.6,8,ouvré,15.752
7460,2025-03-04 03:00:00,Accueil,20.44,-0.41,52.7,9,ouvré,10.003
1452,2025-01-13 02:00:00,bureau sud,20.32,-4.04,49.9,8,ouvré,10.83
3852,2025-02-02 02:00:00,bureau sud,20.73,-1.4,48.6,0,weekend,11.357
499,2025-01-05 03:00:00,Salle_Serveur,21.45,-0.48,52.8,0,weekend,47.865
3586,2025-01-30 21:00:00,Bureau_Nord,20.66,0.94,30.9,11,ouvré,10.487
3133,2025-01-27 02:00:00,atelier,21.27,-1.27,49.7,4,ouvré,16.008
4340,2025-02-06 03:00:00,Accueil,21.77,-0.24,47.4,8,ouvré,8.422
3899,2025-02-02 11:00:00,Salle Serveur,21.75,4.99,33.7,0,weekend,45.183
5759,2025-02-17 23:00:00,Salle Serveur,21.0,3.23,52.9,0,ouvré,46.348
5019,2025-02-11 19:00:00,Salle_Serveur,21.03,5.13,50.8,0,ouvré,46.25
8850,2025-03-15 17:00:00,Accueil,21.29,7.53,48.6,0,weekend,6.841
5507,2025-02-15 21:00:00,bureau sud,20.31,5.68,54.8,0,weekend,8.655
8443,2025-03-12 08:00:00,Atelier,20.9,3.6,48.2,5,ouvré,21.598
9514,2025-03-21 06:00:00,Salle Serveur,19.92,4.19,54.0,0,ouvré,46.058
3885,2025-02-02 08:00:00,Accueil,21.16,1.72,51.2,0,weekend,10.017
9935,2025-03-24 18:00:00,accueil ,21.85,9.27,55.0,17,ouvré,7.604
1103,2025-01-10 04:00:00,atelier,22.23,0.91,42.6,10,ouvré,15.354
4934,2025-02-11 02:00:00,Salle_Serveur,21.54,-0.1,,0,ouvré,47.804
9286,2025-03-19 09:00:00,bureau_nord,22.22,6.55,44.1,,ouvré,13.066
5867,2025-02-18 21:00:00,bureau sud,20.31,3.61,40.2,5,ouvré,9.432
8143,2025-03-09 20:00:00,atelier,20.65,7.47,44.5,0,weekend,11.708
2075,2025-01-18 06:00:00,accueil ,22.08,-2.35,50.9,0,weekend,11.262
7582,2025-03-05 04:00:00,Bureau_Sud,21.63,-0.68,53.9,9,ouvré,12.241
1358,2025-01-12 07:00:00,Atelier,19.74,1.17,51.9,0,weekend,15.082
3548,2025-01-30 13:00:00,Atelier,19.91,8.75,43.1,,ouvré,31.612
1250,2025-01-11 09:00:00,accueil ,20.94,0.61,55.3,0,weekend,8.984
6463,2025-02-23 20:00:00,atelier,20.26,3.15,44.0,0,weekend,13.092
8617,2025-03-13 19:00:00,bureau sud,20.41,6.72,40.4,15,ouvré,11.914
4741,2025-02-09 12:00:00,bureau_nord,22.56,6.55,51.3,0,weekend,8.156
9288,2025-03-19 09:00:00,Atelier,22.15,6.55,51.6,11,ouvré,23.031
8793,2025-03-15 06:00:00,atelier,21.28,1.3,45.0,0,weekend,15.803
3519,2025-01-30 07:00:00,Salle_Serveur,20.57,-0.89,53.7,0,ouvré,48.349
6189,2025-02-21 13:00:00,Salle_Serveur,21.75,6.77,45.3,0,ouvré,44.411
3327,2025-01-28 17:00:00,Bureau_Sud,20.88,4.1,37.6,0,ouvré,13.453
8491,2025-03-12 18:00:00,Bureau_Nord,20.92,8.1,52.1,15,ouvré,10.09
5924,2025-02-19 08:00:00,Salle_Serveur,20.69,2.12,50.4,,ouvré,47.342
8116,2025-03-09 15:00:00,bureau_nord,19.65,8.47,47.6,0,weekend,7.103
2749,2025-01-23 21:00:00,Salle_Serveur,-999,1.86,38.8,0,ouvré,47.433
5647,2025-02-17 01:00:00,Bureau_Sud,20.31,0.59,47.4,6,ouvré,10.527
7873,2025-03-07 14:00:00,Atelier,20.72,10.9,51.9,0,ouvré,31.594
10215,2025-03-27 02:00:00,Accueil,22.13,4.17,,6,ouvré,311.635
446,2025-01-04 17:00:00,bureau_nord,20.86,6.65,38.0,0,weekend,6.932
2494,2025-01-21 18:00:00,Salle Serveur,21.0,4.52,37.7,0,ouvré,406.104
8661,2025-03-14 04:00:00,BUREAU NORD,21.33,3.03,40.7,4,ouvré,8.502
10202,2025-03-27 00:00:00,Bureau_Sud,20.99,4.44,40.1,6,ouvré,9.415
10129,2025-03-26 09:00:00,Salle_Serveur,21.23,7.67,,0,ouvré,45.688
1377,2025-01-12 11:00:00,bureau sud,-999,1.24,42.8,0,weekend,10.641
8600,2025-03-13 15:00:00,accueil ,20.92,9.12,40.2,9,ouvré,11.115
8696,2025-03-14 11:00:00,BUREAU NORD,21.97,6.03,50.3,13,ouvré,16.15
3607,2025-01-31 01:00:00,bureau sud,21.98,-0.7,40.4,14,ouvré,11.7
4766,2025-02-09 17:00:00,bureau_nord,20.11,4.37,47.5,0,weekend,9.197
2561,2025-01-22 08:00:00,BUREAU NORD,20.47,2.16,47.2,,ouvré,13.848
7178,2025-03-01 19:00:00,atelier,20.39,6.58,42.9,0,weekend,11.711
10276,2025-03-27 15:00:00,bureau_nord,22.29,12.74,40.7,5,ouvré,11.833
1135,2025-01-10 10:00:00,Accueil,20.16,3.48,41.5,8,ouvré,11.265
3685,2025-01-31 16:00:00,Accueil,20.37,7.43,48.1,,ouvré,9.992
5314,2025-02-14 06:00:00,Salle Serveur,20.39,-0.54,38.6,0,ouvré,46.573
9009,2025-03-17 01:00:00,Salle Serveur,21.21,2.88,52.8,0,ouvré,46.138
7538,2025-03-04 19:00:00,atelier,20.39,7.01,49.7,3,ouvré,
3546,2025-01-30 13:00:00,BUREAU NORD,21.78,8.75,38.5,10,ouvré,
6269,2025-02-22 05:00:00,Salle_Serveur,20.04,2.23,55.9,0,weekend,47.311
3469,2025-01-29 21:00:00,Salle Serveur,22.71,3.99,51.3,0,ouvré,45.758
8805,2025-03-15 08:00:00,Accueil,21.24,5.56,41.1,0,weekend,452.878
9783,2025-03-23 12:00:00,Atelier,21.68,8.33,43.2,0,weekend,10.065
1057,2025-01-09 19:00:00,bureau sud,20.03,2.43,50.8,4,ouvré,11.244
8382,2025-03-11 20:00:00,Bureau_Sud,21.83,6.38,52.9,10,ouvré,10.269
3105,2025-01-26 20:00:00,Accueil,20.0,3.5,51.2,0,weekend,9.109
10233,2025-03-27 06:00:00,Atelier,22.04,6.45,,0,ouvré,13.409
8006,2025-03-08 17:00:00,Bureau_Nord,20.88,8.82,49.5,0,weekend,6.736
10252,2025-03-27 10:00:00,bureau sud,,8.66,47.6,4,ouvré,15.786
4547,2025-02-07 21:00:00,bureau sud,21.67,-0.49,47.3,7,ouvré,10.961
4869,2025-02-10 13:00:00,Salle Serveur,19.81,5.93,41.7,0,ouvré,46.329
7955,2025-03-08 06:00:00,accueil ,20.06,3.5,47.7,0,weekend,10.018
9799,2025-03-23 15:00:00,Salle Serveur,22.26,10.54,46.4,0,weekend,42.658
10041,2025-03-25 16:00:00,bureau_nord,20.79,11.33,42.6,7,ouvré,10.995
6713,2025-02-25 22:00:00,atelier,20.56,2.72,,6,ouvré,886.581
5155,2025-02-12 22:00:00,accueil ,19.46,2.77,48.6,10,ouvré,9.287
4817,2025-02-10 03:00:00,Bureau_Sud,19.92,-0.71,45.4,8,ouvré,12.243
3034,2025-01-26 06:00:00,Salle_Serveur,21.19,0.23,34.7,0,weekend,49.692
6061,2025-02-20 12:00:00,BUREAU NORD,22.63,4.64,40.5,11,ouvré,17.716
9008,2025-03-17 01:00:00,Atelier,21.17,2.88,51.0,8,ouvré,11.568
5551,2025-02-16 06:00:00,Bureau_Nord,20.51,0.71,40.5,0,weekend,12.719
3358,2025-01-28 23:00:00,atelier,20.79,-2.31,55.4,,ouvré,16.09
7517,2025-03-04 15:00:00,Bureau_Sud,20.98,9.7,38.5,2,ouvré,16.531
10606,2025-03-30 09:00:00,Bureau_Nord,21.12,6.19,34.5,0,weekend,-35.759
2568,2025-01-22 09:00:00,Atelier,21.15,2.34,35.4,8,ouvré,24.794
10432,2025-03-28 22:00:00,Bureau_Sud,20.85,5.94,43.8,6,ouvré,8.204
5020,2025-02-11 19:00:00,Accueil,21.59,5.13,45.1,6,ouvré,8.536
1692,2025-01-15 02:00:00,bureau sud,20.12,-3.19,35.6,8,ouvré,10.63
8926,2025-03-16 09:00:00,bureau_nord,21.97,6.72,44.5,0,weekend,8.753
5300,2025-02-14 03:00:00,accueil ,21.27,-2.54,53.6,,ouvré,12.436
266,2025-01-03 05:00:00,Bureau_Nord,20.7,0.1,54.9,6,ouvré,13.208
5246,2025-02-13 17:00:00,Bureau_Nord,20.53,4.93,,7,ouvré,13.458
4845,2025-02-10 08:00:00,Accueil,20.55,2.59,47.0,5,ouvré,10.702
8853,2025-03-15 18:00:00,atelier,22.31,10.2,47.7,,weekend,10.948
10402,2025-03-28 16:00:00,bureau sud,21.44,11.57,39.0,10,ouvré,13.496
3517,2025-01-30 07:00:00,Bureau_Sud,23.11,-0.89,,1,ouvré,14.097
7928,2025-03-08 01:00:00,atelier,20.29,2.3,44.8,0,weekend,14.797
4303,2025-02-05 20:00:00,atelier,22.34,6.24,42.6,7,ouvré,13.346
2979,2025-01-25 19:00:00,Salle_Serveur,22.94,2.75,55.9,0,weekend,45.496
157,2025-01-02 07:00:00,bureau sud,20.99,1.71,45.4,,ouvré,11.239
7868,2025-03-07 13:00:00,atelier,19.57,8.51,46.6,2,ouvré,33.338
6947,2025-02-27 21:00:00,Bureau_Sud,20.21,5.39,38.1,6,ouvré,8.757
9167,2025-03-18 09:00:00,bureau sud,21.59,5.75,54.3,14,ouvré,14.043
4513,2025-02-07 14:00:00,Atelier,20.51,5.78,38.8,6,ouvré,32.707
10383,2025-03-28 12:00:00,Atelier,20.72,10.66,39.3,7,ouvré,30.551
10706,2025-03-31 05:00:00,BUREAU NORD,21.45,3.52,50.4,14,ouvré,9.576
2698,2025-01-23 11:00:00,Atelier,20.62,3.64,40.9,9,ouvré,31.367
5290,2025-02-14 01:00:00,Accueil,21.23,-0.01,55.1,2,ouvré,9.426
2802,2025-01-24 08:00:00,bureau sud,21.63,-1.0,39.1,9,ouvré,14.863
1575,2025-01-14 02:00:00,accueil ,19.72,-0.85,43.6,9,ouvré,10.683
1490,2025-01-13 09:00:00,Accueil,21.36,1.81,46.9,10,ouvré,11.911
5234,2025-02-13 14:00:00,Salle Serveur,20.32,4.15,59.0,0,ouvré,46.785
1868,2025-01-16 13:00:00,atelier,20.67,4.49,49.6,12,ouvré,34.056
5547,2025-02-16 05:00:00,bureau sud,19.98,-0.91,45.9,0,weekend,12.834
7864,2025-03-07 12:00:00,Salle Serveur,21.38,8.32,44.9,0,ouvré,43.103
790,2025-01-07 13:00:00,accueil ,20.5,5.17,57.0,15,ouvré,13.383
1330,2025-01-12 01:00:00,Accueil,20.57,-0.49,40.6,0,weekend,12.326
9423,2025-03-20 12:00:00,Atelier,21.87,9.31,46.3,11,ouvré,31.157
9417,2025-03-20 11:00:00,bureau sud,21.46,7.81,52.0,4,ouvré,13.701
7916,2025-03-07 23:00:00,Bureau_Nord,20.19,2.58,47.6,0,,
318,2025-01-03 15:00:00,atelier,20.46,5.2,41.8,6,ouvré,29.13
6545,2025-02-24 12:00:00,Accueil,19.61,7.95,45.6,11,ouvré,11.818
4834,2025-02-10 06:00:00,Salle Serveur,21.41,2.85,55.5,,ouvré,48.06
3576,2025-01-30 19:00:00,BUREAU NORD,22.02,2.01,42.5,7,ouvré,11.622
1566,2025-01-14 01:00:00,bureau_nord,20.37,-0.86,50.2,7,ouvré,11.124
3379,2025-01-29 03:00:00,Salle_Serveur,,-1.4,39.8,0,ouvré,49.121
3656,2025-01-31 11:00:00,BUREAU NORD,21.75,3.44,58.8,4,ouvré,15.789
3173,2025-01-27 10:00:00,atelier,20.05,2.42,42.1,5,ouvré,27.378
10205,2025-03-27 00:00:00,accueil ,20.83,4.44,46.8,4,ouvré,
9544,2025-03-21 12:00:00,Salle Serveur,21.61,7.59,36.1,0,ouvré,46.344
5870,2025-02-18 21:00:00,Accueil,20.82,3.61,37.2,7,ouvré,8.039
3259,2025-01-28 03:00:00,Salle_Serveur,,-3.03,55.0,0,ouvré,48.944
6699,2025-02-25 19:00:00,Salle_Serveur,21.25,4.23,42.6,0,ouvré,45.611
3891,2025-02-02 10:00:00,BUREAU NORD,22.73,3.22,52.6,0,weekend,10.04
5852,2025-02-18 18:00:00,Bureau_Sud,20.62,6.05,58.0,13,ouvré,13.381
5052,2025-02-12 02:00:00,bureau sud,21.76,-1.39,45.9,9,ouvré,12.679
10415,2025-03-28 18:00:00,Accueil,20.88,9.89,46.1,12,ouvré,
3851,2025-02-02 02:00:00,Bureau_Nord,20.49,-1.4,,0,weekend,11.363
2783,2025-01-24 04:00:00,Atelier,21.34,-3.02,46.2,,ouvré,16.385
2102,2025-01-18 12:00:00,bureau sud,21.17,5.98,39.7,0,weekend,7.813
2637,2025-01-22 23:00:00,Bureau_Sud,,-0.34,65.7,9,ouvré,12.406
10557,2025-03-29 23:00:00,Bureau_Sud,20.14,4.26,47.7,0,weekend,9.83
8056,2025-03-09 03:00:00,Bureau_Nord,21.64,2.61,,0,weekend,11.226
3976,2025-02-03 03:00:00,Bureau_Nord,21.28,-1.93,50.5,,ouvré,12.145
2966,2025-01-25 17:00:00,BUREAU NORD,,5.23,,0,weekend,7.394
9538,2025-03-21 11:00:00,atelier,18.12,7.82,37.5,6,ouvré,29.597
7550,2025-03-04 21:00:00,Accueil,20.3,6.47,45.3,18,ouvré,7.492
6250,2025-02-22 01:00:00,accueil ,20.89,2.74,43.8,0,weekend,7.695
5586,2025-02-16 13:00:00,Bureau_Nord,20.57,6.41,33.9,0,weekend,7.824
9682,2025-03-22 16:00:00,Bureau_Sud,21.09,12.97,38.8,0,weekend,5.79
6872,2025-02-27 06:00:00,Bureau_Sud,20.26,2.61,49.7,8,ouvré,13.49
3136,2025-01-27 03:00:00,bureau_nord,22.79,-1.49,50.1,12,ouvré,10.421
3394,2025-01-29 06:00:00,Salle Serveur,21.48,0.03,53.6,0,ouvré,48.348
504,2025-01-05 04:00:00,Salle Serveur,20.67,-0.86,45.2,0,weekend,49.981
5170,2025-02-13 01:00:00,accueil ,19.67,-0.13,44.9,0,ouvré,10.45
1682,2025-01-15 00:00:00,bureau sud,20.39,1.1,44.6,1,ouvré,9.526
9071,2025-03-17 14:00:00,Bureau_Nord,21.59,10.57,32.1,10,ouvré,15.281
3516,2025-01-30 07:00:00,BUREAU NORD,21.71,-0.89,47.7,5,ouvré,13.566
7531,2025-03-04 18:00:00,Bureau_Nord,20.91,7.33,,2,ouvré,10.036
7657,2025-03-05 19:00:00,Bureau_Sud,19.55,7.69,33.5,12,ouvré,10.936
9872,2025-03-24 06:00:00,Bureau_Sud,20.03,2.81,41.6,8,ouvré,13.367
8651,2025-03-14 02:00:00,bureau_nord,21.26,-1.86,37.2,8,ouvré,10.873
515,2025-01-05 06:00:00,Accueil,21.52,-0.9,38.3,0,weekend,10.032
5959,2025-02-19 15:00:00,Salle_Serveur,18.53,8.48,46.3,0,ouvré,44.051
9548,2025-03-21 13:00:00,atelier,20.57,9.08,,4,ouvré,30.73
4856,2025-02-10 11:00:00,BUREAU NORD,20.82,5.54,43.2,5,ouvré,16.893
4763,2025-02-09 16:00:00,atelier,21.16,4.84,47.8,0,weekend,12.662
7782,2025-03-06 20:00:00,bureau sud,20.79,4.41,43.6,8,ouvré,10.644
7594,2025-03-05 06:00:00,Salle Serveur,22.2,1.89,49.2,0,ouvré,46.966
6698,2025-02-25 19:00:00,atelier,20.89,4.23,56.5,10,ouvré,18.261
2090,2025-01-18 09:00:00,Accueil,21.01,1.38,51.7,0,weekend,9.26
9496,2025-03-21 03:00:00,bureau_nord,20.37,1.65,41.3,11,ouvré,8.95
531,2025-01-05 10:00:00,BUREAU NORD,21.01,3.11,48.9,0,weekend,9.543
4385,2025-02-06 12:00:00,Accueil,20.89,8.01,38.1,5,ouvré,12.566
8728,2025-03-14 17:00:00,Atelier,21.67,9.07,42.3,5,ouvré,23.894
2037,2025-01-17 23:00:00,Bureau_Sud,20.17,2.1,31.2,7,ouvré,9.101
2502,2025-01-21 20:00:00,Bureau_Sud,22.02,3.74,49.9,0,ouvré,10.6
7373,2025-03-03 10:00:00,atelier,21.57,7.32,43.1,10,ouvré,26.051
252,2025-01-03 02:00:00,bureau sud,19.85,-1.2,48.8,5,ouvré,11.115
9893,2025-03-24 10:00:00,Atelier,19.09,8.15,48.4,12,ouvré,25.343
928,2025-01-08 17:00:00,Atelier,20.44,6.73,41.1,5,ouvré,22.235
3973,2025-02-03 02:00:00,Atelier,20.22,-0.84,47.4,11,ouvré,16.018
6325,2025-02-22 16:00:00,Accueil,21.26,5.86,39.9,0,weekend,8.769
3561,2025-01-30 16:00:00,BUREAU NORD,21.15,4.98,35.7,3,ouvré,15.859
3809,2025-02-01 17:00:00,Salle Serveur,20.77,4.84,39.4,0,weekend,45.365
9419,2025-03-20 11:00:00,Salle Serveur,19.65,7.81,36.3,0,ouvré,45.745
3898,2025-02-02 11:00:00,atelier,19.28,4.99,39.4,0,weekend,12.374
8514,2025-03-12 22:00:00,Salle_Serveur,19.36,5.6,36.5,0,ouvré,45.444
4222,2025-02-05 04:00:00,Bureau_Sud,21.07,-1.72,44.5,14,ouvré,12.912
9825,2025-03-23 20:00:00,Accueil,19.68,8.55,43.8,0,weekend,5.98
8894,2025-03-16 02:00:00,Salle Serveur,20.62,2.13,,0,weekend,44.86
5983,2025-02-19 20:00:00,Atelier,20.6,4.39,45.8,,ouvré,13.973
427,2025-01-04 13:00:00,bureau sud,,4.29,45.7,0,weekend,9.529
7963,2025-03-08 08:00:00,Atelier,20.46,4.48,53.6,0,weekend,12.898
6092,2025-02-20 18:00:00,bureau sud,21.67,5.3,39.6,10,ouvré,13.846
1773,2025-01-15 18:00:00,Atelier,21.64,2.99,43.9,5,ouvré,21.369
6127,2025-02-21 01:00:00,bureau sud,21.69,-1.55,46.5,5,ouvré,12.808
916,2025-01-08 15:00:00,Bureau_Nord,21.53,7.01,56.9,9,ouvré,15.1
2376,2025-01-20 19:00:00,BUREAU NORD,20.84,4.11,38.6,4,ouvré,10.117
7936,2025-03-08 03:00:00,BUREAU NORD,22.56,2.47,37.8,0,weekend,10.194
5828,2025-02-18 13:00:00,atelier,20.88,7.13,49.2,13,ouvré,32.707
9727,2025-03-23 01:00:00,bureau sud,20.67,4.86,44.1,0,weekend,10.574
2679,2025-01-23 07:00:00,Salle_Serveur,20.29,0.5,45.0,0,ouvré,46.535
10378,2025-03-28 11:00:00,atelier,20.97,9.76,54.5,4,ouvré,29.736
599,2025-01-05 23:00:00,Salle_Serveur,20.8,-2.17,46.2,0,weekend,48.573
4657,2025-02-08 19:00:00,Bureau_Sud,19.49,2.9,51.8,0,weekend,10.067
155,2025-01-02 06:00:00,Accueil,19.07,0.38,41.8,8,ouvré,10.945
1338,2025-01-12 03:00:00,atelier,20.6,-2.96,45.8,0,weekend,671.211
484,2025-01-05 00:00:00,Salle Serveur,20.72,-1.47,49.6,0,weekend,48.926
1317,2025-01-11 23:00:00,Bureau_Sud,,0.16,32.1,0,weekend,12.151
7700,2025-03-06 03:00:00,Accueil,20.36,1.21,44.7,14,ouvré,7.869
426,2025-01-04 13:00:00,bureau_nord,20.2,4.29,39.9,0,weekend,8.478
6470,2025-02-23 21:00:00,Accueil,21.82,7.02,48.9,0,weekend,6.107
7642,2025-03-05 16:00:00,Bureau_Sud,21.46,11.09,45.7,,ouvré,13.307
5832,2025-02-18 14:00:00,bureau sud,20.81,8.48,46.9,8,ouvré,17.432
620,2025-01-06 03:00:00,Accueil,20.52,-2.69,44.0,9,ouvré,11.12
2513,2025-01-21 22:00:00,atelier,,1.45,37.3,9,ouvré,15.222
6786,2025-02-26 13:00:00,bureau_nord,22.1,8.96,51.5,13,ouvré,15.393
4005,2025-02-03 08:00:00,Accueil,20.68,1.15,38.7,5,ouvré,10.779
301,2025-01-03 12:00:00,BUREAU NORD,20.02,4.62,43.7,11,ouvré,18.436
2254,2025-01-19 18:00:00,Salle_Serveur,20.18,6.43,42.3,0,weekend,45.499
10325,2025-03-28 00:00:00,Accueil,20.89,4.84,44.5,,ouvré,8.899
2111,2025-01-18 14:00:00,Bureau_Nord,20.27,4.5,39.8,0,weekend,8.975
8744,2025-03-14 20:00:00,Salle_Serveur,20.72,5.09,39.4,0,ouvré,43.399
1142,2025-01-10 12:00:00,bureau sud,20.1,5.17,46.8,6,ouvré,21.403
317,2025-01-03 15:00:00,bureau sud,20.82,5.2,41.7,,ouvré,18.672
8686,2025-03-14 09:00:00,Bureau_Nord,22.72,7.6,44.9,16,ouvré,11.947
7158,2025-03-01 15:00:00,atelier,21.41,9.2,153.9,0,weekend,10.23
4732,2025-02-09 10:00:00,Bureau_Sud,20.76,4.09,52.4,0,weekend,9.988
9634,2025-03-22 06:00:00,Salle_Serveur,21.05,3.13,40.6,0,weekend,46.717
5133,2025-02-12 18:00:00,atelier,21.68,4.79,39.8,8,,21.042
6186,2025-02-21 13:00:00,BUREAU NORD,21.37,6.77,39.7,12,ouvré,17.284
2532,2025-01-22 02:00:00,Bureau_Sud,21.51,0.09,52.5,11,ouvré,11.457
3292,2025-01-28 10:00:00,Bureau_Sud,21.05,2.36,44.6,8,ouvré,18.064
2425,2025-01-21 04:00:00,accueil ,20.82,-1.53,47.1,10,ouvré,12.05
9494,2025-03-21 02:00:00,Salle_Serveur,21.81,3.59,45.4,0,ouvré,47.596
7768,2025-03-06 17:00:00,atelier,20.48,8.0,45.0,11,ouvré,22.967
9413,2025-03-20 10:00:00,Atelier,21.77,7.74,52.3,,ouvré,24.983
202,2025-01-02 16:00:00,Bureau_Sud,20.63,5.47,48.8,10,ouvré,16.648
4503,2025-02-07 12:00:00,Atelier,21.11,6.44,51.2,11,ouvré,32.555
2728,2025-01-23 17:00:00,atelier,20.94,3.29,,5,ouvré,23.85
14,2025-01-01 02:00:00,Salle Serveur,20.43,-2.2,47.1,0,férié,50.91
1888,2025-01-16 17:00:00,atelier,20.25,4.61,46.5,5,ouvré,23.557
5597,2025-02-16 15:00:00,Bureau_Sud,20.48,8.66,60.3,0,weekend,7.77
8238,2025-03-10 15:00:00,Atelier,21.73,10.52,43.5,6,,28.73
129,2025-01-02 01:00:00,Salle Serveur,22.01,1.94,48.8,0,ouvré,352.89
1224,2025-01-11 04:00:00,Salle_Serveur,21.27,-1.4,42.0,0,weekend,49.467
7666,2025-03-05 21:00:00,BUREAU NORD,21.03,4.87,47.2,8,ouvré,8.375
2554,2025-01-22 06:00:00,Salle Serveur,22.46,1.64,62.6,0,ouvré,47.764
5667,2025-02-17 05:00:00,bureau sud,21.14,-0.33,37.7,9,ouvré,12.377
3840,2025-02-01 23:00:00,accueil ,22.03,0.71,,0,weekend,9.603
8473,2025-03-12 14:00:00,atelier,21.71,9.5,35.3,9,ouvré,31.686
5297,2025-02-14 03:00:00,bureau sud,20.51,-2.54,45.4,12,ouvré,11.925
398,2025-01-04 07:00:00,atelier,20.48,0.34,40.5,0,weekend,14.271
4746,2025-02-09 13:00:00,bureau_nord,21.26,5.65,33.2,0,weekend,9.611
3319,2025-01-28 15:00:00,Salle Serveur,20.49,5.22,,0,ouvré,44.747
3161,2025-01-27 08:00:00,Bureau_Nord,20.28,2.04,50.9,5,ouvré,13.884
6209,2025-02-21 17:00:00,Salle Serveur,22.28,8.88,59.9,0,ouvré,44.471
1501,2025-01-13 12:00:00,bureau_nord,21.76,4.46,47.4,9,ouvré,17.048
7572,2025-03-05 02:00:00,Bureau_Sud,21.43,2.0,41.5,,ouvré,
4740,2025-02-09 11:00:00,accueil ,20.29,4.46,44.6,0,weekend,7.918
3124,2025-01-27 00:00:00,Salle_Serveur,21.54,-2.35,46.1,0,ouvré,48.84
8975,2025-03-16 18:00:00,accueil ,21.64,9.61,51.7,0,weekend,6.739
7891,2025-03-07 18:00:00,BUREAU NORD,20.38,8.49,49.3,11,ouvré,12.525
4922,2025-02-11 00:00:00,bureau sud,21.61,-1.32,52.2,15,ouvré,11.76
8029,2025-03-08 21:00:00,Salle_Serveur,21.13,4.91,35.1,,weekend,44.624
8869,2025-03-15 21:00:00,Salle_Serveur,21.7,3.45,34.8,0,weekend,46.609
5118,2025-02-12 15:00:00,atelier,20.89,6.53,49.0,1,ouvré,28.947
10750,2025-03-31 13:00:00,accueil ,20.24,12.14,38.2,13,ouvré,11.1
5267,2025-02-13 21:00:00,Bureau_Sud,21.54,4.73,45.2,12,ouvré,9.114
3321,2025-01-28 16:00:00,Bureau_Nord,21.61,8.1,43.9,16,ouvré,14.946
5058,2025-02-12 03:00:00,atelier,20.15,-0.04,47.9,3,ouvré,13.189
7257,2025-03-02 11:00:00,Bureau_Sud,21.17,7.78,42.5,0,weekend,8.511
2929,2025-01-25 09:00:00,Salle_Serveur,21.39,5.47,42.5,0,weekend,46.018
6270,2025-02-22 05:00:00,accueil ,22.16,2.23,38.9,0,weekend,9.937
4412,2025-02-06 18:00:00,bureau sud,22.21,5.08,44.3,6,ouvré,13.16
9416,2025-03-20 11:00:00,bureau_nord,21.07,7.81,42.4,0,ouvré,15.918
8061,2025-03-09 04:00:00,bureau_nord,21.15,0.41,41.2,0,weekend,11.504
7883,2025-03-07 16:00:00,Atelier,19.86,10.33,61.5,10,ouvré,26.581
2106,2025-01-18 13:00:00,bureau_nord,20.91,3.39,37.1,0,weekend,9.513
7957,2025-03-08 07:00:00,Bureau_Sud,21.03,3.26,40.2,0,weekend,9.909
9849,2025-03-24 01:00:00,Salle_Serveur,21.26,3.75,51.5,,ouvré,47.486
101,2025-01-01 20:00:00,BUREAU NORD,21.33,3.26,52.4,,férié,11.326
10484,2025-03-29 08:00:00,Salle Serveur,22.24,4.75,39.9,0,weekend,47.272
2341,2025-01-20 12:00:00,Bureau_Nord,20.42,4.71,35.7,9,,17.767
3898,2025-02-02 11:00:00,atelier,19.28,4.99,39.4,0,weekend,12.374
464,2025-01-04 20:00:00,Salle Serveur,20.5,2.35,45.5,0,weekend,46.409
522,2025-01-05 08:00:00,bureau sud,19.9,2.15,,0,weekend,11.536
8513,2025-03-12 22:00:00,atelier,20.51,5.6,41.4,11,ouvré,11.756
2447,2025-01-21 09:00:00,bureau sud,21.47,3.42,53.1,2,ouvré,17.554
891,2025-01-08 10:00:00,bureau_nord,20.6,-0.85,,11,ouvré,19.472
990,2025-01-09 05:00:00,accueil ,21.3,-2.83,48.2,8,ouvré,11.672
2314,2025-01-20 06:00:00,Salle_Serveur,21.35,-3.28,53.3,,ouvré,48.025
1369,2025-01-12 09:00:00,Salle_Serveur,19.3,1.97,40.3,,weekend,46.58
6854,2025-02-27 02:00:00,Salle Serveur,20.73,-0.0,32.1,0,ouvré,47.346
1012,2025-01-09 10:00:00,bureau sud,21.07,5.53,44.4,7,ouvré,16.826
3333,2025-01-28 18:00:00,Atelier,20.56,4.86,43.2,9,ouvré,19.751
8239,2025-03-10 15:00:00,Salle_Serveur,22.04,10.52,48.7,0,ouvré,42.669
10523,2025-03-29 16:00:00,atelier,20.64,9.58,42.9,0,weekend,12.471
2574,2025-01-22 10:00:00,Salle_Serveur,21.53,3.35,44.1,0,ouvré,48.474
5258,2025-02-13 19:00:00,atelier,,4.67,41.3,5,ouvré,18.606
6479,2025-02-23 23:00:00,Salle_Serveur,21.58,4.39,46.2,0,weekend,45.372
6608,2025-02-25 01:00:00,atelier,19.88,0.57,34.9,4,ouvré,13.933
2873,2025-01-24 22:00:00,atelier,21.1,-1.27,43.9,,ouvré,16.145
5348,2025-02-14 13:00:00,atelier,20.06,3.85,51.9,4,ouvré,35.107
6616,2025-02-25 03:00:00,BUREAU NORD,19.46,-0.44,,8,ouvré,396.969
1950,2025-01-17 05:00:00,Accueil,19.84,0.64,31.1,5,ouvré,11.27
2821,2025-01-24 12:00:00,bureau_nord,21.16,5.15,62.4,13,ouvré,17.664
4824,2025-02-10 04:00:00,Salle Serveur,22.13,-4.43,49.3,0,ouvré,49.723
10170,2025-03-26 17:00:00,Accueil,21.17,8.53,51.8,9,ouvré,7.868
5333,2025-02-14 10:00:00,Atelier,21.66,4.61,35.9,4,ouvré,25.911
6551,2025-02-24 14:00:00,BUREAU NORD,20.0,8.1,43.4,14,ouvré,16.577
9745,2025-03-23 04:00:00,Accueil,22.39,2.19,51.5,0,weekend,8.515
1630,2025-01-14 13:00:00,Accueil,21.85,7.16,47.8,9,ouvré,12.793
7191,2025-03-01 22:00:00,bureau_nord,21.57,2.79,38.1,0,weekend,10.063
2003,2025-01-17 16:00:00,atelier,20.22,4.74,50.2,11,ouvré,26.726
10198,2025-03-26 23:00:00,Atelier,21.08,2.25,45.0,6,ouvré,15.181
1864,2025-01-16 12:00:00,Salle_Serveur,20.4,2.91,46.6,0,ouvré,45.959
1455,2025-01-13 02:00:00,Accueil,20.2,-4.04,46.8,6,ouvré,10.709
4268,2025-02-05 13:00:00,Atelier,21.08,8.03,40.7,13,ouvré,33.279
9003,2025-03-17 00:00:00,atelier,21.74,2.47,31.7,2,ouvré,12.482
8270,2025-03-10 21:00:00,accueil ,21.38,5.22,34.6,9,ouvré,8.446
6816,2025-02-26 19:00:00,BUREAU NORD,21.98,6.95,39.1,10,ouvré,8.159
8678,2025-03-14 07:00:00,Atelier,19.01,4.34,47.4,17,ouvré,17.1
3211,2025-01-27 18:00:00,bureau_nord,20.16,5.34,,9,ouvré,12.286
8502,2025-03-12 20:00:00,Bureau_Sud,21.41,8.69,25.5,8,ouvré,8.256
6029,2025-02-20 05:00:00,Salle Serveur,20.86,1.66,43.4,0,ouvré,48.785
3772,2025-02-01 10:00:00,Bureau_Sud,20.03,1.79,38.9,0,weekend,10.331
4689,2025-02-09 01:00:00,Salle_Serveur,21.12,-0.13,47.1,0,weekend,45.971
8067,2025-03-09 05:00:00,Bureau_Sud,,1.89,44.7,0,weekend,10.946
1347,2025-01-12 05:00:00,bureau sud,22.06,1.25,47.6,0,weekend,10.624
8800,2025-03-15 07:00:00,accueil ,20.27,5.86,37.4,0,weekend,7.399
4341,2025-02-06 04:00:00,Bureau_Nord,20.9,-0.64,40.8,12,ouvré,11.837
80,2025-01-01 15:00:00,Accueil,21.56,5.97,35.9,6,férié,11.933
9717,2025-03-22 23:00:00,bureau sud,20.21,5.53,46.3,0,weekend,9.207
7946,2025-03-08 05:00:00,Bureau_Nord,,-0.87,37.8,0,weekend,11.718
5065,2025-02-12 04:00:00,accueil ,21.22,-0.13,44.4,7,ouvré,12.492
3834,2025-02-01 22:00:00,Salle Serveur,20.22,-0.1,43.0,0,weekend,48.247
9968,2025-03-25 01:00:00,Atelier,,2.42,43.9,3,ouvré,12.125
2100,2025-01-18 11:00:00,accueil ,21.33,3.7,47.2,0,weekend,9.556
6863,2025-02-27 04:00:00,atelier,23.2,0.58,41.7,9,ouvré,15.306
2441,2025-01-21 08:00:00,BUREAU NORD,21.59,2.04,56.8,7,ouvré,12.781
2898,2025-01-25 03:00:00,atelier,21.91,-2.88,51.8,0,weekend,17.487
9234,2025-03-18 22:00:00,Salle_Serveur,22.04,7.39,46.6,0,ouvré,46.234
1813,2025-01-16 02:00:00,Atelier,22.63,0.14,41.3,2,ouvré,14.704
5024,2025-02-11 20:00:00,Salle Serveur,20.71,4.83,54.8,0,ouvré,45.112
9513,2025-03-21 06:00:00,Atelier,21.01,4.19,47.1,10,ouvré,15.735
5500,2025-02-15 19:00:00,accueil ,19.68,4.62,48.5,0,weekend,7.596
211,2025-01-02 18:00:00,bureau_nord,,2.76,35.4,11,ouvré,11.757
3700,2025-01-31 19:00:00,Accueil,20.78,3.09,64.0,5,ouvré,11.548
6032,2025-02-20 06:00:00,Bureau_Sud,21.39,-0.18,53.7,6,ouvré,11.484
4648,2025-02-08 17:00:00,atelier,21.11,5.39,41.9,0,weekend,12.504
5357,2025-02-14 15:00:00,Bureau_Sud,20.7,5.55,37.2,7,ouvré,17.584
2209,2025-01-19 09:00:00,Salle Serveur,21.61,3.58,50.7,0,weekend,46.839
865,2025-01-08 04:00:00,accueil ,20.94,-0.99,41.4,10,ouvré,11.919
6774,2025-02-26 10:00:00,Salle_Serveur,21.12,5.13,48.3,0,ouvré,46.345
10002,2025-03-25 08:00:00,bureau sud,21.12,4.95,,14,ouvré,14.44
9321,2025-03-19 16:00:00,Bureau_Nord,21.1,9.64,46.8,9,ouvré,13.145
7839,2025-03-07 07:00:00,Salle_Serveur,21.66,3.74,55.7,0,ouvré,45.779
3914,2025-02-02 14:00:00,Salle_Serveur,21.43,4.79,39.4,0,weekend,45.178
6850,2025-02-27 01:00:00,accueil ,21.36,0.99,38.0,9,ouvré,8.487
5365,2025-02-14 16:00:00,accueil ,20.62,6.63,49.1,15,ouvré,11.19
8279,2025-03-10 23:00:00,Salle Serveur,20.2,3.86,47.2,0,ouvré,47.519
5387,2025-02-14 21:00:00,Bureau_Sud,20.87,2.45,40.0,0,ouvré,10.994
4704,2025-02-09 04:00:00,Salle_Serveur,21.2,-2.59,50.5,0,weekend,47.389
8652,2025-03-14 02:00:00,Bureau_Sud,21.71,-1.86,33.0,16,ouvré,11.544
10526,2025-03-29 17:00:00,BUREAU NORD,21.24,10.68,47.7,,weekend,4.841
889,2025-01-08 09:00:00,Salle_Serveur,22.16,2.79,41.6,0,ouvré,47.107
7392,2025-03-03 14:00:00,bureau sud,21.28,7.26,44.0,15,ouvré,17.345
371,2025-01-04 02:00:00,Bureau_Nord,19.31,-2.51,45.5,0,weekend,10.611
3242,2025-01-28 00:00:00,bureau sud,22.05,-0.57,47.2,12,ouvré,10.839
3286,2025-01-28 09:00:00,BUREAU NORD,20.66,1.06,48.9,12,ouvré,13.938
7367,2025-03-03 09:00:00,Bureau_Sud,20.01,2.15,48.1,5,ouvré,15.982
10076,2025-03-25 23:00:00,bureau_nord,21.59,2.94,47.2,0,ouvré,9.263
1914,2025-01-16 22:00:00,Salle_Serveur,21.09,3.07,42.8,0,ouvré,45.953
36,2025-01-01 07:00:00,BUREAU NORD,19.65,0.96,51.3,13,férié,12.909
10521,2025-03-29 16:00:00,bureau_nord,22.07,9.58,,0,weekend,6.028
6804,2025-02-26 16:00:00,Salle_Serveur,22.24,6.2,41.8,0,ouvré,46.487
3289,2025-01-28 09:00:00,Salle Serveur,21.99,1.06,42.9,0,ouvré,46.643
3073,2025-01-26 14:00:00,Atelier,19.85,6.05,55.7,0,weekend,11.447
5556,2025-02-16 07:00:00,bureau_nord,21.07,0.3,43.8,0,weekend,10.596
4011,2025-02-03 10:00:00,bureau_nord,22.17,4.19,47.2,8,ouvré,16.149
5148,2025-02-12 21:00:00,Atelier,20.98,3.96,35.4,8,ouvré,14.939
1690,2025-01-15 01:00:00,accueil ,20.97,-0.12,33.3,8,ouvré,9.569
3347,2025-01-28 21:00:00,Bureau_Sud,20.17,3.09,49.2,11,ouvré,11.217
5104,2025-02-12 12:00:00,Salle_Serveur,21.78,3.5,36.9,0,ouvré,47.743
6494,2025-02-24 02:00:00,Salle Serveur,20.04,2.35,49.7,0,ouvré,46.482
8281,2025-03-11 00:00:00,BUREAU NORD,20.81,1.59,43.0,8,ouvré,10.528
10157,2025-03-26 15:00:00,Bureau_Sud,20.76,9.99,49.1,5,ouvré,15.363
7754,2025-03-06 14:00:00,Salle_Serveur,21.08,8.48,46.9,0,ouvré,44.581
2849,2025-01-24 17:00:00,Salle Serveur,20.55,7.76,45.8,,ouvré,45.261
5225,2025-02-13 12:00:00,Accueil,20.29,4.26,45.6,,ouvré,13.416
110,2025-01-01 21:00:00,accueil ,22.05,0.19,48.6,12,férié,10.235
79,2025-01-01 15:00:00,Salle_Serveur,20.65,5.97,,0,férié,44.342
9761,2025-03-23 08:00:00,bureau_nord,21.54,5.78,39.2,0,weekend,8.173
7980,2025-03-08 11:00:00,accueil ,21.86,6.15,38.3,0,weekend,7.711
8955,2025-03-16 14:00:00,Accueil,21.4,13.09,44.5,0,weekend,3.179
5015,2025-02-11 18:00:00,Accueil,22.08,7.75,43.7,14,ouvré,7.854
3877,2025-02-02 07:00:00,Bureau_Sud,21.4,1.23,48.0,,weekend,12.419
9537,2025-03-21 11:00:00,bureau sud,21.68,7.82,38.5,12,ouvré,16.526
7923,2025-03-08 00:00:00,atelier,19.78,3.32,36.2,0,weekend,13.731
1885,2025-01-16 16:00:00,Accueil,19.2,8.27,45.4,7,ouvré,11.352
7670,2025-03-05 21:00:00,accueil ,20.69,4.87,60.9,12,ouvré,7.399
5913,2025-02-19 06:00:00,atelier,20.94,-0.43,40.5,17,ouvré,15.243
2420,2025-01-21 03:00:00,accueil ,22.06,-1.55,41.2,8,ouvré,11.047
8548,2025-03-13 05:00:00,Atelier,20.02,3.41,39.6,5,ouvré,16.152
6206,2025-02-21 17:00:00,BUREAU NORD,20.66,8.88,41.9,14,ouvré,12.983
3347,2025-01-28 21:00:00,Bureau_Sud,20.17,3.09,49.2,11,ouvré,11.217
1259,2025-01-11 11:00:00,Salle_Serveur,21.71,2.84,42.9,0,weekend,48.165
6150,2025-02-21 05:00:00,accueil ,21.83,-1.41,42.3,4,ouvré,11.749
7974,2025-03-08 10:00:00,Salle Serveur,22.47,6.88,48.3,0,weekend,44.687
9374,2025-03-20 02:00:00,Salle_Serveur,21.88,3.32,44.4,0,ouvré,46.177
219,2025-01-02 19:00:00,Salle_Serveur,,2.16,34.2,0,ouvré,46.863
3128,2025-01-27 01:00:00,atelier,22.56,0.2,45.5,4,ouvré,
3042,2025-01-26 08:00:00,Bureau_Sud,19.93,1.87,41.1,0,weekend,10.646
6939,2025-02-27 19:00:00,Salle_Serveur,21.09,4.11,50.0,0,ouvré,46.587
9319,2025-03-19 15:00:00,Salle Serveur,21.54,11.63,45.3,0,ouvré,43.759
9453,2025-03-20 18:00:00,atelier,19.58,8.77,48.9,8,ouvré,18.595
9707,2025-03-22 21:00:00,Bureau_Sud,21.48,8.45,54.0,0,weekend,7.7
7551,2025-03-04 22:00:00,bureau_nord,19.82,3.5,49.1,13,ouvré,8.916
7453,2025-03-04 02:00:00,Atelier,21.86,-0.73,53.5,4,ouvré,567.567
6374,2025-02-23 02:00:00,Salle Serveur,21.35,0.19,41.1,0,weekend,47.123
3601,2025-01-31 00:00:00,BUREAU NORD,21.5,-0.87,48.5,2,ouvré,10.868
2032,2025-01-17 22:00:00,Bureau_Sud,19.91,0.52,49.7,6,ouvré,10.885
9718,2025-03-22 23:00:00,Atelier,20.69,5.53,41.8,0,weekend,11.701
3261,2025-01-28 04:00:00,Bureau_Nord,20.7,-1.94,46.5,11,ouvré,12.526
8574,2025-03-13 10:00:00,Salle_Serveur,20.8,6.48,50.2,0,ouvré,45.761
3144,2025-01-27 04:00:00,Salle_Serveur,21.06,-0.97,43.9,0,ouvré,482.518
5340,2025-02-14 11:00:00,accueil ,20.79,4.2,41.1,11,ouvré,12.069
3921,2025-02-02 16:00:00,bureau_nord,21.13,9.27,33.5,0,weekend,6.57
7126,2025-03-01 09:00:00,Bureau_Nord,20.25,5.91,52.8,0,weekend,7.677
9902,2025-03-24 12:00:00,bureau sud,21.47,8.56,44.4,5,ouvré,16.542
7357,2025-03-03 07:00:00,Bureau_Sud,21.88,3.11,42.2,6,ouvré,12.317
1363,2025-01-12 08:00:00,atelier,21.82,0.59,47.3,0,weekend,14.502
8665,2025-03-14 04:00:00,accueil ,21.36,3.03,43.9,13,ouvré,7.975
8705,2025-03-14 12:00:00,Accueil,20.66,8.16,37.9,11,ouvré,12.339
8918,2025-03-16 07:00:00,Atelier,21.94,5.96,45.6,0,weekend,12.061
9740,2025-03-23 03:00:00,Accueil,22.23,3.72,40.7,0,weekend,8.821
9938,2025-03-24 19:00:00,atelier,21.58,7.56,,5,ouvré,16.674
1063,2025-01-09 20:00:00,Atelier,20.02,3.47,40.0,6,ouvré,15.35
7589,2025-03-05 05:00:00,Salle Serveur,20.26,-0.77,41.6,0,ouvré,47.097
6621,2025-02-25 04:00:00,Bureau_Nord,22.15,-0.22,46.4,16,ouvré,9.768
9266,2025-03-19 05:00:00,Bureau_Nord,21.04,3.8,43.7,10,ouvré,10.126
1038,2025-01-09 15:00:00,atelier,20.81,8.57,236.2,12,ouvré,29.233
9169,2025-03-18 09:00:00,Salle Serveur,21.44,5.75,41.2,0,ouvré,45.361
4684,2025-02-09 00:00:00,Salle Serveur,21.98,0.05,56.8,,weekend,46.844
1302,2025-01-11 20:00:00,bureau sud,20.87,2.32,53.5,0,weekend,11.194
8841,2025-03-15 16:00:00,BUREAU NORD,,9.54,53.4,0,weekend,7.754
9110,2025-03-17 21:00:00,Accueil,20.97,3.95,40.9,15,ouvré,7.753
5354,2025-02-14 14:00:00,Salle_Serveur,21.7,6.6,54.3,0,ouvré,
7561,2025-03-05 00:00:00,Bureau_Nord,19.89,3.43,42.4,7,ouvré,8.922
3902,2025-02-02 12:00:00,Bureau_Sud,20.03,5.42,46.7,0,weekend,8.452
7323,2025-03-03 00:00:00,Atelier,21.35,0.12,41.6,9,ouvré,13.279
6857,2025-02-27 03:00:00,bureau sud,22.38,0.55,51.6,16,ouvré,12.857
10021,2025-03-25 12:00:00,BUREAU NORD,21.11,8.84,34.1,10,ouvré,15.995
3418,2025-01-29 11:00:00,atelier,21.92,3.34,38.0,9,ouvré,30.303
5513,2025-02-15 22:00:00,Atelier,21.37,3.21,54.6,0,weekend,13.099
838,2025-01-07 23:00:00,atelier,21.03,0.15,38.8,8,ouvré,13.101
3782,2025-02-01 12:00:00,Bureau_Sud,20.49,5.05,44.0,0,weekend,7.876
8175,2025-03-10 02:00:00,Accueil,20.43,4.28,47.4,11,ouvré,7.487
7886,2025-03-07 17:00:00,Bureau_Nord,21.72,8.76,43.4,7,ouvré,11.735
7871,2025-03-07 14:00:00,bureau_nord,20.49,10.9,37.7,5,ouvré,13.865
1654,2025-01-14 18:00:00,Salle Serveur,-999,4.32,56.0,0,ouvré,46.498
6516,2025-02-24 07:00:00,BUREAU NORD,21.62,-1.1,45.2,8,ouvré,13.527
7149,2025-03-01 13:00:00,Salle_Serveur,19.65,7.33,40.1,0,weekend,42.892
1988,2025-01-17 13:00:00,atelier,20.35,3.3,44.3,5,ouvré,34.423
8307,2025-03-11 05:00:00,bureau sud,23.01,3.08,49.9,5,ouvré,752.213
8324,2025-03-11 08:00:00,Salle Serveur,21.02,2.68,41.6,0,ouvré,45.026
32,2025-01-01 06:00:00,bureau sud,21.56,0.02,,6,férié,12.799
7797,2025-03-06 23:00:00,Bureau_Sud,21.16,3.53,42.5,6,ouvré,8.97
9435,2025-03-20 14:00:00,accueil ,19.21,9.05,53.7,4,ouvré,12.881
10623,2025-03-30 12:00:00,Atelier,21.6,9.23,51.4,0,weekend,11.269
4294,2025-02-05 18:00:00,Salle Serveur,21.63,4.81,46.9,0,ouvré,45.184
1552,2025-01-13 22:00:00,bureau sud,20.62,1.18,43.5,10,ouvré,11.349
1615,2025-01-14 10:00:00,accueil ,21.4,3.49,46.0,10,ouvré,12.259
1502,2025-01-13 12:00:00,bureau sud,20.77,4.46,46.7,12,ouvré,20.271
1197,2025-01-10 23:00:00,bureau sud,21.42,-0.2,43.5,,ouvré,11.018
10405,2025-03-28 16:00:00,Accueil,21.38,11.57,49.4,5,ouvré,7.171
10125,2025-03-26 08:00:00,Accueil,21.31,6.84,,14,ouvré,8.934
2606,2025-01-22 17:00:00,BUREAU NORD,20.14,5.23,38.7,9,ouvré,13.117
365,2025-01-04 00:00:00,Accueil,21.58,-0.29,49.9,0,weekend,10.013
4691,2025-02-09 02:00:00,Bureau_Nord,-999,-1.78,49.4,,weekend,8.677
8349,2025-03-11 13:00:00,Salle_Serveur,21.2,7.73,,0,ouvré,43.175
2262,2025-01-19 20:00:00,bureau sud,21.63,3.61,48.1,0,weekend,8.962
175,2025-01-02 10:00:00,Accueil,20.71,3.47,47.3,5,ouvré,11.892
8832,2025-03-15 14:00:00,bureau sud,22.0,9.45,,0,weekend,5.047
832,2025-01-07 22:00:00,Bureau_Sud,22.43,-0.1,38.6,13,ouvré,
7755,2025-03-06 14:00:00,accueil ,20.95,8.48,50.3,9,ouvré,11.792
2453,2025-01-21 10:00:00,atelier,21.18,2.39,48.6,10,ouvré,28.707
7849,2025-03-07 09:00:00,Salle_Serveur,22.1,4.13,38.0,0,ouvré,46.132
6299,2025-02-22 11:00:00,Salle Serveur,-999,6.49,39.8,0,weekend,43.155
4133,2025-02-04 10:00:00,atelier,20.73,4.33,36.3,4,ouvré,28.37
4514,2025-02-07 14:00:00,Salle Serveur,21.17,5.78,53.8,0,ouvré,45.085
4852,2025-02-10 10:00:00,bureau sud,20.63,3.27,47.9,7,ouvré,16.43
1539,2025-01-13 19:00:00,Salle_Serveur,20.47,3.65,42.0,0,ouvré,46.256
3628,2025-01-31 05:00:00,atelier,22.2,-3.5,40.3,4,ouvré,17.038
8746,2025-03-14 21:00:00,Bureau_Nord,21.89,6.79,37.2,7,ouvré,8.256
6823,2025-02-26 20:00:00,Atelier,20.16,3.39,50.5,11,ouvré,16.566
9437,2025-03-20 15:00:00,Bureau_Sud,20.96,12.16,47.2,13,ouvré,15.587
7512,2025-03-04 14:00:00,bureau sud,21.7,9.38,36.2,2,ouvré,17.549
5936,2025-02-19 11:00:00,Bureau_Nord,19.74,6.65,45.5,7,ouvré,16.025
5029,2025-02-11 21:00:00,Salle_Serveur,21.44,3.17,47.6,0,ouvré,46.708
8262,2025-03-10 20:00:00,Bureau_Sud,20.98,6.73,48.8,9,ouvré,9.525
9223,2025-03-18 20:00:00,atelier,20.96,4.73,36.2,10,ouvré,14.136
1634,2025-01-14 14:00:00,Salle Serveur,21.99,6.44,43.6,0,ouvré,47.317
4515,2025-02-07 14:00:00,Accueil,21.27,5.78,43.4,5,ouvré,14.711
2028,2025-01-17 21:00:00,Atelier,21.31,0.68,46.6,12,ouvré,14.894
7678,2025-03-05 23:00:00,atelier,21.42,4.25,49.6,6,ouvré,12.488
4839,2025-02-10 07:00:00,Salle_Serveur,20.94,1.21,50.7,0,ouvré,46.098
9910,2025-03-24 13:00:00,accueil ,19.63,8.84,,3,ouvré,14.285
7352,2025-03-03 06:00:00,bureau sud,22.29,1.86,48.7,4,ouvré,11.222
833,2025-01-07 22:00:00,Atelier,20.17,-0.1,40.9,9,ouvré,14.935
8449,2025-03-12 09:00:00,Salle Serveur,20.53,5.67,57.7,0,ouvré,47.528
10510,2025-03-29 13:00:00,accueil ,22.0,12.5,49.5,0,weekend,4.347
2018,2025-01-17 19:00:00,atelier,20.04,5.55,50.9,11,ouvré,17.396
4656,2025-02-08 19:00:00,BUREAU NORD,20.96,2.9,47.9,0,weekend,9.718
6230,2025-02-21 21:00:00,Accueil,21.78,5.23,42.2,7,ouvré,8.486
4494,2025-02-07 10:00:00,Salle_Serveur,19.74,4.22,49.9,0,ouvré,46.252
6738,2025-02-26 03:00:00,atelier,21.02,-2.21,53.5,3,ouvré,15.114
2043,2025-01-18 00:00:00,atelier,20.66,-1.68,52.0,0,weekend,16.389
2098,2025-01-18 11:00:00,Atelier,21.16,3.7,43.2,0,weekend,13.367
1655,2025-01-14 18:00:00,accueil ,21.0,4.32,36.4,7,ouvré,10.144
5674,2025-02-17 06:00:00,Salle Serveur,19.15,-0.55,46.8,0,ouvré,49.309
10588,2025-03-30 05:00:00,atelier,21.78,3.42,38.5,0,weekend,13.257
6986,2025-02-28 05:00:00,Bureau_Nord,21.56,1.27,39.6,9,ouvré,10.929
8204,2025-03-10 08:00:00,Salle Serveur,20.48,4.21,47.6,0,ouvré,45.56
4178,2025-02-04 19:00:00,atelier,21.44,2.52,48.0,5,ouvré,18.189
4972,2025-02-11 10:00:00,Bureau_Sud,21.28,4.78,44.6,6,ouvré,17.497
7412,2025-03-03 18:00:00,Bureau_Sud,22.19,8.27,54.7,3,ouvré,10.389
2856,2025-01-24 19:00:00,BUREAU NORD,19.7,4.7,,9,ouvré,11.01
5247,2025-02-13 17:00:00,bureau sud,20.54,4.93,,7,ouvré,14.922
103,2025-01-01 20:00:00,Atelier,21.05,3.26,45.4,8,férié,15.904
1231,2025-01-11 06:00:00,bureau_nord,21.08,0.64,40.2,0,weekend,11.554
8605,2025-03-13 16:00:00,accueil ,22.33,11.02,,3,ouvré,8.834
457,2025-01-04 19:00:00,bureau sud,20.95,3.48,,0,weekend,10.394
2667,2025-01-23 05:00:00,bureau sud,21.35,-0.04,52.8,6,ouvré,
10771,2025-03-31 18:00:00,BUREAU NORD,19.39,11.76,39.8,0,ouvré,9.219
8944,2025-03-16 12:00:00,Salle_Serveur,,9.74,54.9,0,weekend,43.141
1203,2025-01-11 00:00:00,atelier,20.72,0.83,45.8,0,weekend,15.081
223,2025-01-02 20:00:00,atelier,20.94,2.93,40.3,11,ouvré,16.211
4245,2025-02-05 08:00:00,Accueil,21.46,2.8,,3,ouvré,12.61
8812,2025-03-15 10:00:00,bureau sud,21.72,5.42,,0,weekend,7.452
8784,2025-03-15 04:00:00,Salle Serveur,21.26,0.48,36.2,0,weekend,50.303
6725,2025-02-26 00:00:00,Accueil,20.11,1.7,44.8,14,ouvré,8.813
865,2025-01-08 04:00:00,accueil ,20.94,-0.99,41.4,10,ouvré,11.919
6760,2025-02-26 07:00:00,Accueil,21.2,0.58,51.9,5,ouvré,11.689
4089,2025-02-04 01:00:00,Salle Serveur,20.99,0.03,52.0,0,ouvré,48.497
2567,2025-01-22 09:00:00,Bureau_Sud,,2.34,38.5,8,ouvré,14.582
9746,2025-03-23 05:00:00,Bureau_Nord,22.32,4.12,40.1,0,weekend,10.413
242,2025-01-03 00:00:00,bureau sud,22.91,-1.7,,9,ouvré,10.967
10144,2025-03-26 12:00:00,Salle_Serveur,21.23,10.67,43.0,0,ouvré,43.892
9278,2025-03-19 07:00:00,atelier,22.19,4.82,56.4,11,ouvré,17.628
4119,2025-02-04 07:00:00,Salle_Serveur,,0.67,49.1,0,ouvré,49.102
7466,2025-03-04 05:00:00,bureau_nord,21.31,1.35,44.4,15,ouvré,9.744
6006,2025-02-20 01:00:00,BUREAU NORD,22.4,-0.35,46.4,8,ouvré,10.901
8322,2025-03-11 08:00:00,Bureau_Sud,22.57,2.68,37.7,3,ouvré,13.415
9609,2025-03-22 01:00:00,Salle Serveur,20.99,3.46,41.9,0,weekend,45.37
514,2025-01-05 06:00:00,Salle_Serveur,21.22,-0.9,47.8,0,weekend,48.67
7105,2025-03-01 04:00:00,accueil ,20.31,-0.9,44.9,0,weekend,9.75
9983,2025-03-25 04:00:00,atelier,,3.93,43.2,8,ouvré,13.772
3282,2025-01-28 08:00:00,Bureau_Sud,20.82,1.23,50.7,6,ouvré,14.283
1118,2025-01-10 07:00:00,Atelier,21.03,-0.45,43.8,2,ouvré,19.531
10669,2025-03-30 21:00:00,Salle_Serveur,21.48,9.53,44.2,0,weekend,43.245
8166,2025-03-10 01:00:00,bureau_nord,20.0,2.41,39.5,4,ouvré,9.399
6141,2025-02-21 04:00:00,Bureau_Nord,20.14,-1.9,54.9,13,ouvré,10.763
353,2025-01-03 22:00:00,Atelier,21.97,0.88,41.0,8,ouvré,15.07
8292,2025-03-11 02:00:00,Bureau_Sud,20.4,-1.08,37.9,2,ouvré,11.662
7918,2025-03-07 23:00:00,Atelier,21.79,2.58,54.8,11,ouvré,13.858
3006,2025-01-26 01:00:00,Bureau_Nord,,-2.44,39.4,0,weekend,11.05
561,2025-01-05 16:00:00,Bureau_Nord,21.8,5.51,49.2,0,weekend,8.429
8564,2025-03-13 08:00:00,Salle_Serveur,20.04,5.22,42.8,0,ouvré,46.192
8900,2025-03-16 03:00:00,Accueil,21.78,0.05,38.9,0,weekend,10.573
2010,2025-01-17 17:00:00,Accueil,20.64,8.95,31.2,9,,7.949
3830,2025-02-01 21:00:00,Accueil,22.5,1.59,34.8,0,weekend,9.19
1912,2025-01-16 22:00:00,bureau sud,21.5,3.07,39.3,8,ouvré,10.487
6753,2025-02-26 06:00:00,atelier,21.66,-0.55,34.3,8,ouvré,17.868
4237,2025-02-05 07:00:00,bureau sud,20.53,1.84,42.6,11,ouvré,11.981
2318,2025-01-20 07:00:00,Atelier,20.86,-1.25,51.6,9,ouvré,18.635
8113,2025-03-09 14:00:00,atelier,21.34,6.84,42.2,0,weekend,10.887
7211,2025-03-02 02:00:00,Bureau_Nord,20.44,2.21,37.8,0,weekend,9.751
5187,2025-02-13 05:00:00,Bureau_Sud,21.6,-2.35,60.2,9,ouvré,12.737
6730,2025-02-26 01:00:00,Accueil,22.31,1.72,38.1,5,ouvré,8.229
3450,2025-01-29 17:00:00,accueil ,21.34,4.26,45.4,2,ouvré,11.825
3770,2025-02-01 09:00:00,Accueil,20.5,3.28,44.9,0,weekend,7.069
3376,2025-01-29 03:00:00,BUREAU NORD,22.21,-1.4,44.9,6,ouvré,13.257
2515,2025-01-21 22:00:00,Accueil,,1.45,43.1,7,ouvré,8.29
6588,2025-02-24 21:00:00,Atelier,20.59,2.77,43.0,11,ouvré,12.716
2546,2025-01-22 05:00:00,BUREAU NORD,20.77,-3.45,44.7,11,ouvré,12.618
9604,2025-03-22 00:00:00,Salle Serveur,20.43,3.09,45.2,0,weekend,47.791
9490,2025-03-21 01:00:00,accueil ,20.32,2.39,47.3,16,ouvré,7.948
93,2025-01-01 18:00:00,atelier,21.27,5.44,37.1,12,férié,19.984
8452,2025-03-12 10:00:00,bureau sud,20.53,6.5,49.7,6,ouvré,16.191
8396,2025-03-11 23:00:00,BUREAU NORD,20.47,4.5,45.5,3,ouvré,7.945
8218,2025-03-10 11:00:00,Atelier,22.52,7.05,,6,ouvré,28.724
6822,2025-02-26 20:00:00,Bureau_Sud,20.68,3.39,47.4,15,ouvré,11.631
3841,2025-02-02 00:00:00,BUREAU NORD,21.43,-1.87,38.1,0,weekend,11.924
5316,2025-02-14 07:00:00,BUREAU NORD,19.77,0.65,40.1,4,ouvré,11.284
316,2025-01-03 15:00:00,Bureau_Nord,19.56,5.2,46.2,6,ouvré,15.697
4602,2025-02-08 08:00:00,Bureau_Sud,22.55,2.39,33.3,0,weekend,10.232
5283,2025-02-14 00:00:00,Atelier,20.6,-0.07,43.3,7,ouvré,12.904
5891,2025-02-19 02:00:00,Bureau_Nord,20.61,-2.91,56.5,7,ouvré,12.882
277,2025-01-03 07:00:00,bureau sud,19.65,0.18,42.1,7,ouvré,13.615
1999,2025-01-17 15:00:00,Salle Serveur,19.84,6.54,53.6,0,ouvré,45.347
6720,2025-02-25 23:00:00,accueil ,19.75,1.42,38.8,1,ouvré,9.101
1917,2025-01-16 23:00:00,Bureau_Sud,20.55,1.4,44.0,7,ouvré,8.455
4705,2025-02-09 04:00:00,accueil ,20.95,-2.59,35.9,0,weekend,11.727
1983,2025-01-17 12:00:00,atelier,20.16,3.2,57.2,7,ouvré,34.713
49,2025-01-01 09:00:00,Salle_Serveur,21.78,1.87,51.3,0,férié,47.808
6581,2025-02-24 20:00:00,BUREAU NORD,21.06,3.65,43.7,8,ouvré,9.563
10183,2025-03-26 20:00:00,Atelier,,7.99,46.7,8,ouvré,13.31
9122,2025-03-18 00:00:00,bureau sud,21.35,3.19,32.9,9,ouvré,9.57
5562,2025-02-16 08:00:00,Bureau_Sud,21.95,2.01,44.7,0,weekend,10.687
5237,2025-02-13 15:00:00,bureau sud,21.71,6.13,45.6,8,ouvré,16.29
3244,2025-01-28 00:00:00,Salle Serveur,20.07,-0.57,46.8,0,ouvré,49.45
2688,2025-01-23 09:00:00,Atelier,21.32,2.68,52.4,7,ouvré,22.897
10334,2025-03-28 02:00:00,Salle Serveur,19.97,2.48,42.2,0,ouvré,48.082
8310,2025-03-11 05:00:00,Accueil,22.28,3.08,64.3,9,ouvré,8.925
600,2025-01-05 23:00:00,accueil ,22.41,-2.17,51.0,0,weekend,11.254
7791,2025-03-06 22:00:00,BUREAU NORD,21.22,4.08,56.9,12,ouvré,9.068
742,2025-01-07 04:00:00,bureau sud,22.26,-1.91,39.5,6,ouvré,13.762
10763,2025-03-31 16:00:00,Atelier,22.08,12.59,45.5,9,ouvré,23.627
5521,2025-02-16 00:00:00,Bureau_Nord,20.28,1.04,44.9,0,weekend,10.149
148,2025-01-02 05:00:00,atelier,21.99,-0.76,36.6,16,ouvré,15.966
6983,2025-02-28 04:00:00,Atelier,21.25,0.42,44.8,12,ouvré,14.802
6992,2025-02-28 06:00:00,bureau sud,21.16,2.75,47.3,4,ouvré,10.026
634,2025-01-06 06:00:00,Salle_Serveur,21.25,0.53,44.7,0,ouvré,46.992
3690,2025-01-31 17:00:00,accueil ,21.58,4.77,43.4,5,ouvré,11.595
4629,2025-02-08 13:00:00,Salle Serveur,21.16,5.91,51.0,0,weekend,44.685
2475,2025-01-21 14:00:00,accueil ,19.72,7.31,,7,ouvré,12.932
9399,2025-03-20 07:00:00,Salle_Serveur,21.29,4.32,39.1,0,ouvré,45.64
7167,2025-03-01 17:00:00,Bureau_Sud,21.54,7.22,44.7,0,weekend,8.479
8494,2025-03-12 18:00:00,Salle_Serveur,,8.1,39.0,0,ouvré,45.421
5255,2025-02-13 18:00:00,Accueil,23.06,3.79,43.6,4,,9.094
10787,2025-03-31 21:00:00,Bureau_Sud,22.27,7.66,43.0,6,ouvré,6.621
10601,2025-03-30 08:00:00,BUREAU NORD,19.73,7.9,35.5,0,weekend,6.849
6657,2025-02-25 11:00:00,Bureau_Sud,21.65,6.01,48.8,9,ouvré,17.909
8880,2025-03-15 23:00:00,Accueil,20.36,4.16,,0,weekend,8.535
8722,2025-03-14 16:00:00,Bureau_Sud,21.47,8.89,49.7,11,ouvré,14.217
7681,2025-03-06 00:00:00,Bureau_Nord,21.22,1.89,52.2,9,ouvré,8.09
2987,2025-01-25 21:00:00,Bureau_Sud,21.47,1.1,33.0,,weekend,11.967
9203,2025-03-18 16:00:00,atelier,21.66,9.16,47.9,6,ouvré,23.926
133,2025-01-02 02:00:00,Atelier,19.06,-1.48,41.7,5,ouvré,15.161
6781,2025-02-26 12:00:00,BUREAU NORD,21.36,7.35,40.1,9,ouvré,15.98
10146,2025-03-26 13:00:00,Bureau_Nord,21.15,9.95,31.7,16,ouvré,16.459
5702,2025-02-17 12:00:00,bureau sud,21.02,6.16,43.8,,ouvré,18.591
1679,2025-01-14 23:00:00,Salle_Serveur,21.06,1.7,,0,ouvré,48.357
4161,2025-02-04 16:00:00,BUREAU NORD,22.32,6.15,43.9,7,ouvré,14.342
145,2025-01-02 04:00:00,Accueil,20.3,-1.82,39.0,8,ouvré,10.62
8700,2025-03-14 11:00:00,Accueil,20.07,6.03,45.5,5,ouvré,13.503
6448,2025-02-23 17:00:00,atelier,20.63,6.3,40.5,0,weekend,11.15
10,2025-01-01 01:00:00,Accueil,21.52,-1.52,40.6,0,férié,10.901
7649,2025-03-05 17:00:00,Salle_Serveur,19.83,7.86,46.0,0,ouvré,44.674
5757,2025-02-17 23:00:00,bureau sud,19.84,3.23,34.4,7,ouvré,10.325
812,2025-01-07 18:00:00,bureau sud,20.84,5.01,38.5,8,ouvré,15.348
8341,2025-03-11 12:00:00,Bureau_Nord,21.9,8.49,45.6,12,ouvré,14.975
7045,2025-02-28 16:00:00,Accueil,20.48,8.61,46.7,6,ouvré,9.348
6073,2025-02-20 14:00:00,atelier,21.05,8.13,47.6,10,ouvré,31.814
2689,2025-01-23 09:00:00,Salle_Serveur,22.12,2.68,,0,ouvré,47.125
7445,2025-03-04 00:00:00,accueil ,21.09,2.93,42.2,11,ouvré,7.702
7400,2025-03-03 15:00:00,accueil ,21.28,7.82,52.1,5,ouvré,12.342
4025,2025-02-03 12:00:00,Accueil,20.74,4.33,43.4,9,ouvré,12.453
8984,2025-03-16 20:00:00,Salle_Serveur,21.03,6.48,43.6,0,weekend,44.056
3102,2025-01-26 20:00:00,bureau sud,22.06,3.5,44.6,0,weekend,10.79
10091,2025-03-26 02:00:00,bureau_nord,20.5,2.7,50.9,11,ouvré,7.59
8357,2025-03-11 15:00:00,bureau sud,20.5,9.44,40.8,3,ouvré,15.497
2903,2025-01-25 04:00:00,atelier,19.88,-1.65,47.1,0,weekend,15.747
9436,2025-03-20 15:00:00,bureau_nord,19.43,12.16,48.9,8,ouvré,14.104
8403,2025-03-12 00:00:00,Atelier,,3.37,47.3,9,ouvré,14.269
6309,2025-02-22 13:00:00,Salle Serveur,21.46,7.55,57.1,0,weekend,45.601
6499,2025-02-24 03:00:00,Salle Serveur,21.13,-1.74,51.1,0,ouvré,48.781
10118,2025-03-26 07:00:00,Atelier,22.38,4.34,44.9,2,ouvré,17.642
7861,2025-03-07 12:00:00,BUREAU NORD,22.69,8.32,51.6,10,ouvré,17.422
2274,2025-01-19 22:00:00,Salle_Serveur,19.97,1.09,39.9,0,weekend,
1811,2025-01-16 02:00:00,bureau_nord,22.0,0.14,44.7,8,ouvré,10.632
9620,2025-03-22 03:00:00,accueil ,20.69,4.31,53.1,0,weekend,9.0
1180,2025-01-10 19:00:00,accueil ,20.7,3.26,36.2,4,ouvré,9.682
2916,2025-01-25 07:00:00,BUREAU NORD,21.13,1.88,41.2,0,weekend,10.842
8375,2025-03-11 18:00:00,accueil ,21.92,9.5,41.6,13,ouvré,8.584
3661,2025-01-31 12:00:00,BUREAU NORD,21.42,4.31,41.7,4,ouvré,16.845
1894,2025-01-16 18:00:00,Salle Serveur,22.35,5.02,53.9,,ouvré,46.637
6431,2025-02-23 14:00:00,bureau_nord,21.56,6.6,56.8,0,weekend,9.23
2122,2025-01-18 16:00:00,Bureau_Sud,21.12,7.86,,0,weekend,7.655
7317,2025-03-02 23:00:00,Bureau_Sud,20.94,2.0,46.7,0,weekend,9.242
616,2025-01-06 03:00:00,bureau_nord,21.17,-2.69,30.5,,ouvré,10.742
1085,2025-01-10 00:00:00,accueil ,20.03,-2.32,42.6,8,ouvré,11.052
5447,2025-02-15 09:00:00,Bureau_Sud,21.75,1.82,51.1,0,weekend,10.09
8203,2025-03-10 08:00:00,Atelier,20.91,4.21,,8,ouvré,19.909
10097,2025-03-26 03:00:00,Bureau_Sud,22.12,2.92,36.8,3,ouvré,10.224
6023,2025-02-20 04:00:00,atelier,19.98,-0.74,31.0,11,ouvré,14.975
6252,2025-02-22 02:00:00,Bureau_Sud,21.44,-0.38,43.5,0,weekend,11.011
1129,2025-01-10 09:00:00,Salle_Serveur,18.93,2.32,45.0,0,ouvré,44.884
8030,2025-03-08 21:00:00,Accueil,21.04,4.91,41.4,0,weekend,6.229
2448,2025-01-21 09:00:00,Atelier,21.03,3.42,41.8,2,ouvré,24.89
6911,2025-02-27 14:00:00,BUREAU NORD,-999,8.97,40.5,13,ouvré,15.158
6167,2025-02-21 09:00:00,bureau sud,21.35,1.42,41.0,5,ouvré,16.039
7494,2025-03-04 10:00:00,Salle Serveur,20.78,7.24,40.8,0,ouvré,44.772
3007,2025-01-26 01:00:00,Bureau_Sud,21.48,-2.44,46.2,0,weekend,13.844
4663,2025-02-08 20:00:00,atelier,20.79,4.72,46.5,0,weekend,13.59
803,2025-01-07 16:00:00,Atelier,20.74,5.75,47.1,6,ouvré,26.275
7739,2025-03-06 11:00:00,Salle_Serveur,21.11,6.85,51.6,0,ouvré,44.629
2418,2025-01-21 03:00:00,Atelier,21.17,-1.55,48.2,7,ouvré,15.263
6617,2025-02-25 03:00:00,Bureau_Sud,20.76,-0.44,37.3,6,ouvré,11.86
1691,2025-01-15 02:00:00,Bureau_Nord,23.27,-3.19,59.5,17,ouvré,11.75
5724,2025-02-17 16:00:00,Salle Serveur,22.0,5.37,39.8,0,ouvré,46.031
8041,2025-03-09 00:00:00,bureau_nord,21.34,4.36,42.8,0,weekend,9.29
5257,2025-02-13 19:00:00,bureau sud,21.28,4.67,36.9,4,ouvré,11.975
7545,2025-03-04 20:00:00,Accueil,20.2,5.08,47.4,5,ouvré,9.393
5329,2025-02-14 09:00:00,Salle_Serveur,21.1,2.75,54.7,0,ouvré,44.84
5397,2025-02-14 23:00:00,Bureau_Sud,21.02,-0.29,40.9,1,ouvré,10.602
9371,2025-03-20 02:00:00,BUREAU NORD,21.42,3.32,45.0,12,ouvré,9.607
1923,2025-01-17 00:00:00,Atelier,21.53,0.24,47.7,7,ouvré,13.946
10181,2025-03-26 20:00:00,BUREAU NORD,21.06,7.99,53.8,10,ouvré,8.456
7163,2025-03-01 16:00:00,Atelier,20.03,6.46,50.0,0,weekend,12.202
476,2025-01-04 23:00:00,BUREAU NORD,21.95,0.97,37.0,0,weekend,10.162
10175,2025-03-26 18:00:00,accueil ,19.58,10.82,40.4,6,ouvré,6.949
75,2025-01-01 14:00:00,accueil ,20.44,4.97,40.7,,férié,13.069
102,2025-01-01 20:00:00,Bureau_Sud,21.0,3.26,58.7,12,férié,11.353
339,2025-01-03 19:00:00,Salle_Serveur,21.31,2.36,51.0,0,ouvré,47.492
7773,2025-03-06 18:00:00,atelier,20.61,6.04,42.9,,ouvré,21.423
962,2025-01-09 00:00:00,Bureau_Sud,20.66,-2.85,38.1,5,ouvré,13.296
5972,2025-02-19 18:00:00,Bureau_Sud,20.64,7.36,55.2,0,ouvré,10.891
6997,2025-02-28 07:00:00,Bureau_Sud,20.48,2.63,38.4,7,ouvré,15.133
6795,2025-02-26 14:00:00,accueil ,20.94,8.85,62.5,6,ouvré,11.733
3314,2025-01-28 14:00:00,Salle_Serveur,21.25,6.73,50.4,0,ouvré,42.932
1354,2025-01-12 06:00:00,Salle Serveur,20.62,1.26,46.8,0,weekend,
7344,2025-03-03 04:00:00,Salle_Serveur,20.77,-0.6,52.6,0,ouvré,49.212
83,2025-01-01 16:00:00,Atelier,21.54,6.32,44.6,7,férié,26.711
2267,2025-01-19 21:00:00,Bureau_Sud,22.16,2.51,50.6,0,weekend,10.418
4999,2025-02-11 15:00:00,Salle_Serveur,21.01,7.49,57.4,0,ouvré,46.166
1533,2025-01-13 18:00:00,Atelier,20.9,6.49,38.8,8,ouvré,19.04
9307,2025-03-19 13:00:00,Bureau_Sud,20.27,10.85,52.7,6,ouvré,16.704
10064,2025-03-25 20:00:00,Salle_Serveur,,6.76,39.3,0,ouvré,44.562
5939,2025-02-19 11:00:00,Salle_Serveur,21.49,6.65,43.8,0,ouvré,43.755
2921,2025-01-25 08:00:00,Bureau_Nord,21.99,1.12,43.5,0,weekend,10.71
7753,2025-03-06 14:00:00,atelier,21.19,8.48,58.4,7,ouvré,31.389
2333,2025-01-20 10:00:00,atelier,21.9,3.07,46.0,12,ouvré,28.196
635,2025-01-06 06:00:00,Accueil,21.32,0.53,50.2,4,ouvré,9.615
9546,2025-03-21 13:00:00,BUREAU NORD,19.94,9.08,44.6,4,ouvré,15.546
6021,2025-02-20 04:00:00,BUREAU NORD,19.8,-0.74,44.3,,ouvré,11.38
10230,2025-03-27 05:00:00,Accueil,20.38,3.56,56.6,13,ouvré,9.453
9788,2025-03-23 13:00:00,atelier,19.88,11.3,47.2,0,weekend,8.983
2555,2025-01-22 06:00:00,accueil ,20.32,1.64,48.2,8,ouvré,9.966
996,2025-01-09 07:00:00,Bureau_Nord,21.62,-0.4,,5,ouvré,13.971
3633,2025-01-31 06:00:00,atelier,20.2,2.05,51.6,17,ouvré,15.456
3185,2025-01-27 12:00:00,accueil ,20.71,4.98,47.8,5,ouvré,14.068
980,2025-01-09 03:00:00,Accueil,21.43,-0.79,37.2,14,ouvré,8.885
6506,2025-02-24 05:00:00,BUREAU NORD,21.96,-0.75,,,ouvré,10.942
4177,2025-02-04 19:00:00,Bureau_Sud,19.63,2.52,53.2,3,ouvré,11.768
2608,2025-01-22 17:00:00,atelier,19.6,5.23,58.6,2,ouvré,23.494
10595,2025-03-30 06:00:00,accueil ,20.34,6.83,54.4,0,weekend,7.061
9972,2025-03-25 02:00:00,bureau sud,21.23,2.76,41.4,7,ouvré,10.081
4802,2025-02-10 00:00:00,bureau sud,19.46,0.09,43.7,5,ouvré,10.826
7190,2025-03-01 21:00:00,Accueil,20.84,5.43,56.0,0,weekend,6.599
1406,2025-01-12 17:00:00,BUREAU NORD,21.06,5.27,44.2,0,weekend,8.819
354,2025-01-03 22:00:00,Salle_Serveur,20.84,0.88,47.2,0,ouvré,46.709
3529,2025-01-30 09:00:00,Salle Serveur,20.76,2.9,53.9,0,ouvré,46.259
519,2025-01-05 07:00:00,Salle_Serveur,20.87,-0.72,41.9,0,weekend,48.905
1107,2025-01-10 05:00:00,Bureau_Sud,20.71,-1.48,39.9,7,ouvré,11.844
892,2025-01-08 10:00:00,Bureau_Sud,21.94,-0.85,43.4,10,ouvré,
10176,2025-03-26 19:00:00,BUREAU NORD,20.49,8.01,44.6,10,ouvré,10.188
4396,2025-02-06 15:00:00,Bureau_Nord,21.27,7.62,48.0,9,ouvré,14.469
3651,2025-01-31 10:00:00,Bureau_Nord,21.47,3.49,38.1,8,ouvré,16.791
4053,2025-02-03 18:00:00,atelier,21.51,4.08,44.5,8,ouvré,19.698
1525,2025-01-13 16:00:00,accueil ,21.43,4.42,34.2,8,ouvré,11.183
5666,2025-02-17 05:00:00,Bureau_Nord,22.26,-0.33,43.2,9,ouvré,11.677
1262,2025-01-11 12:00:00,bureau sud,22.97,5.73,37.5,0,weekend,11.269
8523,2025-03-13 00:00:00,Atelier,,4.45,42.7,12,ouvré,12.175
7801,2025-03-07 00:00:00,bureau_nord,21.23,0.95,53.2,12,ouvré,7.537
347,2025-01-03 21:00:00,bureau sud,21.83,1.31,31.4,9,ouvré,10.564
4358,2025-02-06 07:00:00,Atelier,20.55,-0.46,37.7,6,ouvré,19.846
4981,2025-02-11 12:00:00,bureau_nord,21.39,6.18,48.5,4,ouvré,17.258
9164,2025-03-18 08:00:00,Salle_Serveur,21.65,8.07,37.9,0,ouvré,44.002
10164,2025-03-26 16:00:00,Salle_Serveur,22.38,13.9,49.2,0,ouvré,42.344
986,2025-01-09 05:00:00,BUREAU NORD,19.41,-2.83,50.6,8,ouvré,11.288
8624,2025-03-13 20:00:00,Salle_Serveur,20.5,4.84,34.8,0,ouvré,45.967
8550,2025-03-13 05:00:00,Accueil,20.58,3.41,50.7,7,ouvré,8.568
10306,2025-03-27 21:00:00,BUREAU NORD,20.21,7.54,37.7,7,ouvré,7.718
1148,2025-01-10 13:00:00,Atelier,19.91,6.77,46.9,8,ouvré,33.34
8023,2025-03-08 20:00:00,Atelier,20.24,5.98,46.2,0,weekend,12.368
5523,2025-02-16 00:00:00,Atelier,19.59,1.04,45.3,0,weekend,15.108
10739,2025-03-31 11:00:00,Salle Serveur,20.58,10.73,43.8,0,ouvré,44.658
590,2025-01-05 21:00:00,Accueil,21.66,-0.56,,0,weekend,11.275
3797,2025-02-01 15:00:00,bureau sud,21.76,6.6,37.1,0,weekend,8.887
5630,2025-02-16 21:00:00,Accueil,19.49,0.43,44.8,0,weekend,10.1
7996,2025-03-08 15:00:00,bureau_nord,21.51,8.87,50.4,,,6.555
4463,2025-02-07 04:00:00,atelier,20.43,1.08,44.4,8,ouvré,13.471
6836,2025-02-26 23:00:00,BUREAU NORD,20.97,1.97,41.7,9,ouvré,9.83
10510,2025-03-29 13:00:00,accueil ,22.0,12.5,49.5,0,weekend,4.347
4342,2025-02-06 04:00:00,Bureau_Sud,20.07,-0.64,38.9,5,ouvré,12.033
9716,2025-03-22 23:00:00,BUREAU NORD,20.07,5.53,49.0,0,weekend,8.614
7930,2025-03-08 01:00:00,accueil ,22.84,2.3,30.3,0,weekend,9.195
8271,2025-03-10 22:00:00,bureau_nord,20.47,5.16,44.1,6,ouvré,8.231
2443,2025-01-21 08:00:00,Atelier,21.26,2.04,51.1,12,ouvré,20.521
7880,2025-03-07 15:00:00,accueil ,20.88,8.73,58.7,2,ouvré,9.79
4197,2025-02-04 23:00:00,bureau sud,21.45,1.32,43.7,3,ouvré,10.775
2879,2025-01-24 23:00:00,Salle Serveur,22.07,-1.78,39.7,0,ouvré,49.663
5898,2025-02-19 03:00:00,atelier,20.92,0.34,41.6,0,ouvré,13.953
3828,2025-02-01 21:00:00,Atelier,21.16,1.59,50.9,0,weekend,14.606
995,2025-01-09 06:00:00,accueil ,20.12,-2.09,44.1,0,ouvré,11.629
887,2025-01-08 09:00:00,bureau sud,21.37,2.79,31.1,7,ouvré,14.606
1300,2025-01-11 19:00:00,Accueil,20.38,3.7,51.2,0,weekend,7.574
6858,2025-02-27 03:00:00,atelier,21.42,0.55,37.4,14,ouvré,14.496
10006,2025-03-25 09:00:00,Bureau_Nord,20.23,6.7,53.3,3,ouvré,11.488
3223,2025-01-27 20:00:00,Atelier,19.76,1.95,42.9,6,ouvré,17.084
3626,2025-01-31 05:00:00,BUREAU NORD,21.8,-3.5,40.2,,ouvré,12.044
8912,2025-03-16 06:00:00,Bureau_Sud,21.3,2.04,39.5,0,weekend,10.187
1471,2025-01-13 06:00:00,BUREAU NORD,20.81,-0.29,,6,ouvré,11.581
10475,2025-03-29 06:00:00,Accueil,21.02,2.02,43.3,0,,10.158
7001,2025-02-28 08:00:00,BUREAU NORD,20.26,3.39,41.3,7,ouvré,12.111
6716,2025-02-25 23:00:00,BUREAU NORD,20.66,1.42,50.9,9,ouvré,8.241
10550,2025-03-29 21:00:00,Accueil,21.76,6.84,34.5,0,weekend,7.125
3155,2025-01-27 06:00:00,accueil ,20.74,-0.06,40.1,6,ouvré,11.456
2146,2025-01-18 21:00:00,bureau_nord,20.37,3.67,47.7,0,weekend,9.227
4072,2025-02-03 22:00:00,bureau sud,,0.73,44.5,6,ouvré,9.376
4170,2025-02-04 17:00:00,accueil ,21.17,3.36,43.3,3,ouvré,10.663
3944,2025-02-02 20:00:00,Salle_Serveur,21.22,5.67,44.6,0,weekend,44.998
3887,2025-02-02 09:00:00,Bureau_Sud,19.7,1.25,45.2,0,weekend,10.215
279,2025-01-03 07:00:00,Salle Serveur,21.18,0.18,39.6,0,ouvré,46.76
8509,2025-03-12 21:00:00,Salle Serveur,20.13,7.47,49.3,0,ouvré,44.27
9131,2025-03-18 02:00:00,BUREAU NORD,22.39,1.17,52.2,10,ouvré,9.65
7222,2025-03-02 04:00:00,Bureau_Sud,22.69,0.5,,0,weekend,10.777
154,2025-01-02 06:00:00,Salle_Serveur,20.18,0.38,40.2,0,ouvré,49.209
2651,2025-01-23 02:00:00,bureau_nord,22.92,-1.72,40.0,0,ouvré,12.41
2882,2025-01-25 00:00:00,Bureau_Sud,20.29,-0.28,36.8,0,weekend,10.619
10051,2025-03-25 18:00:00,Bureau_Nord,20.22,10.56,45.4,8,ouvré,7.742
2805,2025-01-24 08:00:00,accueil ,22.02,-1.0,44.1,5,ouvré,11.742
9626,2025-03-22 05:00:00,BUREAU NORD,21.31,2.22,40.6,0,weekend,9.37
6565,2025-02-24 16:00:00,accueil ,,7.14,50.7,11,ouvré,12.034
2490,2025-01-21 17:00:00,accueil ,20.24,4.38,52.1,1,ouvré,13.057
9622,2025-03-22 04:00:00,Bureau_Sud,20.97,2.62,40.8,0,weekend,9.629
5742,2025-02-17 20:00:00,bureau sud,19.36,5.82,,6,ouvré,10.436
7016,2025-02-28 11:00:00,Bureau_Nord,21.47,4.26,56.6,9,ouvré,16.662
1612,2025-01-14 10:00:00,Bureau_Sud,21.42,3.49,34.0,7,ouvré,16.695
6848,2025-02-27 01:00:00,atelier,20.92,0.99,,8,ouvré,14.175
6017,2025-02-20 03:00:00,bureau sud,21.76,0.67,38.5,4,ouvré,11.072
9759,2025-03-23 07:00:00,Salle_Serveur,21.14,5.53,42.1,0,weekend,47.085
6369,2025-02-23 01:00:00,Salle Serveur,19.62,0.46,38.7,0,weekend,48.565
8844,2025-03-15 16:00:00,Salle_Serveur,19.66,9.54,33.8,0,weekend,44.825
10179,2025-03-26 19:00:00,Salle Serveur,20.62,8.01,42.3,0,ouvré,42.283
3719,2025-01-31 23:00:00,Salle Serveur,21.23,1.09,44.1,0,ouvré,48.477
4867,2025-02-10 13:00:00,Bureau_Sud,21.09,5.93,44.7,15,ouvré,18.404
7780,2025-03-06 19:00:00,Accueil,21.92,5.19,50.3,9,ouvré,9.064
10242,2025-03-27 08:00:00,bureau sud,22.67,4.7,42.0,11,ouvré,13.524
6399,2025-02-23 07:00:00,Salle Serveur,19.16,4.7,45.3,0,weekend,46.113
172,2025-01-02 10:00:00,bureau sud,22.76,3.47,46.0,13,ouvré,15.97
4553,2025-02-07 22:00:00,Atelier,21.41,2.81,38.7,10,ouvré,12.115
1304,2025-01-11 20:00:00,Salle Serveur,20.25,2.32,44.2,0,weekend,47.364
4671,2025-02-08 22:00:00,BUREAU NORD,19.5,0.13,46.3,0,weekend,10.885
10274,2025-03-27 14:00:00,Salle_Serveur,20.55,11.03,43.2,0,ouvré,40.927
4042,2025-02-03 16:00:00,Bureau_Sud,21.44,6.18,,9,ouvré,16.027
513,2025-01-05 06:00:00,atelier,20.01,-0.9,50.3,0,weekend,14.558
7031,2025-02-28 14:00:00,bureau_nord,21.24,8.15,46.0,6,ouvré,15.961
4372,2025-02-06 10:00:00,Bureau_Sud,19.86,4.94,48.1,10,ouvré,15.781
1906,2025-01-16 21:00:00,bureau_nord,22.24,2.65,46.6,9,ouvré,9.952
3499,2025-01-30 03:00:00,Salle Serveur,22.69,-1.61,44.9,0,ouvré,48.33
7271,2025-03-02 14:00:00,BUREAU NORD,20.93,9.3,43.4,0,weekend,5.625
867,2025-01-08 05:00:00,Bureau_Sud,21.0,-2.88,41.9,3,ouvré,12.999
1782,2025-01-15 20:00:00,bureau sud,21.34,2.6,40.7,7,ouvré,12.694
4998,2025-02-11 15:00:00,atelier,21.12,7.49,47.4,9,ouvré,29.047
7432,2025-03-03 22:00:00,Bureau_Sud,21.36,4.6,49.8,7,ouvré,9.984
7197,2025-03-01 23:00:00,Bureau_Sud,20.05,1.24,42.0,0,weekend,10.909
1384,2025-01-12 12:00:00,Salle Serveur,20.88,1.97,46.8,,weekend,49.215
5943,2025-02-19 12:00:00,atelier,19.98,6.95,49.3,13,ouvré,32.982
10464,2025-03-29 04:00:00,Salle_Serveur,21.04,-0.05,47.1,0,weekend,48.798
6538,2025-02-24 11:00:00,atelier,20.61,4.44,40.8,4,ouvré,30.707
9567,2025-03-21 17:00:00,bureau sud,19.25,9.38,42.4,10,ouvré,
10388,2025-03-28 13:00:00,Atelier,21.72,12.12,32.3,0,ouvré,30.469
6885,2025-02-27 08:00:00,accueil ,21.18,1.48,47.4,16,ouvré,11.318
286,2025-01-03 09:00:00,BUREAU NORD,20.73,0.9,48.3,6,ouvré,14.478
8934,2025-03-16 10:00:00,Salle_Serveur,21.44,7.49,44.6,,weekend,44.204
3573,2025-01-30 18:00:00,atelier,21.45,4.53,44.6,15,ouvré,19.201
4761,2025-02-09 16:00:00,BUREAU NORD,,4.84,48.1,0,weekend,8.275
644,2025-01-06 08:00:00,Salle_Serveur,21.62,1.37,54.5,,ouvré,46.756
2007,2025-01-17 17:00:00,Bureau_Sud,21.27,8.95,42.7,3,ouvré,12.38
10498,2025-03-29 11:00:00,Atelier,20.09,10.13,62.1,0,weekend,10.269
10094,2025-03-26 02:00:00,Salle Serveur,21.3,2.7,50.1,0,ouvré,46.641
4864,2025-02-10 12:00:00,Salle_Serveur,21.44,6.76,44.9,0,ouvré,44.042
2409,2025-01-21 01:00:00,Salle_Serveur,19.99,-1.33,41.1,0,ouvré,47.542
2840,2025-01-24 15:00:00,Accueil,21.11,5.14,,6,ouvré,11.308
7659,2025-03-05 19:00:00,Salle_Serveur,21.48,7.69,,0,,44.564
1984,2025-01-17 12:00:00,Salle Serveur,22.57,3.2,49.6,0,ouvré,44.163
2269,2025-01-19 21:00:00,Salle_Serveur,20.11,2.51,46.0,0,weekend,46.457
6884,2025-02-27 08:00:00,Salle_Serveur,20.16,1.48,41.8,0,ouvré,47.867
10688,2025-03-31 01:00:00,atelier,21.64,7.18,44.9,8,ouvré,8.955
455,2025-01-04 18:00:00,Accueil,20.9,7.38,43.1,0,weekend,7.024
198,2025-01-02 15:00:00,Atelier,20.32,5.77,38.7,14,ouvré,30.521
7408,2025-03-03 17:00:00,atelier,21.62,7.2,41.5,9,ouvré,21.331
1938,2025-01-17 03:00:00,Atelier,21.56,-1.98,42.4,10,ouvré,14.303
1319,2025-01-11 23:00:00,Salle_Serveur,,0.16,52.0,0,weekend,46.876
10772,2025-03-31 18:00:00,Bureau_Sud,21.96,11.76,49.8,13,ouvré,9.589
10681,2025-03-31 00:00:00,bureau_nord,22.59,3.55,41.3,15,ouvré,7.765
8424,2025-03-12 04:00:00,Salle_Serveur,21.31,-1.04,46.7,0,ouvré,47.682
6466,2025-02-23 21:00:00,Bureau_Nord,21.57,7.02,47.6,0,weekend,6.758
5927,2025-02-19 09:00:00,bureau sud,20.43,4.68,49.8,4,ouvré,14.156
6697,2025-02-25 19:00:00,Bureau_Sud,21.28,4.23,38.9,2,ouvré,10.972
4081,2025-02-04 00:00:00,BUREAU NORD,20.39,-0.52,40.7,6,ouvré,11.748
5921,2025-02-19 08:00:00,bureau_nord,20.91,2.12,52.1,12,ouvré,12.823
1376,2025-01-12 11:00:00,bureau_nord,19.93,1.24,37.3,,weekend,10.352
2551,2025-01-22 06:00:00,BUREAU NORD,20.48,1.64,44.5,6,ouvré,11.396
3501,2025-01-30 04:00:00,Bureau_Nord,-999,-0.92,50.1,0,ouvré,11.724
274,2025-01-03 06:00:00,Salle_Serveur,22.14,-0.58,55.5,0,ouvré,47.246
10781,2025-03-31 20:00:00,Bureau_Nord,20.61,10.75,43.8,8,ouvré,7.681
1328,2025-01-12 01:00:00,Atelier,22.88,-0.49,52.5,0,weekend,14.538
941,2025-01-08 20:00:00,BUREAU NORD,19.89,2.24,42.5,8,ouvré,864.153
9057,2025-03-17 11:00:00,Bureau_Sud,21.53,7.59,49.2,3,ouvré,17.627
8168,2025-03-10 01:00:00,Atelier,21.43,2.41,49.4,8,ouvré,11.817
367,2025-01-04 01:00:00,bureau sud,20.71,-1.4,50.7,0,weekend,10.319
6260,2025-02-22 03:00:00,Accueil,20.52,-1.48,47.4,0,weekend,10.302
8657,2025-03-14 03:00:00,bureau sud,20.78,1.51,59.6,7,ouvré,10.398
3193,2025-01-27 14:00:00,atelier,20.25,6.98,54.1,0,ouvré,33.227
4110,2025-02-04 05:00:00,accueil ,21.71,-0.32,41.7,,ouvré,9.87
7556,2025-03-04 23:00:00,Bureau_Nord,20.96,3.01,52.9,8,ouvré,8.164
217,2025-01-02 19:00:00,Bureau_Sud,21.76,2.16,49.3,10,ouvré,13.586
9729,2025-03-23 01:00:00,Salle Serveur,20.45,4.86,46.1,0,weekend,45.913
4755,2025-02-09 14:00:00,accueil ,,7.07,37.2,0,weekend,8.719
1832,2025-01-16 06:00:00,Bureau_Sud,19.88,-1.03,37.0,8,ouvré,13.341
594,2025-01-05 22:00:00,Salle Serveur,21.69,0.48,49.0,0,weekend,47.705
10185,2025-03-26 20:00:00,Accueil,19.56,7.99,41.7,0,ouvré,6.907
8016,2025-03-08 19:00:00,bureau_nord,20.2,8.97,43.3,0,weekend,7.509
9180,2025-03-18 11:00:00,Accueil,20.47,8.24,44.6,5,ouvré,9.246
5628,2025-02-16 21:00:00,Atelier,20.18,0.43,42.4,0,weekend,15.051
1910,2025-01-16 21:00:00,Accueil,20.71,2.65,58.9,4,ouvré,8.132
1800,2025-01-15 23:00:00,accueil ,21.32,-0.69,48.6,7,ouvré,9.294
9636,2025-03-22 07:00:00,Bureau_Nord,20.81,2.57,48.5,0,weekend,9.484
3916,2025-02-02 15:00:00,BUREAU NORD,20.71,5.65,45.6,0,weekend,8.18
414,2025-01-04 10:00:00,Salle_Serveur,22.84,2.55,54.8,0,weekend,45.262
2236,2025-01-19 15:00:00,bureau_nord,21.71,6.4,47.7,0,weekend,9.345
10345,2025-03-28 04:00:00,accueil ,23.38,4.77,34.4,5,ouvré,7.888
2231,2025-01-19 14:00:00,bureau_nord,19.51,5.33,38.5,0,weekend,8.314
10700,2025-03-31 03:00:00,Accueil,21.07,2.6,,11,ouvré,9.095
3275,2025-01-28 06:00:00,Accueil,20.67,-1.62,47.9,10,ouvré,12.59
9464,2025-03-20 20:00:00,Salle_Serveur,21.46,7.77,46.3,0,ouvré,45.246
2291,2025-01-20 02:00:00,bureau_nord,21.0,-1.9,40.1,5,ouvré,12.022
1192,2025-01-10 22:00:00,Bureau_Sud,20.89,0.35,49.9,2,ouvré,10.979
8370,2025-03-11 17:00:00,Accueil,19.6,10.9,44.2,10,ouvré,9.28
1521,2025-01-13 16:00:00,BUREAU NORD,21.03,4.42,54.2,9,ouvré,17.23
8500,2025-03-12 19:00:00,Accueil,21.37,6.98,36.5,9,ouvré,6.701
2139,2025-01-18 19:00:00,Salle Serveur,,4.35,51.4,0,weekend,46.701
1949,2025-01-17 05:00:00,Salle Serveur,20.22,0.64,38.2,0,ouvré,47.721
7637,2025-03-05 15:00:00,Bureau_Sud,20.87,10.11,28.8,3,ouvré,17.259
9997,2025-03-25 07:00:00,bureau sud,20.38,4.89,44.6,10,ouvré,12.208
6465,2025-02-23 20:00:00,accueil ,21.19,3.15,45.8,0,weekend,9.07
645,2025-01-06 08:00:00,Accueil,20.35,1.37,48.6,8,ouvré,11.394
927,2025-01-08 17:00:00,Bureau_Sud,,6.73,48.0,1,ouvré,13.87
4801,2025-02-10 00:00:00,BUREAU NORD,20.41,0.09,45.1,2,ouvré,9.874
8570,2025-03-13 09:00:00,accueil ,20.86,3.9,47.4,3,ouvré,10.594
8122,2025-03-09 16:00:00,Bureau_Sud,20.03,10.21,38.9,0,weekend,7.098
10465,2025-03-29 04:00:00,Accueil,20.03,-0.05,43.8,0,weekend,11.241
5835,2025-02-18 14:00:00,accueil ,20.01,8.48,39.5,12,ouvré,798.393
5995,2025-02-19 22:00:00,accueil ,20.95,3.97,46.1,4,ouvré,8.017
3443,2025-01-29 16:00:00,Atelier,21.72,5.94,45.9,3,ouvré,26.718
5346,2025-02-14 13:00:00,BUREAU NORD,21.21,3.85,,0,ouvré,17.139
9206,2025-03-18 17:00:00,Bureau_Nord,21.6,9.7,52.3,5,ouvré,11.579
9325,2025-03-19 16:00:00,Accueil,21.82,9.64,43.7,1,ouvré,11.245
5607,2025-02-16 17:00:00,bureau sud,20.84,8.38,47.8,0,weekend,7.92
375,2025-01-04 02:00:00,accueil ,20.96,-2.51,51.0,0,weekend,12.748
8907,2025-03-16 05:00:00,bureau sud,21.21,0.35,48.2,0,weekend,-18.863
7117,2025-03-01 07:00:00,bureau sud,,0.84,40.4,0,weekend,11.686
3995,2025-02-03 06:00:00,accueil ,21.17,-0.13,41.5,5,ouvré,12.42
5138,2025-02-12 19:00:00,atelier,21.48,7.05,41.4,9,ouvré,16.121
7157,2025-03-01 15:00:00,Bureau_Sud,20.15,9.2,,0,weekend,6.56
7614,2025-03-05 10:00:00,Salle Serveur,21.93,5.45,42.7,0,ouvré,45.53
9281,2025-03-19 08:00:00,bureau_nord,20.5,4.87,48.0,6,ouvré,11.7
8876,2025-03-15 23:00:00,Bureau_Nord,21.42,4.16,46.9,0,weekend,9.852
1121,2025-01-10 08:00:00,BUREAU NORD,21.73,-0.6,45.9,6,ouvré,14.574
6043,2025-02-20 08:00:00,atelier,21.41,2.05,37.8,5,ouvré,20.339
9918,2025-03-24 15:00:00,Atelier,20.84,10.15,37.8,10,ouvré,27.3
10581,2025-03-30 04:00:00,Bureau_Nord,20.6,3.71,,0,weekend,9.166
8963,2025-03-16 16:00:00,atelier,21.08,10.95,40.2,0,weekend,10.996
9927,2025-03-24 17:00:00,Bureau_Sud,20.41,10.5,51.0,0,ouvré,12.935
7667,2025-03-05 21:00:00,bureau sud,20.69,4.87,40.9,3,,8.209
8328,2025-03-11 09:00:00,Atelier,20.12,6.28,42.8,10,ouvré,22.41
8034,2025-03-08 22:00:00,Salle_Serveur,20.13,3.67,,0,weekend,45.697
8374,2025-03-11 18:00:00,Salle_Serveur,21.43,9.5,49.7,,ouvré,45.022
5680,2025-02-17 07:00:00,accueil ,22.25,3.49,49.7,8,ouvré,10.005
10427,2025-03-28 21:00:00,bureau sud,20.97,8.79,40.1,7,ouvré,9.014
10290,2025-03-27 17:00:00,accueil ,21.1,11.31,52.0,5,ouvré,7.782
4433,2025-02-06 22:00:00,Atelier,21.19,-0.13,,9,ouvré,15.965
10624,2025-03-30 12:00:00,Salle_Serveur,20.73,9.23,43.5,0,weekend,43.029
10073,2025-03-25 22:00:00,Atelier,21.86,5.69,41.2,11,ouvré,12.496
9854,2025-03-24 02:00:00,Salle Serveur,21.31,4.93,44.2,0,ouvré,47.851
2538,2025-01-22 03:00:00,Atelier,21.41,-0.87,30.9,7,ouvré,14.281
3219,2025-01-27 19:00:00,Salle_Serveur,20.04,4.73,45.9,0,ouvré,45.267
4709,2025-02-09 05:00:00,Salle Serveur,21.43,-0.05,47.7,0,weekend,48.997
10650,2025-03-30 17:00:00,Accueil,20.58,13.13,37.6,0,weekend,3.349
6984,2025-02-28 04:00:00,Salle Serveur,,0.42,52.5,0,ouvré,48.124
9249,2025-03-19 01:00:00,Salle Serveur,20.77,2.43,52.3,,ouvré,48.939
9349,2025-03-19 21:00:00,Salle Serveur,20.06,6.01,41.6,0,ouvré,44.089
1332,2025-01-12 02:00:00,Bureau_Sud,21.99,-2.55,38.0,,weekend,12.551
10192,2025-03-26 22:00:00,bureau sud,20.79,8.19,40.1,5,,8.927
8735,2025-03-14 18:00:00,accueil ,20.87,9.23,49.5,11,ouvré,8.634
4332,2025-02-06 02:00:00,bureau sud,20.45,-2.85,59.7,2,ouvré,14.899
774,2025-01-07 10:00:00,Salle_Serveur,21.7,1.55,41.0,0,ouvré,46.65
10026,2025-03-25 13:00:00,bureau_nord,20.67,8.98,,6,ouvré,16.733
5472,2025-02-15 14:00:00,Bureau_Sud,21.59,6.0,40.8,0,weekend,8.09
10416,2025-03-28 19:00:00,Bureau_Nord,21.38,8.68,42.0,8,ouvré,9.799
8983,2025-03-16 20:00:00,atelier,19.52,6.48,53.8,0,weekend,11.699
6515,2025-02-24 06:00:00,accueil ,21.47,1.02,36.3,9,ouvré,11.861
2858,2025-01-24 19:00:00,atelier,21.05,4.7,45.0,8,ouvré,17.627
10128,2025-03-26 09:00:00,Atelier,22.18,7.67,39.3,7,ouvré,24.241
6852,2025-02-27 02:00:00,bureau sud,22.07,-0.0,42.1,2,ouvré,11.006
7911,2025-03-07 22:00:00,Bureau_Nord,,1.71,37.3,7,ouvré,625.823
9348,2025-03-19 21:00:00,atelier,19.91,6.01,50.5,10,ouvré,13.575
1942,2025-01-17 04:00:00,Bureau_Sud,21.05,-2.23,52.8,0,ouvré,12.912
9191,2025-03-18 14:00:00,BUREAU NORD,21.68,9.5,49.2,9,ouvré,16.687
3558,2025-01-30 15:00:00,Atelier,21.79,6.8,42.4,4,ouvré,30.074
1419,2025-01-12 19:00:00,Salle Serveur,21.79,3.32,46.4,0,weekend,45.166
5869,2025-02-18 21:00:00,Salle_Serveur,21.11,3.61,29.4,0,ouvré,46.558
1411,2025-01-12 18:00:00,bureau_nord,19.87,5.58,45.5,0,weekend,8.783
2659,2025-01-23 03:00:00,Salle_Serveur,20.52,-2.73,41.0,0,ouvré,48.408
121,2025-01-02 00:00:00,Bureau_Nord,21.6,-2.4,40.5,13,ouvré,11.505
9261,2025-03-19 04:00:00,Bureau_Nord,20.8,1.91,48.4,13,ouvré,9.454
5953,2025-02-19 14:00:00,Atelier,21.32,6.28,49.8,8,ouvré,33.16
7259,2025-03-02 11:00:00,Salle_Serveur,21.51,7.78,39.1,0,weekend,42.375
1590,2025-01-14 05:00:00,Accueil,21.87,-1.39,44.6,10,ouvré,9.777
6589,2025-02-24 21:00:00,Salle_Serveur,20.72,2.77,42.1,0,ouvré,46.241
7843,2025-03-07 08:00:00,Atelier,20.84,5.74,48.9,7,ouvré,19.339
10275,2025-03-27 14:00:00,accueil ,21.71,11.03,35.9,9,ouvré,10.39
6539,2025-02-24 11:00:00,Salle_Serveur,21.01,4.44,41.2,0,ouvré,46.294
7377,2025-03-03 11:00:00,bureau sud,22.12,8.1,47.3,10,ouvré,16.791
9318,2025-03-19 15:00:00,atelier,21.24,11.63,45.6,9,ouvré,26.713
3288,2025-01-28 09:00:00,atelier,21.0,1.06,,1,ouvré,24.018
2229,2025-01-19 13:00:00,Salle_Serveur,20.06,5.79,54.1,0,weekend,45.346
1959,2025-01-17 07:00:00,Salle_Serveur,21.94,0.2,38.0,0,ouvré,49.914
7770,2025-03-06 17:00:00,Accueil,20.64,8.0,51.1,12,ouvré,8.902
2430,2025-01-21 05:00:00,accueil ,21.16,-2.14,54.2,3,ouvré,9.879
2602,2025-01-22 16:00:00,bureau sud,22.26,5.62,46.4,8,ouvré,17.037
9657,2025-03-22 11:00:00,bureau sud,23.04,8.22,49.2,0,weekend,6.61
245,2025-01-03 00:00:00,Accueil,21.74,-1.7,39.6,4,ouvré,9.362
10559,2025-03-29 23:00:00,Salle_Serveur,21.16,4.26,59.4,0,weekend,45.846
9568,2025-03-21 17:00:00,atelier,19.86,9.38,55.8,13,ouvré,20.598
6505,2025-02-24 04:00:00,accueil ,20.3,2.18,53.8,1,ouvré,8.195
7136,2025-03-01 11:00:00,bureau_nord,21.77,4.08,37.9,0,weekend,9.122
6045,2025-02-20 08:00:00,accueil ,21.74,2.05,41.0,7,ouvré,8.418
4723,2025-02-09 08:00:00,Atelier,20.77,0.23,59.1,0,weekend,14.555
3262,2025-01-28 04:00:00,bureau sud,20.29,-1.94,42.0,6,ouvré,13.202
1687,2025-01-15 01:00:00,Bureau_Sud,21.19,-0.12,34.4,9,ouvré,10.809
2764,2025-01-24 00:00:00,Salle_Serveur,21.9,-0.68,42.6,0,ouvré,791.071
5970,2025-02-19 17:00:00,Accueil,22.3,8.41,42.1,4,ouvré,
3741,2025-02-01 04:00:00,bureau_nord,21.07,-0.19,179.4,0,weekend,11.063
8940,2025-03-16 11:00:00,accueil ,19.95,9.77,53.4,0,weekend,5.53
10191,2025-03-26 22:00:00,Bureau_Nord,20.47,8.19,45.0,8,ouvré,6.53
868,2025-01-08 05:00:00,Atelier,20.2,-2.88,44.9,7,ouvré,16.393
5774,2025-02-18 02:00:00,Salle Serveur,22.22,-0.2,47.0,0,ouvré,48.074
10047,2025-03-25 17:00:00,Bureau_Sud,22.12,11.41,37.6,4,ouvré,890.075
4636,2025-02-08 15:00:00,BUREAU NORD,21.55,7.76,48.7,0,weekend,8.437
5105,2025-02-12 12:00:00,accueil ,20.99,3.5,41.0,6,ouvré,13.896
5449,2025-02-15 09:00:00,Salle_Serveur,21.4,1.82,48.1,0,weekend,47.967
6797,2025-02-26 15:00:00,Bureau_Sud,21.87,8.08,48.0,4,ouvré,17.161
4989,2025-02-11 13:00:00,Salle_Serveur,21.64,6.17,43.1,0,ouvré,45.487
5999,2025-02-19 23:00:00,Salle Serveur,21.86,0.49,38.7,0,ouvré,47.303
9129,2025-03-18 01:00:00,Salle_Serveur,21.08,3.15,58.4,0,ouvré,44.336
6219,2025-02-21 19:00:00,Salle_Serveur,21.24,8.55,52.9,0,ouvré,43.586
9520,2025-03-21 07:00:00,Accueil,21.42,3.71,48.0,9,ouvré,8.45
7761,2025-03-06 16:00:00,Bureau_Nord,21.45,7.54,48.1,2,ouvré,14.413
8117,2025-03-09 15:00:00,Bureau_Sud,20.22,8.47,39.7,0,weekend,8.914
864,2025-01-08 04:00:00,Salle Serveur,-999,-0.99,37.3,0,ouvré,48.29
5021,2025-02-11 20:00:00,bureau_nord,22.22,4.83,44.4,1,ouvré,11.116
6818,2025-02-26 19:00:00,Atelier,20.34,6.95,44.3,3,ouvré,15.924
10395,2025-03-28 14:00:00,Accueil,22.28,9.79,46.8,,ouvré,12.57
5232,2025-02-13 14:00:00,Bureau_Sud,22.01,4.15,41.8,5,ouvré,20.17
4317,2025-02-05 23:00:00,bureau sud,20.16,-1.37,42.7,2,ouvré,11.791
10710,2025-03-31 05:00:00,Accueil,21.3,3.52,46.7,0,ouvré,8.002
10324,2025-03-28 00:00:00,Salle Serveur,20.34,4.84,41.5,0,ouvré,45.047
6700,2025-02-25 19:00:00,Accueil,21.7,4.23,48.5,10,ouvré,
10759,2025-03-31 15:00:00,Salle Serveur,19.23,10.5,55.3,0,ouvré,43.566
5536,2025-02-16 03:00:00,Bureau_Nord,20.79,-2.61,57.6,0,weekend,11.419
1392,2025-01-12 14:00:00,bureau sud,21.71,3.38,48.4,0,weekend,9.688
2373,2025-01-20 18:00:00,Atelier,20.09,5.51,34.8,6,ouvré,19.249
991,2025-01-09 06:00:00,bureau_nord,20.32,-2.09,41.4,,ouvré,13.26
99,2025-01-01 19:00:00,Salle_Serveur,21.59,1.79,50.0,0,férié,47.568
2601,2025-01-22 16:00:00,bureau_nord,20.38,5.62,47.6,5,ouvré,16.405
7356,2025-03-03 07:00:00,bureau_nord,19.54,3.11,43.9,7,ouvré,11.773
5612,2025-02-16 18:00:00,bureau sud,19.34,8.88,54.9,0,weekend,7.312
9864,2025-03-24 04:00:00,Salle_Serveur,21.73,1.33,49.0,0,ouvré,48.249
4430,2025-02-06 21:00:00,Accueil,21.8,3.66,41.4,5,ouvré,8.727
6381,2025-02-23 04:00:00,BUREAU NORD,21.53,-0.86,33.2,0,weekend,11.366
10766,2025-03-31 17:00:00,bureau_nord,20.5,13.27,43.5,8,ouvré,9.932
2025,2025-01-17 20:00:00,accueil ,21.76,4.35,40.2,11,ouvré,8.076
3969,2025-02-03 01:00:00,Salle_Serveur,20.64,-1.7,65.8,0,ouvré,50.002
9299,2025-03-19 11:00:00,Salle Serveur,20.79,7.07,44.1,0,ouvré,44.345
3532,2025-01-30 10:00:00,Bureau_Sud,19.63,2.61,45.9,9,ouvré,18.287
5483,2025-02-15 16:00:00,atelier,20.48,7.19,38.2,0,weekend,10.951
2492,2025-01-21 18:00:00,bureau sud,22.42,4.52,33.8,5,ouvré,12.266
7829,2025-03-07 05:00:00,Salle_Serveur,20.2,2.76,,0,ouvré,48.804
8358,2025-03-11 15:00:00,atelier,21.6,9.44,42.3,13,ouvré,28.914
5488,2025-02-15 17:00:00,atelier,20.91,6.51,42.5,0,weekend,10.946
6288,2025-02-22 09:00:00,atelier,21.25,5.05,33.5,,weekend,12.936
1055,2025-01-09 18:00:00,accueil ,,5.36,49.2,9,ouvré,8.789
6090,2025-02-20 17:00:00,Accueil,21.22,6.6,36.1,7,ouvré,9.723
8294,2025-03-11 02:00:00,Salle Serveur,21.92,-1.08,39.6,0,ouvré,48.123
2336,2025-01-20 11:00:00,Bureau_Nord,21.81,3.53,44.0,4,ouvré,16.198
6238,2025-02-21 23:00:00,Atelier,20.41,1.08,43.4,4,ouvré,14.04
8074,2025-03-09 06:00:00,Salle Serveur,20.45,3.22,40.1,0,weekend,46.321
7943,2025-03-08 04:00:00,atelier,20.56,3.09,,0,weekend,12.511
2696,2025-01-23 11:00:00,BUREAU NORD,20.73,3.64,29.8,11,ouvré,17.588
663,2025-01-06 12:00:00,atelier,20.79,5.6,44.3,,ouvré,32.032
4572,2025-02-08 02:00:00,bureau sud,21.72,-1.12,41.5,0,weekend,11.467
10634,2025-03-30 14:00:00,Salle Serveur,20.08,11.21,,0,weekend,42.04
3534,2025-01-30 10:00:00,Salle_Serveur,21.6,2.61,50.9,0,ouvré,46.73
8810,2025-03-15 09:00:00,accueil ,20.45,5.88,38.7,0,weekend,7.559
9497,2025-03-21 03:00:00,bureau sud,22.66,1.65,36.0,15,ouvré,11.055
3892,2025-02-02 10:00:00,bureau sud,21.31,3.22,36.1,0,weekend,10.996
8156,2025-03-09 23:00:00,bureau_nord,21.36,6.84,54.2,0,weekend,8.787
9013,2025-03-17 02:00:00,atelier,21.56,1.26,54.0,9,ouvré,13.47
3396,2025-01-29 07:00:00,bureau_nord,20.57,0.35,35.8,11,ouvré,11.921
8636,2025-03-13 23:00:00,bureau_nord,19.83,2.47,51.0,7,ouvré,9.435
2242,2025-01-19 16:00:00,Bureau_Sud,21.01,7.58,34.1,,weekend,8.4
602,2025-01-06 00:00:00,bureau sud,20.61,-2.16,53.3,0,ouvré,13.031
6512,2025-02-24 06:00:00,Bureau_Sud,20.58,1.02,53.0,8,ouvré,12.728
1545,2025-01-13 20:00:00,accueil ,20.06,1.21,41.8,5,ouvré,9.913
7906,2025-03-07 21:00:00,BUREAU NORD,21.2,6.86,31.1,2,ouvré,7.431
8859,2025-03-15 19:00:00,Salle_Serveur,21.78,6.45,46.7,0,weekend,45.593
9680,2025-03-22 15:00:00,accueil ,21.97,10.98,40.1,0,weekend,3.102
3746,2025-02-01 05:00:00,bureau_nord,21.32,-1.94,38.3,0,weekend,12.285
8992,2025-03-16 22:00:00,Bureau_Sud,,4.82,36.7,0,weekend,10.452
10619,2025-03-30 11:00:00,Salle_Serveur,21.62,9.68,,0,weekend,44.967
8698,2025-03-14 11:00:00,atelier,19.44,6.03,60.9,12,ouvré,30.903
7109,2025-03-01 05:00:00,Salle Serveur,21.0,0.29,48.7,0,weekend,47.778
4914,2025-02-10 22:00:00,Salle_Serveur,21.0,0.65,38.9,0,ouvré,47.13
10390,2025-03-28 13:00:00,accueil ,20.15,12.12,42.1,3,ouvré,11.516
8685,2025-03-14 08:00:00,accueil ,21.51,2.84,52.4,8,ouvré,13.014
5367,2025-02-14 17:00:00,bureau sud,20.68,6.42,48.9,1,ouvré,13.371
4019,2025-02-03 11:00:00,Salle Serveur,20.93,4.36,36.7,0,ouvré,46.864
4015,2025-02-03 10:00:00,Accueil,19.73,4.19,37.3,9,ouvré,12.286
876,2025-01-08 07:00:00,BUREAU NORD,20.62,1.81,46.5,12,ouvré,11.3
10010,2025-03-25 09:00:00,accueil ,20.26,6.7,43.7,10,ouvré,9.532
4583,2025-02-08 04:00:00,Atelier,20.77,-0.69,40.6,0,weekend,15.541
8603,2025-03-13 16:00:00,Atelier,24.01,11.02,,0,ouvré,24.294
329,2025-01-03 17:00:00,Salle Serveur,21.25,4.76,47.0,0,ouvré,47.851
8593,2025-03-13 14:00:00,atelier,21.48,7.44,40.7,13,ouvré,
4246,2025-02-05 09:00:00,BUREAU NORD,20.55,1.34,48.7,6,ouvré,14.062
238,2025-01-02 23:00:00,Atelier,19.8,1.8,57.2,6,ouvré,12.966
4818,2025-02-10 03:00:00,atelier,20.2,-0.71,39.8,9,ouvré,15.834
8405,2025-03-12 00:00:00,accueil ,20.5,3.37,46.6,6,ouvré,7.362
10122,2025-03-26 08:00:00,bureau sud,21.71,6.84,49.4,10,ouvré,13.535
460,2025-01-04 19:00:00,accueil ,,3.48,49.0,0,weekend,9.012
2862,2025-01-24 20:00:00,bureau sud,21.7,4.78,51.3,11,ouvré,9.627
4369,2025-02-06 09:00:00,Salle Serveur,21.29,2.68,39.6,0,ouvré,47.529
5350,2025-02-14 13:00:00,Accueil,21.39,3.85,,3,ouvré,14.208
66,2025-01-01 13:00:00,Bureau_Nord,21.25,7.22,55.9,4,férié,17.041
6496,2025-02-24 03:00:00,Bureau_Nord,20.88,-1.74,40.0,11,ouvré,10.46
8005,2025-03-08 16:00:00,accueil ,21.46,10.88,43.8,0,weekend,6.575
2071,2025-01-18 06:00:00,BUREAU NORD,22.06,-2.35,55.4,0,weekend,14.092
10643,2025-03-30 16:00:00,atelier,20.27,12.12,40.6,0,weekend,8.837
6600,2025-02-24 23:00:00,Accueil,21.23,1.32,46.2,7,ouvré,9.692
8409,2025-03-12 01:00:00,Salle_Serveur,20.19,2.07,33.4,0,ouvré,46.641
3939,2025-02-02 19:00:00,Salle Serveur,22.77,5.97,45.4,0,weekend,45.109
8318,2025-03-11 07:00:00,atelier,20.56,2.39,46.7,3,ouvré,17.238
7657,2025-03-05 19:00:00,Bureau_Sud,19.55,7.69,33.5,12,ouvré,11.038
4423,2025-02-06 20:00:00,Atelier,22.42,3.39,43.9,10,ouvré,15.193
10008,2025-03-25 09:00:00,atelier,20.99,6.7,51.6,15,ouvré,23.191
1591,2025-01-14 06:00:00,bureau_nord,20.72,-3.43,49.8,4,ouvré,12.195
1391,2025-01-12 14:00:00,bureau_nord,21.11,3.38,37.4,0,weekend,9.75
8363,2025-03-11 16:00:00,atelier,20.83,9.3,37.9,7,ouvré,24.783
3869,2025-02-02 05:00:00,Salle Serveur,19.88,0.02,43.4,0,weekend,47.296
9816,2025-03-23 19:00:00,BUREAU NORD,20.82,10.0,34.3,0,weekend,7.241
9549,2025-03-21 13:00:00,Salle_Serveur,19.6,9.08,45.7,0,ouvré,44.451
3755,2025-02-01 06:00:00,accueil ,20.53,-1.55,50.6,0,weekend,11.03
5760,2025-02-17 23:00:00,accueil ,22.09,3.23,42.6,12,ouvré,
7665,2025-03-05 20:00:00,Accueil,20.51,6.78,,0,ouvré,7.827
9085,2025-03-17 16:00:00,Accueil,19.32,9.27,52.9,5,ouvré,9.637
7650,2025-03-05 17:00:00,Accueil,21.53,7.86,53.3,9,ouvré,8.572
6152,2025-02-21 06:00:00,Bureau_Sud,21.76,1.48,53.8,4,ouvré,11.851
9562,2025-03-21 16:00:00,Bureau_Sud,21.38,9.88,51.9,17,ouvré,15.603
5142,2025-02-12 20:00:00,Bureau_Sud,20.64,4.3,37.8,5,ouvré,12.075
10684,2025-03-31 00:00:00,Salle_Serveur,19.58,3.55,39.1,0,ouvré,46.457
4779,2025-02-09 19:00:00,Salle_Serveur,,6.46,51.4,0,weekend,46.176
3992,2025-02-03 06:00:00,Bureau_Sud,21.47,-0.13,44.7,9,ouvré,14.571
4987,2025-02-11 13:00:00,Bureau_Sud,21.11,6.17,53.1,7,ouvré,19.399
8527,2025-03-13 01:00:00,bureau sud,20.75,0.9,41.0,7,ouvré,10.379
933,2025-01-08 18:00:00,atelier,21.23,6.01,41.0,3,ouvré,19.351
2117,2025-01-18 15:00:00,bureau sud,22.1,5.08,,,weekend,9.916
1538,2025-01-13 19:00:00,atelier,,3.65,56.6,8,ouvré,17.165
9517,2025-03-21 07:00:00,bureau sud,20.52,3.71,46.9,2,ouvré,13.438
3437,2025-01-29 15:00:00,bureau sud,21.06,5.04,44.7,9,ouvré,17.535
4833,2025-02-10 06:00:00,atelier,19.4,2.85,47.8,14,ouvré,14.947
7382,2025-03-03 12:00:00,bureau sud,20.91,9.28,40.4,5,ouvré,18.143
9115,2025-03-17 22:00:00,Accueil,22.15,4.89,47.8,12,ouvré,9.035
8306,2025-03-11 05:00:00,bureau_nord,21.33,3.08,40.8,12,ouvré,9.762
3624,2025-01-31 04:00:00,Salle_Serveur,21.65,-1.43,46.9,0,ouvré,48.891
745,2025-01-07 04:00:00,Accueil,21.55,-1.91,,6,ouvré,9.076
374,2025-01-04 02:00:00,Salle_Serveur,21.93,-2.51,47.9,0,weekend,48.057
7018,2025-02-28 11:00:00,atelier,20.35,4.26,45.7,8,ouvré,30.621
5112,2025-02-12 14:00:00,bureau sud,20.86,6.71,45.0,9,,17.158
3617,2025-01-31 03:00:00,Bureau_Sud,21.74,-2.94,34.5,4,ouvré,10.662
9218,2025-03-18 19:00:00,Atelier,21.08,8.45,49.2,10,ouvré,15.019
4,2025-01-01 00:00:00,Salle Serveur,20.2,-0.77,35.7,0,férié,50.075
10350,2025-03-28 05:00:00,accueil ,20.56,5.12,41.7,5,,9.611
8338,2025-03-11 11:00:00,atelier,20.43,6.75,40.1,,ouvré,30.106
2724,2025-01-23 16:00:00,Salle Serveur,20.72,4.79,46.4,0,ouvré,46.582
4250,2025-02-05 09:00:00,accueil ,23.17,1.34,47.1,3,ouvré,13.695
3239,2025-01-27 23:00:00,Salle Serveur,20.91,0.4,32.6,0,ouvré,47.515
10046,2025-03-25 17:00:00,BUREAU NORD,-999,11.41,42.8,5,ouvré,
4964,2025-02-11 08:00:00,Salle Serveur,20.33,1.99,36.5,0,ouvré,45.318
557,2025-01-05 15:00:00,Bureau_Sud,20.35,6.7,39.9,,weekend,7.378
7745,2025-03-06 12:00:00,Accueil,20.92,7.26,44.6,4,ouvré,11.772
7359,2025-03-03 07:00:00,Salle Serveur,21.13,3.11,46.8,0,ouvré,46.921
3975,2025-02-03 02:00:00,Accueil,19.93,-0.84,46.3,9,ouvré,8.912
1974,2025-01-17 10:00:00,Salle Serveur,20.54,3.58,43.2,0,ouvré,453.718
7202,2025-03-02 00:00:00,Bureau_Sud,21.34,2.85,30.2,0,weekend,11.534
7688,2025-03-06 01:00:00,Atelier,20.9,1.88,39.3,13,ouvré,13.637
7234,2025-03-02 06:00:00,Salle_Serveur,20.91,1.99,40.1,0,weekend,48.047
6959,2025-02-27 23:00:00,Salle_Serveur,21.15,0.11,43.4,0,ouvré,47.13
5984,2025-02-19 20:00:00,Salle_Serveur,21.03,4.39,38.4,0,ouvré,45.204
9865,2025-03-24 04:00:00,accueil ,21.21,1.33,44.8,9,ouvré,9.393
107,2025-01-01 21:00:00,Bureau_Sud,21.65,0.19,41.8,10,férié,11.555
6128,2025-02-21 01:00:00,atelier,19.44,-1.55,50.7,6,ouvré,14.322
5482,2025-02-15 16:00:00,bureau sud,21.15,7.19,41.6,0,weekend,7.223
2182,2025-01-19 04:00:00,bureau sud,21.0,-2.12,,0,weekend,11.899
5383,2025-02-14 20:00:00,atelier,20.33,4.06,54.5,3,ouvré,14.079
655,2025-01-06 10:00:00,accueil ,22.1,4.33,48.3,15,ouvré,13.003
4315,2025-02-05 22:00:00,Accueil,19.94,1.74,36.7,4,ouvré,9.575
10770,2025-03-31 17:00:00,Accueil,21.31,13.27,39.1,12,ouvré,-14.589
3616,2025-01-31 03:00:00,bureau_nord,21.16,-2.94,39.6,5,ouvré,9.728
1596,2025-01-14 07:00:00,BUREAU NORD,20.83,-0.34,53.3,5,ouvré,-38.153
6003,2025-02-20 00:00:00,atelier,21.96,0.68,52.6,,ouvré,12.95
4943,2025-02-11 04:00:00,Atelier,20.09,-3.86,35.6,13,ouvré,18.642
1709,2025-01-15 05:00:00,Salle_Serveur,22.03,0.06,46.1,0,ouvré,47.756
10090,2025-03-26 01:00:00,accueil ,21.47,3.77,48.1,9,ouvré,9.006
7220,2025-03-02 03:00:00,accueil ,22.48,-0.51,43.1,0,weekend,10.117
1991,2025-01-17 14:00:00,BUREAU NORD,20.98,5.85,44.9,11,ouvré,16.736
1186,2025-01-10 21:00:00,BUREAU NORD,22.5,1.78,49.7,9,ouvré,12.689
1313,2025-01-11 22:00:00,Atelier,21.2,0.87,43.0,0,weekend,15.405
1774,2025-01-15 18:00:00,Salle_Serveur,20.69,2.99,54.4,0,ouvré,46.995
1451,2025-01-13 02:00:00,bureau_nord,21.81,-4.04,41.3,,ouvré,12.271
8579,2025-03-13 11:00:00,Salle_Serveur,20.85,8.49,33.3,0,ouvré,44.764
9583,2025-03-21 20:00:00,Atelier,21.83,7.07,60.9,3,ouvré,14.649
3535,2025-01-30 10:00:00,Accueil,21.04,2.61,51.5,8,ouvré,13.749
8970,2025-03-16 17:00:00,accueil ,21.24,9.26,46.8,0,weekend,6.187
4876,2025-02-10 15:00:00,bureau_nord,22.1,7.23,41.4,4,,14.971
2249,2025-01-19 17:00:00,Salle_Serveur,19.97,6.27,49.5,0,weekend,45.824
9687,2025-03-22 17:00:00,bureau sud,21.77,10.78,49.5,0,weekend,5.134
1641,2025-01-14 16:00:00,BUREAU NORD,21.1,3.13,59.8,4,ouvré,15.153
4673,2025-02-08 22:00:00,Atelier,19.55,0.13,64.7,,weekend,13.321
5055,2025-02-12 02:00:00,Accueil,22.08,-1.39,39.4,,ouvré,11.078
5406,2025-02-15 01:00:00,Bureau_Nord,20.13,-3.32,42.6,0,weekend,11.283
7696,2025-03-06 03:00:00,Bureau_Nord,22.2,1.21,56.3,6,ouvré,8.493
6556,2025-02-24 15:00:00,bureau_nord,20.8,7.61,45.0,0,ouvré,14.296
7820,2025-03-07 03:00:00,Accueil,20.56,-1.12,51.1,8,ouvré,10.387
10245,2025-03-27 08:00:00,accueil ,21.34,4.7,32.7,13,ouvré,11.201
3757,2025-02-01 07:00:00,Bureau_Sud,21.44,-0.53,47.3,0,weekend,12.866
6686,2025-02-25 17:00:00,bureau_nord,,6.34,44.2,7,ouvré,13.244
2940,2025-01-25 11:00:00,accueil ,19.52,4.57,45.6,0,weekend,8.037
6300,2025-02-22 11:00:00,Accueil,20.37,6.49,39.3,,weekend,7.043
5660,2025-02-17 03:00:00,Accueil,21.02,-0.65,44.8,5,ouvré,9.115
4401,2025-02-06 16:00:00,Bureau_Nord,20.73,6.56,43.6,7,ouvré,13.917
8547,2025-03-13 05:00:00,Bureau_Sud,21.31,3.41,42.4,7,ouvré,9.092
1844,2025-01-16 08:00:00,Salle_Serveur,20.92,1.51,45.2,0,ouvré,46.204
804,2025-01-07 16:00:00,Salle Serveur,20.85,5.75,43.2,0,ouvré,46.257
8474,2025-03-12 14:00:00,Salle Serveur,20.48,9.5,52.4,0,ouvré,45.12
6060,2025-02-20 11:00:00,accueil ,21.39,5.94,46.1,7,ouvré,11.188
7055,2025-02-28 18:00:00,Accueil,20.47,6.48,50.4,7,ouvré,9.763
1326,2025-01-12 01:00:00,BUREAU NORD,20.01,-0.49,53.6,0,weekend,10.82
4745,2025-02-09 12:00:00,Accueil,21.88,6.55,36.2,0,weekend,8.531
4031,2025-02-03 14:00:00,BUREAU NORD,19.84,6.98,42.4,7,ouvré,14.573
7328,2025-03-03 01:00:00,Atelier,20.84,-0.8,34.7,7,ouvré,12.672
3424,2025-01-29 12:00:00,Salle_Serveur,19.99,6.88,47.3,0,ouvré,44.622
4921,2025-02-11 00:00:00,BUREAU NORD,21.4,-1.32,42.1,4,ouvré,12.226
8329,2025-03-11 09:00:00,Salle_Serveur,20.46,6.28,,0,ouvré,43.834
2803,2025-01-24 08:00:00,Atelier,21.28,-1.0,31.3,18,ouvré,22.172
930,2025-01-08 17:00:00,accueil ,21.05,6.73,41.5,7,ouvré,11.035
5670,2025-02-17 05:00:00,accueil ,21.22,-0.33,41.9,2,ouvré,11.186
7267,2025-03-02 13:00:00,bureau sud,20.7,7.05,56.3,0,weekend,7.739
2665,2025-01-23 04:00:00,Accueil,20.34,-1.01,32.2,9,ouvré,11.195
6162,2025-02-21 08:00:00,Bureau_Sud,20.65,3.94,49.7,8,ouvré,13.936
6387,2025-02-23 05:00:00,Bureau_Sud,21.23,1.28,40.8,0,weekend,10.0
5868,2025-02-18 21:00:00,atelier,21.67,3.61,43.0,7,ouvré,15.048
7260,2025-03-02 11:00:00,Accueil,19.69,7.78,46.0,0,weekend,4.771
8277,2025-03-10 23:00:00,bureau sud,20.63,3.86,46.3,5,ouvré,9.017
2844,2025-01-24 16:00:00,Salle Serveur,20.23,2.64,36.2,0,ouvré,47.526
10347,2025-03-28 05:00:00,Bureau_Sud,20.85,5.12,,9,ouvré,8.578
6279,2025-02-22 07:00:00,Salle_Serveur,20.84,3.49,42.6,0,weekend,47.848
3052,2025-01-26 10:00:00,bureau sud,19.21,2.35,44.6,0,weekend,10.744
9794,2025-03-23 14:00:00,Salle_Serveur,21.64,12.35,39.8,0,weekend,43.095
2548,2025-01-22 05:00:00,Atelier,20.76,-3.45,44.6,7,ouvré,
2166,2025-01-19 01:00:00,bureau_nord,20.09,-1.24,47.3,0,weekend,10.676
1261,2025-01-11 12:00:00,BUREAU NORD,21.55,5.73,39.4,0,weekend,6.188
3243,2025-01-28 00:00:00,Atelier,21.78,-0.57,43.9,3,ouvré,13.948
10099,2025-03-26 03:00:00,Salle Serveur,22.36,2.92,56.9,0,ouvré,46.244
8872,2025-03-15 22:00:00,bureau sud,20.33,5.66,46.5,0,weekend,8.376
10463,2025-03-29 04:00:00,Atelier,21.05,-0.05,45.1,0,weekend,13.282
2471,2025-01-21 14:00:00,bureau_nord,21.92,7.31,48.2,7,ouvré,15.188
468,2025-01-04 21:00:00,Atelier,22.24,0.57,51.4,0,,14.552
9953,2025-03-24 22:00:00,atelier,20.89,6.01,43.5,5,ouvré,11.743
9959,2025-03-24 23:00:00,Salle_Serveur,,4.59,41.6,0,ouvré,46.792
5955,2025-02-19 14:00:00,Accueil,21.31,6.28,,5,ouvré,12.759
1070,2025-01-09 21:00:00,accueil ,21.41,2.39,53.6,5,ouvré,10.239
10511,2025-03-29 14:00:00,bureau_nord,20.54,12.94,46.9,0,weekend,3.755
1199,2025-01-10 23:00:00,Salle_Serveur,21.4,-0.2,35.8,0,ouvré,47.806
3085,2025-01-26 16:00:00,Accueil,21.9,5.76,42.3,0,weekend,7.459
2115,2025-01-18 14:00:00,accueil ,20.78,4.5,40.7,0,weekend,8.931
6506,2025-02-24 05:00:00,BUREAU NORD,21.96,-0.75,,,ouvré,10.942
4775,2025-02-09 18:00:00,Accueil,21.77,6.16,38.1,0,weekend,7.397
3689,2025-01-31 17:00:00,Salle_Serveur,21.99,4.77,43.3,0,ouvré,46.645
4077,2025-02-03 23:00:00,bureau sud,21.79,-1.05,41.7,9,ouvré,11.898
3803,2025-02-01 16:00:00,Atelier,19.6,4.89,51.8,0,weekend,11.605
3365,2025-01-29 00:00:00,accueil ,20.34,-3.47,42.5,2,ouvré,10.896
7409,2025-03-03 17:00:00,Salle Serveur,20.46,7.2,34.8,0,ouvré,45.778
6394,2025-02-23 06:00:00,Salle_Serveur,21.14,0.32,38.7,0,weekend,47.832
9220,2025-03-18 19:00:00,accueil ,20.78,8.45,49.9,10,ouvré,7.841
2549,2025-01-22 05:00:00,Salle_Serveur,21.54,-3.45,36.9,0,ouvré,50.086
9195,2025-03-18 14:00:00,Accueil,21.91,9.5,54.6,13,ouvré,10.737
6220,2025-02-21 19:00:00,accueil ,20.69,8.55,39.8,8,ouvré,8.12
4537,2025-02-07 19:00:00,bureau sud,21.38,5.55,37.1,5,ouvré,12.05
3697,2025-01-31 19:00:00,bureau sud,20.51,3.09,53.7,13,ouvré,13.696
4243,2025-02-05 08:00:00,atelier,21.87,2.8,44.7,6,ouvré,21.03
9966,2025-03-25 01:00:00,bureau_nord,20.83,2.42,43.2,12,ouvré,10.805
8767,2025-03-15 01:00:00,Bureau_Sud,,3.56,46.8,0,weekend,10.204
7620,2025-03-05 11:00:00,accueil ,20.36,6.1,39.7,9,ouvré,12.051
530,2025-01-05 09:00:00,Accueil,21.32,3.38,58.7,0,weekend,8.791
2601,2025-01-22 16:00:00,bureau_nord,20.38,5.62,47.6,5,ouvré,16.405
8060,2025-03-09 03:00:00,Accueil,20.66,2.61,44.4,0,weekend,8.022
7702,2025-03-06 04:00:00,Bureau_Sud,22.15,-0.33,42.7,5,ouvré,11.128
6571,2025-02-24 18:00:00,bureau_nord,22.81,6.02,42.7,4,ouvré,10.776
4196,2025-02-04 23:00:00,BUREAU NORD,19.01,1.32,35.7,6,ouvré,10.283
125,2025-01-02 00:00:00,accueil ,21.73,-2.4,52.4,8,ouvré,10.419
5948,2025-02-19 13:00:00,atelier,21.19,5.38,,18,ouvré,33.112
7310,2025-03-02 21:00:00,accueil ,22.05,3.91,50.8,0,weekend,8.683
3115,2025-01-26 22:00:00,accueil ,22.0,-0.16,40.8,0,weekend,10.092
9356,2025-03-19 23:00:00,BUREAU NORD,20.97,4.0,49.0,6,ouvré,9.024
4090,2025-02-04 01:00:00,Accueil,21.12,0.03,43.5,11,ouvré,8.914
503,2025-01-05 04:00:00,atelier,21.68,-0.86,39.1,0,weekend,16.053
4626,2025-02-08 13:00:00,Bureau_Nord,22.35,5.91,42.3,0,weekend,8.776
8977,2025-03-16 19:00:00,Bureau_Sud,20.91,8.69,46.4,0,weekend,7.229
1683,2025-01-15 00:00:00,Atelier,19.85,1.1,46.5,5,ouvré,13.527
6103,2025-02-20 20:00:00,atelier,21.11,3.11,46.8,14,ouvré,16.428
3715,2025-01-31 22:00:00,accueil ,20.69,2.92,41.7,,ouvré,10.211
6195,2025-02-21 14:00:00,accueil ,22.22,9.08,44.7,8,ouvré,13.46
2162,2025-01-19 00:00:00,bureau sud,21.32,-2.5,46.7,0,weekend,13.831
2189,2025-01-19 05:00:00,Salle_Serveur,22.0,-0.28,43.4,0,weekend,46.272
10081,2025-03-26 00:00:00,bureau_nord,21.26,4.51,48.7,9,ouvré,10.067
10590,2025-03-30 05:00:00,Accueil,21.29,3.42,55.9,0,weekend,7.74
10168,2025-03-26 17:00:00,atelier,20.13,8.53,50.4,11,ouvré,21.573
1335,2025-01-12 02:00:00,Accueil,21.73,-2.55,,0,weekend,10.003
5078,2025-02-12 07:00:00,atelier,21.72,1.71,50.2,8,ouvré,19.749
1803,2025-01-16 00:00:00,atelier,22.55,-0.2,43.5,5,ouvré,14.412
5634,2025-02-16 22:00:00,Salle_Serveur,20.67,2.03,,0,weekend,46.793
20,2025-01-01 03:00:00,Accueil,18.91,-2.91,42.1,8,férié,11.041
5030,2025-02-11 21:00:00,accueil ,21.78,3.17,39.6,10,ouvré,
10223,2025-03-27 04:00:00,atelier,21.28,1.14,32.6,9,ouvré,13.502
9991,2025-03-25 06:00:00,Bureau_Nord,22.11,4.87,45.3,9,ouvré,
3318,2025-01-28 15:00:00,atelier,20.38,5.22,45.6,8,ouvré,31.111
2569,2025-01-22 09:00:00,Salle_Serveur,19.94,2.34,57.4,0,ouvré,46.653
2126,2025-01-18 17:00:00,BUREAU NORD,20.61,5.33,55.3,0,weekend,
8626,2025-03-13 21:00:00,bureau_nord,21.95,6.55,39.4,8,ouvré,7.516
6917,2025-02-27 15:00:00,bureau sud,21.93,9.48,39.4,6,ouvré,15.901
9128,2025-03-18 01:00:00,Atelier,19.62,3.15,,14,ouvré,10.561
295,2025-01-03 10:00:00,accueil ,21.72,1.85,37.9,12,ouvré,12.407
7431,2025-03-03 22:00:00,bureau_nord,22.13,4.6,55.3,10,ouvré,7.975
3465,2025-01-29 20:00:00,accueil ,21.54,2.78,41.0,8,ouvré,10.567
10570,2025-03-30 01:00:00,Accueil,20.48,2.58,47.4,0,weekend,8.594
480,2025-01-04 23:00:00,Accueil,19.94,0.97,44.2,0,weekend,9.83
6724,2025-02-26 00:00:00,Salle Serveur,19.56,1.7,41.9,0,ouvré,47.019
1503,2025-01-13 12:00:00,atelier,19.43,4.46,33.9,0,ouvré,33.059
3470,2025-01-29 21:00:00,Accueil,21.3,3.99,45.1,10,ouvré,6.352
7599,2025-03-05 07:00:00,Salle Serveur,21.18,3.64,60.8,0,ouvré,47.277
1900,2025-01-16 19:00:00,Accueil,23.43,2.11,40.2,8,ouvré,12.775
2292,2025-01-20 02:00:00,Bureau_Sud,21.27,-1.9,46.6,10,ouvré,11.108
6880,2025-02-27 07:00:00,Accueil,20.61,1.48,,6,ouvré,8.995
2059,2025-01-18 03:00:00,Salle_Serveur,,-3.13,54.9,0,weekend,50.729
1560,2025-01-13 23:00:00,accueil ,21.54,-1.22,53.5,,ouvré,10.221
1594,2025-01-14 06:00:00,Salle_Serveur,20.33,-3.43,52.9,0,ouvré,47.734
7351,2025-03-03 06:00:00,BUREAU NORD,20.42,1.86,,18,ouvré,10.691
9483,2025-03-21 00:00:00,atelier,20.05,5.83,37.2,5,ouvré,10.834
599,2025-01-05 23:00:00,Salle_Serveur,20.8,-2.17,46.2,0,weekend,48.573
8484,2025-03-12 16:00:00,Salle_Serveur,,5.38,48.0,0,ouvré,44.31
4875,2025-02-10 14:00:00,accueil ,21.42,7.05,50.4,3,ouvré,11.728
7794,2025-03-06 22:00:00,Salle Serveur,20.59,4.08,52.0,0,ouvré,45.318
3320,2025-01-28 15:00:00,Accueil,19.47,5.22,38.4,12,ouvré,12.812
4045,2025-02-03 16:00:00,accueil ,21.98,6.18,54.8,8,ouvré,10.713
120,2025-01-01 23:00:00,accueil ,20.51,1.43,47.5,6,férié,
4742,2025-02-09 12:00:00,bureau sud,20.77,6.55,44.2,0,weekend,8.086
2016,2025-01-17 19:00:00,bureau_nord,21.63,5.55,53.7,3,ouvré,10.111
4975,2025-02-11 10:00:00,accueil ,21.48,4.78,46.9,4,ouvré,11.685
2911,2025-01-25 06:00:00,Bureau_Nord,21.58,0.43,46.6,0,weekend,10.331
7382,2025-03-03 12:00:00,bureau sud,20.91,9.28,40.4,5,ouvré,18.143
6208,2025-02-21 17:00:00,atelier,20.99,8.88,50.7,3,ouvré,21.443
4760,2025-02-09 15:00:00,accueil ,20.44,5.87,41.0,0,weekend,6.897
4899,2025-02-10 19:00:00,Salle_Serveur,20.55,7.29,52.2,0,ouvré,44.521
7915,2025-03-07 22:00:00,accueil ,21.83,1.71,47.2,9,ouvré,8.264
6766,2025-02-26 09:00:00,BUREAU NORD,20.65,3.96,39.0,11,ouvré,13.451
2454,2025-01-21 10:00:00,Salle Serveur,-999,2.39,48.9,0,ouvré,46.037
9879,2025-03-24 07:00:00,Salle Serveur,21.8,3.34,46.2,0,ouvré,48.467
3956,2025-02-02 23:00:00,bureau_nord,,1.43,55.5,0,weekend,
6844,2025-02-27 00:00:00,Salle_Serveur,21.99,1.28,39.8,0,ouvré,48.022
3931,2025-02-02 18:00:00,bureau_nord,19.92,4.73,,0,weekend,8.295
3583,2025-01-30 20:00:00,atelier,19.66,2.72,40.2,10,ouvré,15.71
3364,2025-01-29 00:00:00,Salle_Serveur,19.75,-3.47,52.1,0,ouvré,48.829
2809,2025-01-24 09:00:00,Salle_Serveur,20.79,1.09,51.6,0,ouvré,47.863
9780,2025-03-23 11:00:00,accueil ,20.47,9.91,45.2,0,weekend,5.266
9975,2025-03-25 02:00:00,accueil ,20.68,2.76,44.9,8,ouvré,9.31
1132,2025-01-10 10:00:00,Bureau_Sud,20.28,3.48,,3,ouvré,17.741
5238,2025-02-13 15:00:00,atelier,20.87,6.13,37.4,12,ouvré,29.791
678,2025-01-06 15:00:00,atelier,20.35,4.73,38.5,11,ouvré,30.814
6020,2025-02-20 03:00:00,accueil ,21.37,0.67,39.4,12,ouvré,8.952
6476,2025-02-23 23:00:00,bureau_nord,19.67,4.39,50.9,0,weekend,9.842
3560,2025-01-30 15:00:00,Accueil,,6.8,44.8,4,ouvré,10.625
9344,2025-03-19 20:00:00,Salle Serveur,21.2,8.96,50.9,0,ouvré,43.467
5842,2025-02-18 16:00:00,bureau sud,22.28,6.88,46.0,,ouvré,17.255
5310,2025-02-14 05:00:00,Accueil,20.35,-0.66,45.0,7,ouvré,9.653
10733,2025-03-31 10:00:00,atelier,20.87,10.03,37.1,4,ouvré,24.11
6033,2025-02-20 06:00:00,Atelier,20.85,-0.18,57.8,4,ouvré,16.006
5265,2025-02-13 20:00:00,Accueil,21.68,3.17,38.4,5,ouvré,9.212
4591,2025-02-08 06:00:00,Bureau_Nord,21.0,-0.58,43.7,,weekend,10.262
6784,2025-02-26 12:00:00,Salle_Serveur,21.57,7.35,47.8,0,ouvré,43.906
393,2025-01-04 06:00:00,Atelier,20.19,-0.66,35.3,0,weekend,15.024
3832,2025-02-01 22:00:00,bureau sud,20.67,-0.1,,0,weekend,12.096
1498,2025-01-13 11:00:00,atelier,20.72,4.0,42.0,16,ouvré,31.856
730,2025-01-07 01:00:00,Accueil,22.18,0.21,43.8,5,ouvré,10.562
8904,2025-03-16 04:00:00,Salle_Serveur,21.78,0.59,47.5,0,weekend,47.384
1128,2025-01-10 09:00:00,atelier,23.65,2.32,48.2,8,ouvré,25.652
7184,2025-03-01 20:00:00,Salle_Serveur,21.49,5.62,39.6,0,weekend,45.221
5651,2025-02-17 02:00:00,BUREAU NORD,20.1,0.02,44.1,7,ouvré,11.812
10655,2025-03-30 18:00:00,Accueil,20.52,13.9,43.7,0,weekend,4.912
7729,2025-03-06 09:00:00,Salle_Serveur,21.13,6.25,44.5,0,ouvré,46.225
9932,2025-03-24 18:00:00,Bureau_Sud,20.71,9.27,34.4,7,ouvré,11.521
10548,2025-03-29 21:00:00,Atelier,19.29,6.84,,0,weekend,10.552
1554,2025-01-13 22:00:00,Salle_Serveur,22.43,1.18,47.1,0,ouvré,46.712
6926,2025-02-27 17:00:00,bureau_nord,21.12,9.08,44.4,5,ouvré,12.651
9029,2025-03-17 05:00:00,Salle Serveur,21.46,3.04,42.1,0,ouvré,44.581
2842,2025-01-24 16:00:00,bureau sud,21.43,2.64,32.6,0,ouvré,18.962
10072,2025-03-25 22:00:00,bureau sud,,5.69,49.0,7,ouvré,9.232
976,2025-01-09 03:00:00,Bureau_Nord,21.76,-0.79,41.1,6,ouvré,10.839
631,2025-01-06 06:00:00,Bureau_Nord,22.02,0.53,46.3,,ouvré,12.644
1477,2025-01-13 07:00:00,bureau sud,21.21,0.39,42.2,11,ouvré,14.508
6940,2025-02-27 19:00:00,Accueil,20.8,4.11,40.9,10,ouvré,9.857
1500,2025-01-13 11:00:00,Accueil,20.18,4.0,41.3,14,ouvré,13.803
4169,2025-02-04 17:00:00,Salle Serveur,22.41,3.36,47.8,0,ouvré,45.68
4982,2025-02-11 12:00:00,bureau sud,21.82,6.18,54.5,12,ouvré,19.653
9993,2025-03-25 06:00:00,Atelier,20.57,4.87,,11,ouvré,15.304
8909,2025-03-16 05:00:00,Salle_Serveur,,0.35,39.6,0,weekend,49.326
10096,2025-03-26 03:00:00,Bureau_Nord,20.7,2.92,34.1,5,ouvré,9.168
3232,2025-01-27 22:00:00,Bureau_Sud,21.85,2.24,47.3,9,ouvré,10.18
4083,2025-02-04 00:00:00,Atelier,21.02,-0.52,50.3,7,ouvré,13.684
5683,2025-02-17 08:00:00,Atelier,19.96,4.08,43.8,5,ouvré,19.407
1265,2025-01-11 12:00:00,accueil ,20.36,5.73,45.4,0,weekend,5.906
1258,2025-01-11 11:00:00,atelier,20.78,2.84,45.9,0,weekend,14.139
9888,2025-03-24 09:00:00,atelier,19.74,7.6,39.3,4,ouvré,21.733
5124,2025-02-12 16:00:00,Salle Serveur,21.77,3.99,53.4,0,ouvré,46.037
6945,2025-02-27 20:00:00,accueil ,21.26,6.27,45.3,8,ouvré,8.527
617,2025-01-06 03:00:00,bureau sud,20.06,-2.69,54.1,9,ouvré,11.887
4004,2025-02-03 08:00:00,Salle_Serveur,21.05,1.15,36.9,0,ouvré,50.024
2328,2025-01-20 09:00:00,Atelier,21.37,2.43,43.5,1,ouvré,23.62
855,2025-01-08 02:00:00,accueil ,20.56,-3.64,39.6,0,ouvré,9.976
4888,2025-02-10 17:00:00,Atelier,20.25,6.68,34.9,12,ouvré,22.147
9021,2025-03-17 04:00:00,bureau_nord,21.2,1.23,49.6,2,ouvré,11.888
2564,2025-01-22 08:00:00,Salle Serveur,,2.16,38.4,0,ouvré,49.195
4378,2025-02-06 11:00:00,atelier,21.55,5.53,49.5,8,ouvré,31.82
327,2025-01-03 17:00:00,bureau sud,20.46,4.76,49.5,5,ouvré,14.558
9433,2025-03-20 14:00:00,Atelier,20.84,9.05,31.0,5,ouvré,33.086
5625,2025-02-16 20:00:00,Accueil,20.87,3.23,45.2,0,weekend,332.626
6780,2025-02-26 11:00:00,accueil ,21.27,5.45,49.0,5,ouvré,13.126
1907,2025-01-16 21:00:00,bureau sud,22.29,2.65,46.5,13,ouvré,10.53
4163,2025-02-04 16:00:00,Atelier,21.46,6.15,45.3,0,ouvré,27.048
2377,2025-01-20 19:00:00,bureau sud,20.34,4.11,,14,ouvré,11.86
8562,2025-03-13 08:00:00,bureau sud,21.79,5.22,44.1,12,ouvré,
1105,2025-01-10 04:00:00,Accueil,22.19,0.91,,7,ouvré,10.354
606,2025-01-06 01:00:00,bureau_nord,22.73,-1.94,49.3,2,ouvré,12.0
3819,2025-02-01 19:00:00,Salle Serveur,20.63,4.46,38.5,0,weekend,44.817
10480,2025-03-29 07:00:00,Accueil,20.51,4.05,49.0,0,weekend,8.966
7971,2025-03-08 10:00:00,bureau_nord,21.2,6.88,48.9,0,weekend,6.67
6278,2025-02-22 07:00:00,atelier,20.08,3.49,51.7,0,weekend,14.452
5411,2025-02-15 02:00:00,bureau_nord,22.67,-0.81,40.4,0,weekend,11.211
87,2025-01-01 17:00:00,bureau sud,20.03,4.62,38.8,0,férié,14.823
132,2025-01-02 02:00:00,Bureau_Sud,20.55,-1.48,39.0,4,ouvré,11.537
8598,2025-03-13 15:00:00,Atelier,19.05,9.12,50.0,14,ouvré,29.715
9524,2025-03-21 08:00:00,Salle_Serveur,21.96,5.61,50.2,0,ouvré,46.355
4131,2025-02-04 10:00:00,Bureau_Nord,22.1,4.33,47.0,1,ouvré,15.292
1014,2025-01-09 10:00:00,Salle_Serveur,20.95,5.53,39.4,0,ouvré,45.741
3432,2025-01-29 14:00:00,bureau sud,21.73,5.96,41.8,16,ouvré,19.101
7807,2025-03-07 01:00:00,Bureau_Sud,19.41,1.81,46.2,18,ouvré,10.908
1626,2025-01-14 13:00:00,Bureau_Nord,,7.16,42.8,6,ouvré,16.283
1028,2025-01-09 13:00:00,atelier,21.53,4.31,45.3,6,ouvré,35.72
7819,2025-03-07 03:00:00,Salle_Serveur,21.29,-1.12,32.8,0,ouvré,50.778
3189,2025-01-27 13:00:00,Salle Serveur,20.74,6.97,48.0,0,ouvré,45.616
953,2025-01-08 22:00:00,Atelier,21.13,1.26,40.8,6,ouvré,14.007
8966,2025-03-16 17:00:00,bureau_nord,21.62,9.26,47.0,0,weekend,833.014
4524,2025-02-07 16:00:00,Salle_Serveur,21.76,5.92,37.0,0,ouvré,46.456
1993,2025-01-17 14:00:00,Atelier,20.64,5.85,49.0,7,ouvré,32.305
3538,2025-01-30 11:00:00,atelier,22.59,4.86,50.4,5,ouvré,30.648
758,2025-01-07 07:00:00,Atelier,20.82,0.61,44.8,11,ouvré,20.096
2930,2025-01-25 09:00:00,Accueil,22.4,5.47,49.9,0,weekend,7.874
6196,2025-02-21 15:00:00,BUREAU NORD,20.37,6.0,44.6,14,ouvré,15.049
6066,2025-02-20 13:00:00,bureau_nord,22.33,6.18,49.1,12,ouvré,15.758
4449,2025-02-07 01:00:00,Salle Serveur,20.06,-1.62,33.9,0,ouvré,49.48
4502,2025-02-07 12:00:00,bureau sud,20.54,6.44,49.0,6,ouvré,18.292
2361,2025-01-20 16:00:00,bureau_nord,20.8,7.59,39.0,5,ouvré,13.008
1867,2025-01-16 13:00:00,bureau sud,22.57,4.49,241.8,4,ouvré,20.658
3003,2025-01-26 00:00:00,atelier,,0.52,46.7,0,weekend,15.577
6550,2025-02-24 13:00:00,Accueil,22.0,8.38,49.3,,ouvré,12.274
2747,2025-01-23 21:00:00,Bureau_Sud,21.61,1.86,41.6,3,ouvré,10.765
2678,2025-01-23 07:00:00,Atelier,20.77,0.5,45.2,8,ouvré,16.885
7316,2025-03-02 23:00:00,BUREAU NORD,21.2,2.0,45.3,0,weekend,10.357
1208,2025-01-11 01:00:00,atelier,21.57,-0.49,46.8,0,weekend,15.047
7133,2025-03-01 10:00:00,Atelier,21.66,4.78,43.1,0,weekend,11.559
3804,2025-02-01 16:00:00,Salle Serveur,21.14,4.89,36.7,0,weekend,44.944
7366,2025-03-03 09:00:00,Bureau_Nord,20.96,2.15,48.4,3,ouvré,358.186
6392,2025-02-23 06:00:00,Bureau_Sud,20.5,0.32,39.2,0,weekend,11.942
5479,2025-02-15 15:00:00,Salle_Serveur,19.14,8.65,52.5,0,weekend,44.344
8672,2025-03-14 06:00:00,Bureau_Sud,21.51,2.51,46.0,7,ouvré,10.61
7144,2025-03-01 12:00:00,Salle_Serveur,21.24,7.1,49.3,0,weekend,44.66
6314,2025-02-22 14:00:00,Salle_Serveur,20.65,8.82,35.2,0,weekend,43.783
3049,2025-01-26 09:00:00,Salle_Serveur,20.35,3.7,52.7,0,weekend,45.816
9183,2025-03-18 12:00:00,Atelier,20.47,9.06,45.6,9,ouvré,31.165
3925,2025-02-02 16:00:00,Accueil,20.0,9.27,44.6,0,weekend,6.241
1643,2025-01-14 16:00:00,atelier,19.35,3.13,39.2,,ouvré,28.468
2402,2025-01-21 00:00:00,bureau sud,20.87,-0.74,,13,ouvré,
2837,2025-01-24 15:00:00,bureau sud,21.66,5.14,48.3,7,ouvré,339.203
9806,2025-03-23 17:00:00,bureau_nord,21.81,10.65,42.6,0,weekend,8.003
4334,2025-02-06 02:00:00,Salle_Serveur,21.02,-2.85,45.4,0,ouvré,48.508
9260,2025-03-19 03:00:00,accueil ,22.46,2.83,,11,ouvré,9.182
679,2025-01-06 15:00:00,Salle Serveur,20.71,4.73,35.8,0,ouvré,47.86
6678,2025-02-25 15:00:00,Atelier,23.2,6.47,45.9,7,ouvré,27.684
6237,2025-02-21 23:00:00,bureau sud,21.6,1.08,39.5,11,ouvré,9.816
2825,2025-01-24 12:00:00,accueil ,21.15,5.15,,6,ouvré,12.395
3055,2025-01-26 10:00:00,accueil ,20.58,2.35,42.5,0,weekend,8.315
4013,2025-02-03 10:00:00,Atelier,20.44,4.19,49.1,8,ouvré,27.724
3827,2025-02-01 21:00:00,bureau sud,22.23,1.59,53.5,0,weekend,11.774
342,2025-01-03 20:00:00,bureau sud,21.11,2.81,37.8,9,ouvré,10.042
233,2025-01-02 22:00:00,atelier,21.78,-1.11,43.4,3,ouvré,15.332
9905,2025-03-24 12:00:00,Accueil,21.04,8.56,40.6,13,ouvré,13.505
1719,2025-01-15 07:00:00,Salle Serveur,20.53,0.31,39.5,,ouvré,47.315
5776,2025-02-18 03:00:00,Bureau_Nord,,-1.71,50.1,0,ouvré,12.283
9409,2025-03-20 09:00:00,Salle Serveur,21.84,6.39,47.0,0,ouvré,44.814
1749,2025-01-15 13:00:00,Salle_Serveur,20.85,3.26,49.0,0,ouvré,45.469
9753,2025-03-23 06:00:00,Atelier,22.26,3.7,35.1,0,weekend,12.778
331,2025-01-03 18:00:00,Bureau_Nord,21.31,6.84,47.4,3,ouvré,12.221
4539,2025-02-07 19:00:00,Salle_Serveur,21.35,5.55,39.3,0,ouvré,43.85
4506,2025-02-07 13:00:00,BUREAU NORD,21.88,5.94,38.2,4,ouvré,16.722
5382,2025-02-14 20:00:00,bureau sud,20.83,4.06,50.5,7,ouvré,10.915
5874,2025-02-18 22:00:00,Salle Serveur,20.18,1.19,40.6,0,ouvré,47.304
8727,2025-03-14 17:00:00,Bureau_Sud,21.36,9.07,52.7,2,ouvré,12.547
4877,2025-02-10 15:00:00,bureau sud,20.28,7.23,51.2,5,ouvré,17.984
48,2025-01-01 09:00:00,atelier,21.5,1.87,43.4,7,férié,24.314
8857,2025-03-15 19:00:00,bureau sud,20.79,6.45,51.6,0,weekend,9.194
3965,2025-02-03 00:00:00,Accueil,18.94,-0.19,55.6,11,ouvré,10.22
6332,2025-02-22 18:00:00,Bureau_Sud,20.38,7.24,53.0,0,weekend,8.367
1746,2025-01-15 13:00:00,Bureau_Nord,21.35,3.26,50.1,10,ouvré,19.257
5219,2025-02-13 11:00:00,Salle_Serveur,19.65,3.64,45.5,0,ouvré,46.148
5262,2025-02-13 20:00:00,Bureau_Sud,21.32,3.17,53.4,11,ouvré,10.011
130,2025-01-02 01:00:00,Accueil,21.52,1.94,47.3,4,ouvré,8.519
9101,2025-03-17 20:00:00,BUREAU NORD,23.12,6.62,45.8,5,ouvré,9.786
8508,2025-03-12 21:00:00,Atelier,-999,7.47,39.4,7,ouvré,12.539
9489,2025-03-21 01:00:00,Salle_Serveur,20.22,2.39,55.4,0,ouvré,48.213
9512,2025-03-21 06:00:00,Bureau_Sud,20.51,4.19,50.1,3,ouvré,10.252
5797,2025-02-18 07:00:00,Bureau_Sud,20.47,1.76,35.7,10,ouvré,11.821
6751,2025-02-26 06:00:00,BUREAU NORD,21.17,-0.55,42.7,4,ouvré,11.214
5643,2025-02-17 00:00:00,atelier,19.61,0.58,54.9,0,ouvré,13.523
3430,2025-01-29 13:00:00,accueil ,21.19,5.7,45.4,10,ouvré,12.516
4008,2025-02-03 09:00:00,atelier,21.7,1.36,35.9,11,ouvré,25.101
8249,2025-03-10 17:00:00,Salle Serveur,19.84,9.11,35.3,0,ouvré,42.708
10536,2025-03-29 19:00:00,BUREAU NORD,20.79,10.44,49.4,0,weekend,6.122
6318,2025-02-22 15:00:00,Atelier,20.91,6.38,36.6,0,weekend,12.422
2675,2025-01-23 06:00:00,Accueil,21.34,-1.41,36.5,7,ouvré,10.892
3137,2025-01-27 03:00:00,Bureau_Sud,20.49,-1.49,37.9,,ouvré,12.759
9124,2025-03-18 00:00:00,Salle_Serveur,21.46,3.19,34.5,0,ouvré,46.177
2677,2025-01-23 07:00:00,Bureau_Sud,21.04,0.5,47.0,7,ouvré,13.298
6675,2025-02-25 14:00:00,Accueil,,5.28,57.6,9,ouvré,14.052
5289,2025-02-14 01:00:00,Salle Serveur,20.64,-0.01,52.8,0,ouvré,46.969
5176,2025-02-13 03:00:00,BUREAU NORD,20.92,0.01,48.5,8,ouvré,11.35
1882,2025-01-16 16:00:00,Bureau_Sud,21.02,8.27,39.3,3,ouvré,14.885
6671,2025-02-25 14:00:00,bureau_nord,,5.28,60.1,9,ouvré,16.558
3245,2025-01-28 00:00:00,Accueil,20.63,-0.57,50.2,4,ouvré,10.977
105,2025-01-01 20:00:00,Accueil,19.7,3.26,32.8,1,férié,8.897
2516,2025-01-21 23:00:00,bureau_nord,21.69,2.02,47.2,11,ouvré,9.593
713,2025-01-06 22:00:00,atelier,20.43,0.49,42.9,14,ouvré,13.24
7062,2025-02-28 20:00:00,bureau sud,22.04,6.48,27.9,7,ouvré,9.17
10319,2025-03-27 23:00:00,Salle Serveur,20.42,5.86,44.2,0,ouvré,45.433
10352,2025-03-28 06:00:00,bureau sud,21.3,3.71,39.0,5,ouvré,11.028
9032,2025-03-17 06:00:00,Bureau_Sud,21.15,3.83,46.8,,ouvré,10.881
5619,2025-02-16 19:00:00,Salle Serveur,21.03,3.61,46.6,0,weekend,46.645
7134,2025-03-01 10:00:00,Salle Serveur,21.92,4.78,37.6,0,weekend,45.978
7635,2025-03-05 14:00:00,Accueil,21.96,8.98,38.5,12,ouvré,11.149
4407,2025-02-06 17:00:00,bureau sud,20.19,6.36,28.3,6,ouvré,14.152
2799,2025-01-24 07:00:00,Salle Serveur,21.01,-1.32,50.0,0,ouvré,49.904
5818,2025-02-18 11:00:00,Atelier,21.77,4.68,46.2,6,ouvré,29.698
65,2025-01-01 12:00:00,accueil ,19.86,5.72,43.9,14,férié,14.705
159,2025-01-02 07:00:00,Salle Serveur,20.32,1.71,46.5,0,ouvré,48.62
5555,2025-02-16 06:00:00,accueil ,21.59,0.71,45.4,0,weekend,10.792
195,2025-01-02 14:00:00,accueil ,,6.33,31.2,11,ouvré,13.263
4344,2025-02-06 04:00:00,Salle Serveur,,-0.64,47.8,0,ouvré,47.175
1946,2025-01-17 05:00:00,bureau_nord,21.65,0.64,46.5,7,ouvré,12.399
262,2025-01-03 04:00:00,bureau sud,23.07,-3.23,48.2,6,ouvré,12.341
7123,2025-03-01 08:00:00,atelier,21.09,2.1,,0,weekend,
718,2025-01-06 23:00:00,atelier,21.95,2.79,40.1,0,ouvré,13.588
2573,2025-01-22 10:00:00,Atelier,21.85,3.35,53.5,10,ouvré,27.099
10407,2025-03-28 17:00:00,Bureau_Sud,20.75,12.8,39.8,,ouvré,10.594
4776,2025-02-09 19:00:00,bureau_nord,21.01,6.46,48.2,0,weekend,9.28
5908,2025-02-19 05:00:00,Atelier,20.65,-1.75,49.8,12,ouvré,15.803
3420,2025-01-29 11:00:00,accueil ,20.2,3.34,61.4,1,ouvré,13.849
3317,2025-01-28 15:00:00,bureau sud,21.44,5.22,44.1,0,ouvré,18.364
5589,2025-02-16 13:00:00,Salle_Serveur,21.85,6.41,34.6,0,weekend,45.411
5583,2025-02-16 12:00:00,atelier,20.21,4.49,48.8,0,weekend,13.772
251,2025-01-03 02:00:00,BUREAU NORD,21.14,-1.2,42.9,5,ouvré,10.915
4002,2025-02-03 08:00:00,Bureau_Sud,20.51,1.15,43.6,6,ouvré,11.374
1967,2025-01-17 09:00:00,bureau sud,20.71,2.21,,7,ouvré,14.116
7324,2025-03-03 00:00:00,Salle_Serveur,21.35,0.12,39.4,0,ouvré,47.901
1002,2025-01-09 08:00:00,bureau sud,21.47,1.48,43.5,7,ouvré,14.02
759,2025-01-07 07:00:00,Salle_Serveur,20.85,0.61,55.5,0,ouvré,47.685
10212,2025-03-27 02:00:00,Bureau_Sud,20.79,4.17,46.4,5,ouvré,8.779
5933,2025-02-19 10:00:00,Atelier,20.61,5.53,53.7,,ouvré,28.841
281,2025-01-03 08:00:00,Bureau_Nord,20.89,2.49,46.3,9,ouvré,12.593
5496,2025-02-15 19:00:00,Bureau_Nord,20.26,4.62,50.2,0,weekend,9.116
200,2025-01-02 15:00:00,Accueil,19.75,5.77,39.3,8,ouvré,14.135
2920,2025-01-25 07:00:00,accueil ,20.67,1.88,53.0,0,weekend,10.376
3206,2025-01-27 17:00:00,BUREAU NORD,20.27,5.88,49.9,14,ouvré,13.021
3116,2025-01-26 23:00:00,BUREAU NORD,19.61,-1.36,36.3,0,weekend,11.545
2344,2025-01-20 12:00:00,Salle_Serveur,20.84,4.71,48.8,0,ouvré,47.348
2914,2025-01-25 06:00:00,Salle_Serveur,20.17,0.43,42.7,0,weekend,47.528
9542,2025-03-21 12:00:00,Bureau_Sud,21.45,7.59,52.0,12,ouvré,18.305
3844,2025-02-02 00:00:00,Salle Serveur,19.49,-1.87,50.5,0,weekend,49.409
10476,2025-03-29 07:00:00,BUREAU NORD,,4.05,44.2,0,weekend,9.179
8229,2025-03-10 13:00:00,Salle Serveur,21.49,9.06,48.9,0,ouvré,45.879
439,2025-01-04 15:00:00,Salle Serveur,21.83,5.48,40.4,0,weekend,47.659
1702,2025-01-15 04:00:00,Bureau_Sud,18.85,-1.88,32.8,15,ouvré,12.009
959,2025-01-08 23:00:00,Salle_Serveur,21.12,-0.57,49.9,0,ouvré,48.652
1738,2025-01-15 11:00:00,Atelier,19.74,3.61,43.8,10,ouvré,30.983
2884,2025-01-25 00:00:00,Salle Serveur,19.78,-0.28,47.7,0,weekend,47.155
8633,2025-03-13 22:00:00,atelier,20.05,5.83,35.4,8,ouvré,12.394
9779,2025-03-23 11:00:00,Salle_Serveur,20.79,9.91,51.1,0,weekend,43.928
10442,2025-03-29 00:00:00,bureau sud,19.0,3.13,37.0,,weekend,11.032
716,2025-01-06 23:00:00,BUREAU NORD,21.01,2.79,46.0,9,ouvré,9.681
7300,2025-03-02 19:00:00,Accueil,20.6,8.24,43.2,0,weekend,5.764
5533,2025-02-16 02:00:00,Atelier,20.87,0.46,48.9,0,weekend,13.07
349,2025-01-03 21:00:00,Salle Serveur,21.34,1.31,56.0,,ouvré,48.657
1292,2025-01-11 18:00:00,bureau sud,20.41,6.3,52.0,0,weekend,8.136
8130,2025-03-09 17:00:00,Accueil,21.24,7.24,30.3,0,weekend,5.048
7104,2025-03-01 04:00:00,Salle_Serveur,21.86,-0.9,45.6,0,weekend,48.344
4622,2025-02-08 12:00:00,bureau sud,20.83,5.53,52.7,0,weekend,8.557
8098,2025-03-09 11:00:00,atelier,20.74,8.24,,0,weekend,
2828,2025-01-24 13:00:00,atelier,22.41,6.68,38.2,9,ouvré,32.833
7060,2025-02-28 19:00:00,accueil ,21.33,4.34,47.6,10,ouvré,9.938
946,2025-01-08 21:00:00,BUREAU NORD,20.24,0.92,47.0,6,ouvré,8.365
9721,2025-03-23 00:00:00,Bureau_Nord,20.53,4.36,40.0,0,weekend,10.12
5845,2025-02-18 16:00:00,accueil ,20.3,6.88,47.8,5,ouvré,10.744
10087,2025-03-26 01:00:00,Bureau_Sud,22.2,3.77,51.3,5,ouvré,8.882
4641,2025-02-08 16:00:00,BUREAU NORD,21.86,6.15,39.7,,weekend,7.379
724,2025-01-07 00:00:00,Salle_Serveur,19.95,-0.1,47.7,0,ouvré,48.273
6105,2025-02-20 20:00:00,Accueil,22.78,3.11,43.4,12,ouvré,9.203
2251,2025-01-19 18:00:00,BUREAU NORD,21.3,6.43,42.7,0,weekend,7.351
7486,2025-03-04 09:00:00,bureau_nord,21.52,3.83,53.0,2,ouvré,13.018
1652,2025-01-14 18:00:00,Bureau_Sud,20.33,4.32,47.0,6,ouvré,11.794
6044,2025-02-20 08:00:00,Salle_Serveur,20.22,2.05,44.5,0,ouvré,45.386
8196,2025-03-10 07:00:00,Bureau_Nord,20.71,4.53,40.9,11,ouvré,11.32
744,2025-01-07 04:00:00,Salle_Serveur,20.63,-1.91,,0,ouvré,48.182
3278,2025-01-28 07:00:00,Atelier,21.85,1.86,51.7,7,ouvré,18.476
2431,2025-01-21 06:00:00,Bureau_Nord,21.21,2.3,43.4,0,ouvré,12.598
8139,2025-03-09 19:00:00,Salle Serveur,20.83,7.97,45.0,0,weekend,44.173
348,2025-01-03 21:00:00,atelier,21.31,1.31,44.3,13,ouvré,14.417
8306,2025-03-11 05:00:00,bureau_nord,21.33,3.08,40.8,12,ouvré,9.762
985,2025-01-09 04:00:00,Accueil,20.14,0.93,48.4,5,ouvré,9.26
4293,2025-02-05 18:00:00,atelier,18.58,4.81,49.4,16,ouvré,20.034
3687,2025-01-31 17:00:00,bureau sud,21.45,4.77,56.5,6,ouvré,15.586
6404,2025-02-23 08:00:00,Salle Serveur,20.5,2.98,33.7,0,weekend,45.836
9381,2025-03-20 04:00:00,BUREAU NORD,19.68,0.98,33.2,5,ouvré,9.067
1721,2025-01-15 08:00:00,Bureau_Nord,21.51,1.03,41.5,15,ouvré,14.885
5567,2025-02-16 09:00:00,Bureau_Sud,21.5,3.19,47.0,0,weekend,10.588
729,2025-01-07 01:00:00,Salle_Serveur,20.95,0.21,50.2,,ouvré,46.706
3214,2025-01-27 18:00:00,Salle_Serveur,22.21,5.34,46.4,0,ouvré,47.606
5662,2025-02-17 04:00:00,bureau sud,21.74,-1.05,45.8,1,ouvré,12.957
9578,2025-03-21 19:00:00,atelier,21.73,9.08,38.8,13,ouvré,15.944
4065,2025-02-03 20:00:00,Accueil,22.45,3.02,52.6,11,ouvré,8.72
3745,2025-02-01 04:00:00,accueil ,21.77,-0.19,,0,weekend,11.743
9678,2025-03-22 15:00:00,Atelier,21.54,10.98,47.0,0,weekend,9.94
6015,2025-02-20 02:00:00,Accueil,19.77,1.42,46.8,6,ouvré,8.538
4492,2025-02-07 10:00:00,Bureau_Sud,21.29,4.22,41.5,7,ouvré,18.017
5315,2025-02-14 06:00:00,accueil ,19.9,-0.54,43.9,9,ouvré,11.347
806,2025-01-07 17:00:00,BUREAU NORD,20.74,5.75,42.2,1,ouvré,14.287
3993,2025-02-03 06:00:00,atelier,20.5,-0.13,40.6,6,ouvré,17.876
6438,2025-02-23 15:00:00,Atelier,20.78,8.15,,0,weekend,10.012
1297,2025-01-11 19:00:00,bureau sud,21.29,3.7,38.5,0,weekend,10.336
9046,2025-03-17 09:00:00,bureau_nord,20.23,5.87,42.9,,ouvré,12.299
386,2025-01-04 05:00:00,Bureau_Nord,20.96,-0.12,56.6,0,weekend,12.946
9933,2025-03-24 18:00:00,Atelier,20.65,9.27,39.1,,ouvré,17.836
10509,2025-03-29 13:00:00,Salle_Serveur,21.04,12.5,49.0,0,weekend,41.364
9111,2025-03-17 22:00:00,Bureau_Nord,19.72,4.89,46.6,11,ouvré,7.921
3904,2025-02-02 12:00:00,Salle_Serveur,19.88,5.42,35.0,0,weekend,45.306
10716,2025-03-31 07:00:00,BUREAU NORD,22.61,8.17,56.6,4,ouvré,396.789
6121,2025-02-21 00:00:00,Bureau_Nord,20.94,-0.92,39.0,7,ouvré,
5042,2025-02-12 00:00:00,bureau sud,22.06,1.28,47.8,12,ouvré,11.028
8677,2025-03-14 07:00:00,Bureau_Sud,21.15,4.34,48.7,9,ouvré,10.755
9942,2025-03-24 20:00:00,bureau sud,20.94,9.68,33.0,6,ouvré,9.427
2181,2025-01-19 04:00:00,bureau_nord,21.55,-2.12,45.6,,weekend,11.382
2006,2025-01-17 17:00:00,bureau_nord,20.82,8.95,47.4,6,ouvré,12.659
5834,2025-02-18 14:00:00,Salle Serveur,20.11,8.48,45.9,0,,43.713
4030,2025-02-03 13:00:00,Accueil,21.16,4.92,46.6,10,ouvré,14.062
9805,2025-03-23 16:00:00,accueil ,20.5,9.49,44.5,0,weekend,5.696
4511,2025-02-07 14:00:00,BUREAU NORD,21.98,5.78,40.2,6,ouvré,15.907
7094,2025-03-01 02:00:00,Salle Serveur,20.58,1.67,49.0,0,weekend,47.118
7548,2025-03-04 21:00:00,atelier,21.15,6.47,50.4,11,ouvré,14.663
2931,2025-01-25 10:00:00,bureau_nord,20.07,3.72,36.9,0,weekend,8.782
4926,2025-02-11 01:00:00,BUREAU NORD,19.97,-2.01,46.8,8,ouvré,12.229
7,2025-01-01 01:00:00,bureau sud,20.87,-1.52,37.6,11,férié,11.48
10439,2025-03-28 23:00:00,Salle Serveur,21.82,5.65,37.9,0,ouvré,45.494
4902,2025-02-10 20:00:00,Bureau_Sud,22.7,3.51,50.0,5,ouvré,10.627
7697,2025-03-06 03:00:00,Bureau_Sud,19.15,1.21,42.0,10,ouvré,9.95
2129,2025-01-18 17:00:00,Salle_Serveur,20.95,5.33,38.6,0,weekend,544.259
5708,2025-02-17 13:00:00,Atelier,20.95,6.5,44.1,0,ouvré,34.644
6688,2025-02-25 17:00:00,atelier,22.39,6.34,52.0,19,ouvré,22.183
8875,2025-03-15 22:00:00,Accueil,20.35,5.66,51.6,0,weekend,6.433
5344,2025-02-14 12:00:00,Salle_Serveur,20.73,6.15,46.5,0,ouvré,45.571
2313,2025-01-20 06:00:00,atelier,19.7,-3.28,48.3,,ouvré,19.015
6830,2025-02-26 21:00:00,accueil ,21.01,2.77,38.9,4,ouvré,9.732
5474,2025-02-15 14:00:00,Salle_Serveur,21.5,6.0,43.0,0,weekend,45.53
9581,2025-03-21 20:00:00,Bureau_Nord,21.86,7.07,45.5,13,ouvré,9.798
8680,2025-03-14 07:00:00,Accueil,18.97,4.34,39.7,12,ouvré,6.859
5129,2025-02-12 17:00:00,Salle_Serveur,20.69,7.88,39.6,,ouvré,43.958
9005,2025-03-17 00:00:00,Accueil,21.43,2.47,51.0,6,ouvré,8.894
8331,2025-03-11 10:00:00,BUREAU NORD,21.41,8.65,38.0,6,ouvré,13.962
9820,2025-03-23 19:00:00,accueil ,19.55,10.0,39.8,0,weekend,6.879
2691,2025-01-23 10:00:00,bureau_nord,21.12,5.36,47.6,5,ouvré,15.722
4366,2025-02-06 09:00:00,BUREAU NORD,21.24,2.68,44.9,13,ouvré,16.661
1276,2025-01-11 15:00:00,bureau_nord,21.05,5.72,33.8,0,weekend,7.904
9874,2025-03-24 06:00:00,Salle_Serveur,21.17,2.81,41.8,0,ouvré,47.911
8448,2025-03-12 09:00:00,atelier,21.77,5.67,39.6,11,ouvré,23.438
2847,2025-01-24 17:00:00,bureau sud,21.26,7.76,44.9,1,ouvré,12.579
4137,2025-02-04 11:00:00,bureau sud,19.64,4.74,38.8,8,ouvré,19.937
9656,2025-03-22 11:00:00,Bureau_Nord,21.4,8.22,40.0,0,weekend,9.315
9134,2025-03-18 02:00:00,Salle Serveur,20.65,1.17,45.9,0,ouvré,47.372
612,2025-01-06 02:00:00,bureau sud,20.26,-3.24,46.1,4,ouvré,11.738
4084,2025-02-04 00:00:00,Salle Serveur,21.41,-0.52,58.4,0,ouvré,47.072
6649,2025-02-25 09:00:00,Salle_Serveur,21.17,4.77,58.7,0,ouvré,46.867
4194,2025-02-04 22:00:00,Salle Serveur,21.32,1.32,42.6,0,ouvré,46.551
7160,2025-03-01 15:00:00,accueil ,21.22,9.2,48.9,0,weekend,6.004
1989,2025-01-17 13:00:00,Salle Serveur,20.66,3.3,55.5,0,ouvré,46.64
10675,2025-03-30 22:00:00,accueil ,20.49,7.28,35.4,0,weekend,5.654
10303,2025-03-27 20:00:00,Atelier,20.29,8.12,38.6,8,ouvré,14.075
6668,2025-02-25 13:00:00,Atelier,21.92,6.74,,8,ouvré,33.78
4717,2025-02-09 07:00:00,Bureau_Sud,21.64,0.93,45.4,0,weekend,10.939
73,2025-01-01 14:00:00,atelier,19.25,4.97,,9,férié,32.605
309,2025-01-03 13:00:00,Salle_Serveur,20.32,4.2,44.4,0,ouvré,47.999
10485,2025-03-29 08:00:00,accueil ,20.42,4.75,48.5,,weekend,7.131
44,2025-01-01 08:00:00,Salle_Serveur,20.79,1.89,45.0,0,férié,46.331
9999,2025-03-25 07:00:00,Salle_Serveur,20.97,4.89,29.9,0,ouvré,45.775
5388,2025-02-14 21:00:00,atelier,21.72,2.45,49.3,12,ouvré,14.465
9241,2025-03-19 00:00:00,BUREAU NORD,21.52,3.17,51.6,3,ouvré,8.569
3582,2025-01-30 20:00:00,bureau sud,20.93,2.72,45.1,9,ouvré,12.262
7793,2025-03-06 22:00:00,atelier,20.66,4.08,41.7,6,ouvré,13.682
5003,2025-02-11 16:00:00,Atelier,21.89,4.91,49.8,0,ouvré,27.457
2618,2025-01-22 19:00:00,Atelier,22.1,2.86,35.2,10,ouvré,18.09
4573,2025-02-08 02:00:00,atelier,22.51,-1.12,46.1,0,weekend,15.204
8833,2025-03-15 14:00:00,Atelier,20.51,9.45,40.3,0,weekend,11.214
7415,2025-03-03 18:00:00,Accueil,21.76,8.27,31.4,,ouvré,8.213
5391,2025-02-14 22:00:00,Bureau_Nord,20.5,1.67,40.3,7,ouvré,10.375
10437,2025-03-28 23:00:00,Bureau_Sud,23.11,5.65,,2,ouvré,9.792
2533,2025-01-22 02:00:00,Atelier,21.64,0.09,52.3,4,ouvré,14.282
1342,2025-01-12 04:00:00,bureau sud,21.3,-0.81,,0,weekend,12.523
3406,2025-01-29 09:00:00,Bureau_Nord,20.41,1.1,34.8,10,ouvré,14.689
9840,2025-03-23 23:00:00,accueil ,20.33,5.25,42.2,,weekend,8.577
4037,2025-02-03 15:00:00,bureau sud,22.14,9.15,50.8,12,ouvré,16.036
9347,2025-03-19 21:00:00,bureau sud,22.79,6.01,51.9,2,ouvré,10.308
1207,2025-01-11 01:00:00,bureau sud,20.91,-0.49,45.6,0,weekend,11.387
9742,2025-03-23 04:00:00,bureau sud,20.6,2.19,48.9,0,weekend,9.947
458,2025-01-04 19:00:00,atelier,21.56,3.48,42.6,0,weekend,13.57
6978,2025-02-28 03:00:00,atelier,20.53,2.86,40.1,,ouvré,11.46
8489,2025-03-12 17:00:00,Salle Serveur,21.56,9.0,46.4,0,ouvré,44.042
3523,2025-01-30 08:00:00,Atelier,21.41,1.15,41.3,7,ouvré,22.283
3584,2025-01-30 20:00:00,Salle Serveur,,2.72,46.1,0,ouvré,46.378
6138,2025-02-21 03:00:00,atelier,22.29,-1.62,52.6,,ouvré,15.019
1077,2025-01-09 23:00:00,Bureau_Sud,21.25,0.76,42.1,13,ouvré,10.776
4750,2025-02-09 13:00:00,accueil ,20.68,5.65,43.6,,weekend,
4417,2025-02-06 19:00:00,bureau sud,20.94,6.62,46.7,14,ouvré,9.233
9145,2025-03-18 04:00:00,Accueil,21.18,3.18,36.3,4,ouvré,8.069
3796,2025-02-01 15:00:00,BUREAU NORD,21.55,6.6,42.9,,weekend,7.87
5322,2025-02-14 08:00:00,bureau sud,19.93,2.04,49.3,12,ouvré,14.902
3504,2025-01-30 04:00:00,Salle_Serveur,21.73,-0.92,51.7,0,ouvré,48.646
10312,2025-03-27 22:00:00,bureau sud,22.08,5.7,37.4,7,ouvré,9.846
6576,2025-02-24 19:00:00,bureau_nord,22.53,6.75,38.0,10,ouvré,7.92
1104,2025-01-10 04:00:00,Salle_Serveur,21.68,0.91,36.3,0,ouvré,47.76
2973,2025-01-25 18:00:00,atelier,20.4,4.89,38.8,0,weekend,11.929
2680,2025-01-23 07:00:00,accueil ,20.34,0.5,44.7,14,ouvré,11.288
9170,2025-03-18 09:00:00,Accueil,20.73,5.75,57.3,6,ouvré,11.31
144,2025-01-02 04:00:00,Salle_Serveur,20.9,-1.82,,0,ouvré,48.226
6091,2025-02-20 18:00:00,Bureau_Nord,21.52,5.3,52.4,4,ouvré,10.676
3485,2025-01-30 00:00:00,accueil ,20.6,0.24,43.1,8,ouvré,11.221
10728,2025-03-31 09:00:00,atelier,20.73,3.65,50.1,4,ouvré,24.773
6585,2025-02-24 20:00:00,Accueil,20.47,3.65,42.0,11,ouvré,9.074
3953,2025-02-02 22:00:00,atelier,20.03,0.68,52.2,0,weekend,15.706
8586,2025-03-13 13:00:00,Bureau_Nord,20.82,9.64,46.3,7,,15.704
4349,2025-02-06 05:00:00,Salle Serveur,22.04,-1.22,49.9,0,ouvré,48.517
6628,2025-02-25 05:00:00,atelier,21.24,0.45,50.2,5,ouvré,16.056
9137,2025-03-18 03:00:00,bureau sud,20.21,1.74,47.5,1,ouvré,11.21
1985,2025-01-17 12:00:00,Accueil,22.27,3.2,47.9,12,ouvré,13.91
7166,2025-03-01 17:00:00,BUREAU NORD,21.91,7.22,43.7,0,weekend,7.109
8630,2025-03-13 21:00:00,accueil ,19.9,6.55,38.8,8,ouvré,
9846,2025-03-24 01:00:00,BUREAU NORD,22.06,3.75,37.3,2,ouvré,7.519
966,2025-01-09 01:00:00,BUREAU NORD,20.38,1.93,40.5,10,ouvré,9.368
9350,2025-03-19 21:00:00,accueil ,21.12,6.01,53.9,,ouvré,6.947
8537,2025-03-13 03:00:00,Bureau_Sud,19.96,2.11,46.8,4,ouvré,10.141
7365,2025-03-03 08:00:00,accueil ,20.71,5.46,37.4,12,ouvré,9.882
5604,2025-02-16 16:00:00,Salle Serveur,21.6,6.76,32.9,0,weekend,515.347
3412,2025-01-29 10:00:00,Bureau_Sud,20.04,5.63,49.5,4,ouvré,
2590,2025-01-22 13:00:00,accueil ,21.23,4.97,50.2,12,ouvré,13.021
8017,2025-03-08 19:00:00,bureau sud,20.1,8.97,54.3,0,weekend,7.94
8147,2025-03-09 21:00:00,Bureau_Sud,19.26,6.29,41.7,0,weekend,7.351
1706,2025-01-15 05:00:00,BUREAU NORD,20.55,0.06,40.2,5,ouvré,9.795
10743,2025-03-31 12:00:00,atelier,20.53,9.19,36.9,9,ouvré,30.526
2396,2025-01-20 23:00:00,Bureau_Nord,21.16,-1.3,39.1,14,ouvré,10.937
3407,2025-01-29 09:00:00,bureau sud,20.84,1.1,43.2,11,ouvré,15.449
3290,2025-01-28 09:00:00,accueil ,21.54,1.06,41.8,11,ouvré,13.068
6180,2025-02-21 11:00:00,accueil ,19.74,4.38,49.1,6,ouvré,14.237
2638,2025-01-22 23:00:00,atelier,20.7,-0.34,39.3,10,ouvré,13.786
10320,2025-03-27 23:00:00,accueil ,20.15,5.86,42.5,4,ouvré,7.27
2346,2025-01-20 13:00:00,bureau_nord,22.77,5.51,30.4,8,ouvré,17.359
1951,2025-01-17 06:00:00,BUREAU NORD,21.74,0.89,43.7,4,ouvré,11.901
9014,2025-03-17 02:00:00,Salle Serveur,19.5,1.26,60.3,0,ouvré,49.134
10355,2025-03-28 06:00:00,Accueil,20.59,3.71,,7,ouvré,8.389
8300,2025-03-11 03:00:00,Accueil,20.48,0.81,52.2,8,ouvré,10.153
3285,2025-01-28 08:00:00,Accueil,21.67,1.23,42.3,9,ouvré,12.299
8688,2025-03-14 09:00:00,atelier,21.1,7.6,45.6,8,ouvré,
9408,2025-03-20 09:00:00,Atelier,21.75,6.39,42.0,14,ouvré,22.279
7503,2025-03-04 12:00:00,atelier,20.74,6.98,47.2,1,ouvré,31.756
10159,2025-03-26 15:00:00,Salle_Serveur,21.63,9.99,43.6,,ouvré,45.232
7684,2025-03-06 00:00:00,Salle Serveur,20.7,1.89,43.8,0,ouvré,47.244
9739,2025-03-23 03:00:00,Salle_Serveur,21.5,3.72,41.9,0,weekend,46.889
6385,2025-02-23 04:00:00,Accueil,22.04,-0.86,36.6,0,weekend,11.837
7842,2025-03-07 08:00:00,bureau sud,20.23,5.74,27.9,9,ouvré,13.741
5949,2025-02-19 13:00:00,Salle Serveur,21.4,5.38,36.0,0,ouvré,45.781
944,2025-01-08 20:00:00,Salle_Serveur,20.97,2.24,45.6,0,ouvré,46.906
5139,2025-02-12 19:00:00,Salle Serveur,21.04,7.05,40.5,0,ouvré,43.992
6520,2025-02-24 07:00:00,Accueil,21.62,-1.1,49.4,8,ouvré,11.659
9590,2025-03-21 21:00:00,Accueil,22.32,5.98,43.3,4,ouvré,7.74
4579,2025-02-08 03:00:00,Salle_Serveur,21.5,-2.58,45.1,0,weekend,49.524
7182,2025-03-01 20:00:00,Bureau_Sud,20.64,5.62,42.0,0,weekend,9.007
4432,2025-02-06 22:00:00,bureau sud,22.09,-0.13,31.5,9,ouvré,10.881
1245,2025-01-11 08:00:00,accueil ,20.83,1.54,53.1,0,weekend,7.638
1284,2025-01-11 16:00:00,Salle_Serveur,20.38,4.9,49.3,0,weekend,46.821
9095,2025-03-17 18:00:00,accueil ,19.55,9.84,40.0,9,ouvré,8.51
8741,2025-03-14 20:00:00,Bureau_Nord,20.17,5.09,40.4,13,ouvré,11.024
43,2025-01-01 08:00:00,Atelier,21.23,1.89,47.8,10,férié,22.574
1568,2025-01-14 01:00:00,Atelier,21.41,-0.86,31.6,9,ouvré,14.376
5957,2025-02-19 15:00:00,Bureau_Sud,,8.48,44.8,8,ouvré,
8511,2025-03-12 22:00:00,bureau_nord,20.78,5.6,49.1,6,ouvré,8.438
2031,2025-01-17 22:00:00,Bureau_Nord,20.74,0.52,46.3,6,ouvré,10.795
10280,2025-03-27 15:00:00,accueil ,20.62,12.74,49.6,6,ouvré,9.937
8232,2025-03-10 14:00:00,Bureau_Sud,22.81,6.54,38.9,4,ouvré,19.039
7082,2025-03-01 00:00:00,Bureau_Sud,21.34,0.07,50.3,0,weekend,10.853
5687,2025-02-17 09:00:00,Bureau_Sud,21.35,3.38,51.7,,ouvré,16.138
8145,2025-03-09 20:00:00,accueil ,19.73,7.47,55.1,0,weekend,6.185
8794,2025-03-15 06:00:00,Salle_Serveur,20.17,1.3,38.5,0,weekend,45.849
8351,2025-03-11 14:00:00,BUREAU NORD,21.33,7.74,49.3,5,ouvré,17.082
7816,2025-03-07 03:00:00,bureau_nord,20.02,-1.12,44.5,,ouvré,9.899
431,2025-01-04 14:00:00,bureau_nord,20.42,6.38,40.4,0,weekend,8.754
10326,2025-03-28 01:00:00,bureau_nord,20.22,4.04,35.1,0,ouvré,9.152
4621,2025-02-08 12:00:00,Bureau_Nord,22.33,5.53,40.6,0,weekend,7.84
2636,2025-01-22 23:00:00,bureau_nord,19.75,-0.34,48.0,3,ouvré,10.988
648,2025-01-06 09:00:00,atelier,20.41,2.57,46.6,5,ouvré,24.79
4859,2025-02-10 11:00:00,Salle Serveur,20.11,5.54,,0,ouvré,46.698
2870,2025-01-24 21:00:00,accueil ,21.16,1.04,35.9,2,ouvré,9.093
10058,2025-03-25 19:00:00,atelier,22.31,9.26,33.3,0,ouvré,14.412
1725,2025-01-15 08:00:00,Accueil,21.42,1.03,54.3,7,ouvré,11.99
826,2025-01-07 21:00:00,Bureau_Nord,21.6,1.39,,12,ouvré,10.125
8120,2025-03-09 15:00:00,Accueil,20.49,8.47,42.4,0,weekend,5.263
5486,2025-02-15 17:00:00,Bureau_Nord,20.11,6.51,46.1,0,weekend,7.272
8228,2025-03-10 13:00:00,Atelier,20.53,9.06,46.3,7,ouvré,33.338
10018,2025-03-25 11:00:00,Atelier,20.28,7.65,36.6,,ouvré,30.72
10278,2025-03-27 15:00:00,Atelier,20.7,12.74,40.9,6,ouvré,26.526
3192,2025-01-27 14:00:00,Bureau_Sud,21.61,6.98,46.3,12,ouvré,18.708
1992,2025-01-17 14:00:00,Bureau_Sud,22.55,5.85,52.4,6,ouvré,20.408
1218,2025-01-11 03:00:00,atelier,20.55,0.19,55.9,0,weekend,14.549
5816,2025-02-18 11:00:00,Bureau_Nord,20.88,4.68,42.9,5,ouvré,15.936
111,2025-01-01 22:00:00,BUREAU NORD,22.25,3.6,37.6,2,férié,9.051
6893,2025-02-27 10:00:00,atelier,22.12,4.35,40.5,4,ouvré,28.774
1170,2025-01-10 17:00:00,Accueil,21.19,6.03,,2,ouvré,10.729
7072,2025-02-28 22:00:00,Bureau_Sud,21.42,2.03,41.3,,ouvré,12.027
7715,2025-03-06 06:00:00,Accueil,20.49,2.86,49.2,10,ouvré,11.498
6859,2025-02-27 03:00:00,Salle_Serveur,21.81,0.55,,0,ouvré,46.559
1935,2025-01-17 02:00:00,accueil ,20.22,-1.1,45.6,9,ouvré,9.978
10317,2025-03-27 23:00:00,bureau sud,20.29,5.86,42.9,6,ouvré,8.801
2744,2025-01-23 20:00:00,Salle_Serveur,21.67,4.69,45.9,0,ouvré,45.386
9955,2025-03-24 22:00:00,Accueil,20.44,6.01,49.8,10,ouvré,7.546
1255,2025-01-11 10:00:00,accueil ,21.02,1.98,,0,weekend,9.118
3706,2025-01-31 21:00:00,Bureau_Nord,21.07,2.26,49.2,7,ouvré,11.313
5539,2025-02-16 03:00:00,Salle_Serveur,20.64,-2.61,47.6,0,weekend,50.279
6522,2025-02-24 08:00:00,bureau sud,20.1,4.4,35.2,,ouvré,14.348
6832,2025-02-26 22:00:00,bureau sud,20.84,1.18,38.5,0,ouvré,11.156
3979,2025-02-03 03:00:00,Salle_Serveur,21.11,-1.93,40.7,0,ouvré,48.39
2125,2025-01-18 16:00:00,Accueil,19.67,7.86,41.3,0,weekend,7.287
2268,2025-01-19 21:00:00,Atelier,21.9,2.51,,0,weekend,13.459
9940,2025-03-24 19:00:00,accueil ,21.42,7.56,36.8,6,ouvré,7.866
4586,2025-02-08 05:00:00,bureau_nord,21.28,-0.48,,0,weekend,12.883
7258,2025-03-02 11:00:00,atelier,20.12,7.78,38.9,0,weekend,13.021
4937,2025-02-11 03:00:00,Bureau_Sud,19.45,-0.63,40.3,5,ouvré,12.236
9397,2025-03-20 07:00:00,bureau sud,21.79,4.32,30.6,0,ouvré,12.448
3258,2025-01-28 03:00:00,Atelier,21.62,-3.03,34.2,6,ouvré,15.348
4659,2025-02-08 19:00:00,Salle_Serveur,19.57,2.9,51.6,0,weekend,46.925
888,2025-01-08 09:00:00,atelier,20.56,2.79,47.0,14,ouvré,24.76
9328,2025-03-19 17:00:00,Atelier,20.19,9.01,38.5,13,ouvré,21.111
2187,2025-01-19 05:00:00,bureau sud,21.63,-0.28,45.7,0,weekend,11.933
2042,2025-01-18 00:00:00,bureau sud,20.42,-1.68,48.6,0,weekend,12.723
8585,2025-03-13 12:00:00,accueil ,20.67,8.53,53.5,6,ouvré,11.909
10719,2025-03-31 07:00:00,Salle_Serveur,23.07,8.17,55.1,0,ouvré,46.906
5269,2025-02-13 21:00:00,Salle_Serveur,21.27,4.73,37.9,,ouvré,46.847
7992,2025-03-08 14:00:00,bureau sud,20.9,8.66,43.7,0,weekend,8.304
8802,2025-03-15 08:00:00,bureau sud,20.77,5.56,60.6,0,weekend,8.558
2169,2025-01-19 01:00:00,Salle Serveur,20.63,-1.24,39.5,0,weekend,49.001
2144,2025-01-18 20:00:00,Salle Serveur,20.56,2.71,48.6,0,weekend,47.779
10694,2025-03-31 02:00:00,Salle Serveur,21.26,1.95,56.1,0,ouvré,47.885
5174,2025-02-13 02:00:00,Salle Serveur,20.23,-1.82,44.7,0,ouvré,48.583
8462,2025-03-12 12:00:00,Bureau_Sud,21.54,7.09,45.3,11,ouvré,17.958
4554,2025-02-07 22:00:00,Salle Serveur,19.48,2.81,46.4,0,ouvré,47.535
1023,2025-01-09 12:00:00,atelier,20.05,3.04,34.6,,,33.815
7522,2025-03-04 16:00:00,bureau sud,20.79,9.6,52.9,9,ouvré,13.484
7264,2025-03-02 12:00:00,Salle_Serveur,21.86,8.51,45.5,0,weekend,43.842
3672,2025-01-31 14:00:00,bureau sud,21.69,7.61,39.5,10,ouvré,18.011
8640,2025-03-13 23:00:00,Accueil,21.12,2.47,43.2,0,ouvré,7.851
5299,2025-02-14 03:00:00,Salle Serveur,20.71,-2.54,50.6,0,ouvré,50.388
8649,2025-03-14 01:00:00,Salle_Serveur,20.17,2.31,39.3,0,ouvré,46.226
3879,2025-02-02 07:00:00,Salle_Serveur,20.8,1.23,45.7,0,weekend,46.447
6780,2025-02-26 11:00:00,accueil ,21.27,5.45,49.0,5,ouvré,13.082
8723,2025-03-14 16:00:00,atelier,22.01,8.89,42.3,0,ouvré,25.739
3968,2025-02-03 01:00:00,Atelier,20.43,-1.7,34.4,7,ouvré,15.703
2620,2025-01-22 19:00:00,accueil ,21.29,2.86,,8,ouvré,10.025
7254,2025-03-02 10:00:00,Salle_Serveur,20.86,4.95,41.4,0,weekend,45.881
6434,2025-02-23 14:00:00,Salle Serveur,21.29,6.6,39.3,0,weekend,44.792
4057,2025-02-03 19:00:00,Bureau_Sud,20.76,3.33,51.5,10,ouvré,12.463
3341,2025-01-28 20:00:00,BUREAU NORD,20.26,3.04,46.2,3,ouvré,11.072
9432,2025-03-20 14:00:00,Bureau_Sud,20.93,9.05,36.7,9,ouvré,16.267
4813,2025-02-10 02:00:00,Atelier,21.55,-1.56,42.1,0,ouvré,-39.47
2731,2025-01-23 18:00:00,BUREAU NORD,19.49,4.18,39.4,,ouvré,13.411
2058,2025-01-18 03:00:00,Atelier,21.8,-3.13,45.2,0,weekend,16.903
537,2025-01-05 11:00:00,bureau sud,20.19,3.07,41.0,0,weekend,10.111
4905,2025-02-10 20:00:00,Accueil,-999,3.51,43.4,0,ouvré,8.478
2051,2025-01-18 02:00:00,BUREAU NORD,21.23,-1.9,52.0,0,weekend,12.193
9243,2025-03-19 00:00:00,atelier,21.74,3.17,34.6,,ouvré,11.2
4373,2025-02-06 10:00:00,atelier,20.47,4.94,30.4,9,ouvré,26.848
5349,2025-02-14 13:00:00,Salle Serveur,20.89,3.85,42.9,0,ouvré,47.51
7831,2025-03-07 06:00:00,bureau_nord,21.05,-0.09,43.8,5,ouvré,11.556
3497,2025-01-30 03:00:00,Bureau_Sud,21.09,-1.61,46.1,7,ouvré,11.016
4204,2025-02-05 00:00:00,Salle Serveur,21.41,1.11,45.5,0,ouvré,48.05
6254,2025-02-22 02:00:00,Salle Serveur,21.43,-0.38,53.6,0,weekend,47.726
417,2025-01-04 11:00:00,Bureau_Sud,20.6,4.13,46.7,0,weekend,9.318
8874,2025-03-15 22:00:00,Salle Serveur,20.57,5.66,40.8,0,weekend,-27.687
10235,2025-03-27 06:00:00,accueil ,21.14,6.45,47.2,8,ouvré,7.34
10342,2025-03-28 04:00:00,bureau sud,18.86,4.77,36.5,10,ouvré,9.574
5188,2025-02-13 05:00:00,atelier,21.75,-2.35,45.3,5,ouvré,17.174
8538,2025-03-13 03:00:00,atelier,21.1,2.11,32.3,11,ouvré,
9272,2025-03-19 06:00:00,bureau sud,18.61,6.67,45.5,6,ouvré,9.496
7632,2025-03-05 14:00:00,bureau sud,20.53,8.98,44.0,9,ouvré,18.784
2995,2025-01-25 22:00:00,Accueil,20.25,0.69,48.2,0,weekend,8.965
10735,2025-03-31 10:00:00,Accueil,21.86,10.03,42.4,7,ouvré,8.36
1589,2025-01-14 05:00:00,Salle_Serveur,20.19,-1.39,41.3,0,ouvré,48.063
1651,2025-01-14 18:00:00,BUREAU NORD,20.12,4.32,32.8,6,ouvré,10.971
2713,2025-01-23 14:00:00,atelier,20.23,5.84,,11,ouvré,31.128
643,2025-01-06 08:00:00,atelier,,1.37,34.7,4,ouvré,22.132
10697,2025-03-31 03:00:00,Bureau_Sud,20.06,2.6,35.8,2,ouvré,8.429
1517,2025-01-13 15:00:00,Bureau_Sud,21.95,4.59,38.4,6,ouvré,20.163
6615,2025-02-25 02:00:00,Accueil,22.37,0.67,44.7,2,ouvré,8.144
6289,2025-02-22 09:00:00,Salle Serveur,22.02,5.05,38.2,0,weekend,45.295
3674,2025-01-31 14:00:00,Salle_Serveur,21.55,7.61,47.4,0,ouvré,44.519
9917,2025-03-24 15:00:00,Bureau_Sud,21.23,10.15,55.5,8,ouvré,15.263
8216,2025-03-10 11:00:00,BUREAU NORD,20.68,7.05,40.0,0,ouvré,17.141
5881,2025-02-19 00:00:00,bureau_nord,21.34,1.71,42.1,5,ouvré,7.98
4166,2025-02-04 17:00:00,BUREAU NORD,21.44,3.36,,11,ouvré,14.318
454,2025-01-04 18:00:00,Salle Serveur,19.85,7.38,39.0,0,weekend,44.872
8297,2025-03-11 03:00:00,Bureau_Sud,21.53,0.81,47.0,10,ouvré,9.255
10307,2025-03-27 21:00:00,bureau sud,20.92,7.54,,9,ouvré,8.014
5843,2025-02-18 16:00:00,atelier,20.86,6.88,47.6,1,ouvré,25.519
9378,2025-03-20 03:00:00,Atelier,21.73,2.39,38.1,,ouvré,14.102
3344,2025-01-28 20:00:00,Salle Serveur,20.5,3.04,42.4,0,,46.093
5769,2025-02-18 01:00:00,Salle Serveur,20.88,-1.37,49.3,0,ouvré,49.819
5202,2025-02-13 08:00:00,Bureau_Sud,21.72,2.37,42.5,10,ouvré,14.421
7233,2025-03-02 06:00:00,atelier,20.77,1.99,53.2,0,weekend,13.505
4140,2025-02-04 11:00:00,accueil ,20.62,4.74,45.3,11,ouvré,13.511
1202,2025-01-11 00:00:00,bureau sud,22.08,0.83,47.9,0,weekend,10.674
3267,2025-01-28 05:00:00,Bureau_Sud,20.82,-2.66,42.4,6,ouvré,13.337
3493,2025-01-30 02:00:00,Atelier,22.18,-2.41,53.1,9,ouvré,
9018,2025-03-17 03:00:00,Atelier,20.67,-0.05,46.0,12,ouvré,15.056
7766,2025-03-06 17:00:00,bureau_nord,19.18,8.0,37.4,5,ouvré,12.816
10152,2025-03-26 14:00:00,Bureau_Sud,20.59,10.79,39.9,11,ouvré,17.027
9359,2025-03-19 23:00:00,Salle_Serveur,20.84,4.0,,0,ouvré,46.195
2792,2025-01-24 06:00:00,Bureau_Sud,21.37,-1.43,34.1,11,ouvré,13.818
1240,2025-01-11 07:00:00,accueil ,20.9,0.85,54.1,0,weekend,10.447
5345,2025-02-14 12:00:00,accueil ,21.77,6.15,51.9,8,ouvré,13.442
6661,2025-02-25 12:00:00,BUREAU NORD,20.62,6.49,46.7,18,ouvré,15.234
7121,2025-03-01 08:00:00,Bureau_Nord,21.02,2.1,44.6,0,weekend,12.047
17,2025-01-01 03:00:00,Bureau_Sud,20.05,-2.91,48.5,0,férié,14.811
9149,2025-03-18 05:00:00,Salle Serveur,19.63,2.67,35.1,0,ouvré,46.958
9836,2025-03-23 23:00:00,BUREAU NORD,21.26,5.25,42.4,0,weekend,9.438
8569,2025-03-13 09:00:00,Salle Serveur,21.22,3.9,41.8,0,ouvré,46.647
7219,2025-03-02 03:00:00,Salle_Serveur,20.79,-0.51,45.1,0,weekend,48.218
2611,2025-01-22 18:00:00,BUREAU NORD,23.66,4.56,42.5,,ouvré,13.434
3513,2025-01-30 06:00:00,Atelier,20.4,-2.4,,4,ouvré,19.038
5557,2025-02-16 07:00:00,bureau sud,20.65,0.3,38.7,0,weekend,11.018
8699,2025-03-14 11:00:00,Salle Serveur,20.85,6.03,36.6,0,ouvré,46.017
10435,2025-03-28 22:00:00,Accueil,20.29,5.94,49.4,12,ouvré,6.393
3764,2025-02-01 08:00:00,Salle_Serveur,21.84,0.61,49.8,0,weekend,47.137
8477,2025-03-12 15:00:00,bureau sud,21.17,8.06,38.7,4,ouvré,
4114,2025-02-04 06:00:00,Salle_Serveur,20.25,0.02,39.5,0,ouvré,48.038
9221,2025-03-18 20:00:00,Bureau_Nord,20.98,4.73,56.5,9,ouvré,8.819
5829,2025-02-18 13:00:00,Salle Serveur,20.28,7.13,,0,ouvré,46.509
4388,2025-02-06 13:00:00,Atelier,20.75,6.0,39.6,11,ouvré,32.482
1059,2025-01-09 19:00:00,Salle_Serveur,21.37,2.43,41.0,0,ouvré,47.965
5226,2025-02-13 13:00:00,bureau_nord,20.94,6.2,51.2,5,ouvré,17.9
7440,2025-03-03 23:00:00,accueil ,21.1,1.49,44.9,10,ouvré,9.049
3893,2025-02-02 10:00:00,Atelier,21.64,3.22,37.2,0,weekend,13.801
10678,2025-03-30 23:00:00,atelier,20.08,4.89,50.1,0,weekend,13.369
5228,2025-02-13 13:00:00,atelier,22.02,6.2,47.0,7,ouvré,33.685
6192,2025-02-21 14:00:00,Bureau_Sud,20.49,9.08,,1,ouvré,17.971
2859,2025-01-24 19:00:00,Salle_Serveur,20.23,4.7,32.9,0,ouvré,44.717
3878,2025-02-02 07:00:00,Atelier,21.7,1.23,45.6,0,weekend,15.838
1954,2025-01-17 06:00:00,Salle Serveur,21.16,0.89,48.3,0,ouvré,46.771
5930,2025-02-19 09:00:00,accueil ,20.7,4.68,39.5,2,ouvré,10.561
4774,2025-02-09 18:00:00,Salle_Serveur,21.46,6.16,47.7,0,weekend,45.363
278,2025-01-03 07:00:00,atelier,21.76,0.18,46.6,3,ouvré,20.295
3826,2025-02-01 21:00:00,Bureau_Nord,20.18,1.59,44.3,0,weekend,10.463
8619,2025-03-13 19:00:00,Salle Serveur,21.15,6.72,40.8,0,ouvré,45.734
4297,2025-02-05 19:00:00,Bureau_Sud,21.3,2.7,47.8,9,ouvré,12.052
1095,2025-01-10 02:00:00,Accueil,22.25,-3.41,34.3,8,ouvré,11.829
9166,2025-03-18 09:00:00,Bureau_Nord,21.34,5.75,53.1,8,ouvré,13.066
1911,2025-01-16 22:00:00,Bureau_Nord,22.18,3.07,47.4,9,ouvré,9.502
8486,2025-03-12 17:00:00,Bureau_Nord,20.04,9.0,,8,ouvré,11.226
2466,2025-01-21 13:00:00,Bureau_Nord,21.71,7.98,40.8,14,ouvré,18.112
8716,2025-03-14 15:00:00,BUREAU NORD,20.81,12.02,47.3,3,ouvré,11.382
9434,2025-03-20 14:00:00,Salle Serveur,21.68,9.05,51.7,0,ouvré,
5154,2025-02-12 22:00:00,Salle Serveur,21.04,2.77,38.1,0,ouvré,45.596
6324,2025-02-22 16:00:00,Salle Serveur,20.57,5.86,47.1,0,weekend,44.045
3567,2025-01-30 17:00:00,bureau sud,20.64,3.79,47.1,1,,14.552
2415,2025-01-21 02:00:00,Accueil,22.08,-4.73,49.3,8,ouvré,11.265
7042,2025-02-28 16:00:00,bureau sud,22.24,8.61,43.4,11,ouvré,15.686
1473,2025-01-13 06:00:00,atelier,20.96,-0.29,48.3,8,ouvré,17.431
4728,2025-02-09 09:00:00,atelier,21.42,0.93,45.8,0,weekend,14.523
9602,2025-03-22 00:00:00,bureau sud,21.3,3.09,42.4,0,weekend,10.603
1348,2025-01-12 05:00:00,Atelier,20.73,1.25,48.7,0,weekend,15.559
1998,2025-01-17 15:00:00,Atelier,20.89,6.54,47.4,2,ouvré,29.448
4438,2025-02-06 23:00:00,Atelier,21.46,0.95,39.7,12,ouvré,15.212
3417,2025-01-29 11:00:00,bureau sud,20.51,3.34,52.8,11,ouvré,19.781
4686,2025-02-09 01:00:00,BUREAU NORD,20.46,-0.13,49.5,0,weekend,11.943
7074,2025-02-28 22:00:00,Salle_Serveur,20.37,2.03,43.1,0,,47.157
9308,2025-03-19 13:00:00,Atelier,20.45,10.85,47.8,9,ouvré,31.606
5772,2025-02-18 02:00:00,Bureau_Sud,20.27,-0.2,47.4,10,ouvré,10.611
6606,2025-02-25 01:00:00,BUREAU NORD,,0.57,45.2,8,ouvré,9.044
3686,2025-01-31 17:00:00,Bureau_Nord,21.82,4.77,52.6,6,ouvré,13.925
4226,2025-02-05 05:00:00,Bureau_Nord,19.92,0.34,49.3,9,ouvré,9.979
7294,2025-03-02 18:00:00,Salle Serveur,19.68,6.04,46.9,0,weekend,45.4
9382,2025-03-20 04:00:00,Bureau_Sud,21.39,0.98,41.5,10,ouvré,11.105
8398,2025-03-11 23:00:00,atelier,21.49,4.5,49.5,6,ouvré,12.458
8692,2025-03-14 10:00:00,bureau sud,20.89,5.3,31.8,10,ouvré,14.78
7321,2025-03-03 00:00:00,Bureau_Nord,20.51,0.12,25.0,13,ouvré,10.427
10711,2025-03-31 06:00:00,bureau_nord,22.52,4.37,51.9,10,ouvré,11.732
7009,2025-02-28 09:00:00,Salle_Serveur,19.83,3.82,50.9,0,ouvré,46.945
5616,2025-02-16 19:00:00,Bureau_Nord,22.49,3.61,43.0,0,weekend,9.709
4235,2025-02-05 06:00:00,Accueil,22.52,-1.2,38.2,10,ouvré,11.017
2974,2025-01-25 18:00:00,Salle_Serveur,21.74,4.89,48.8,0,weekend,46.123
9282,2025-03-19 08:00:00,Bureau_Sud,21.01,4.87,47.2,14,ouvré,13.943
529,2025-01-05 09:00:00,Salle Serveur,22.07,3.38,38.7,0,weekend,47.789
2165,2025-01-19 00:00:00,Accueil,21.15,-2.5,41.5,0,weekend,11.967
5394,2025-02-14 22:00:00,Salle_Serveur,21.52,1.67,58.1,0,ouvré,47.164
4350,2025-02-06 05:00:00,Accueil,21.66,-1.22,47.6,9,ouvré,11.442
1448,2025-01-13 01:00:00,Atelier,21.6,-1.05,47.6,10,ouvré,14.2
9123,2025-03-18 00:00:00,Atelier,18.94,3.19,50.2,4,ouvré,12.522
3691,2025-01-31 18:00:00,Bureau_Nord,20.24,4.73,45.4,9,ouvré,13.085
2646,2025-01-23 01:00:00,bureau_nord,20.7,-0.94,37.1,11,ouvré,11.806
3000,2025-01-25 23:00:00,Accueil,22.09,0.47,47.7,0,weekend,9.579
4112,2025-02-04 06:00:00,bureau sud,22.23,0.02,51.7,,ouvré,14.223
275,2025-01-03 06:00:00,accueil ,21.0,-0.58,44.0,4,ouvré,11.773
7721,2025-03-06 08:00:00,Bureau_Nord,19.52,4.61,42.8,7,ouvré,11.379
4218,2025-02-05 03:00:00,atelier,21.55,-1.36,,8,ouvré,15.868
6696,2025-02-25 19:00:00,Bureau_Nord,20.82,4.23,43.4,8,ouvré,10.383
8884,2025-03-16 00:00:00,Salle Serveur,20.84,4.99,54.4,0,weekend,46.356
777,2025-01-07 11:00:00,bureau sud,20.25,5.79,49.9,6,ouvré,19.837
5401,2025-02-15 00:00:00,Bureau_Nord,20.83,0.12,32.5,0,weekend,10.569
2628,2025-01-22 21:00:00,Atelier,21.62,4.13,50.9,14,ouvré,13.514
8114,2025-03-09 14:00:00,Salle Serveur,20.42,6.84,49.5,0,weekend,45.08
3800,2025-02-01 15:00:00,accueil ,20.5,6.6,34.4,0,weekend,
5968,2025-02-19 17:00:00,Atelier,21.92,8.41,43.2,13,ouvré,22.628
1067,2025-01-09 21:00:00,Bureau_Sud,20.46,2.39,52.6,10,ouvré,11.017
8244,2025-03-10 16:00:00,Salle Serveur,19.83,10.29,,0,ouvré,42.745
5151,2025-02-12 22:00:00,Bureau_Nord,20.34,2.77,47.8,6,ouvré,9.263
7964,2025-03-08 08:00:00,Salle_Serveur,21.55,4.48,34.6,0,weekend,44.278
8885,2025-03-16 00:00:00,Accueil,21.48,4.99,44.0,0,weekend,8.337
640,2025-01-06 07:00:00,accueil ,20.76,1.14,38.9,4,ouvré,9.778
5615,2025-02-16 18:00:00,Accueil,20.13,8.88,53.7,0,weekend,5.59
10533,2025-03-29 18:00:00,atelier,21.1,10.39,36.2,0,weekend,9.291
1700,2025-01-15 03:00:00,Accueil,20.14,-4.43,47.5,10,ouvré,11.459
3951,2025-02-02 22:00:00,BUREAU NORD,20.79,0.68,33.5,0,weekend,10.389
10034,2025-03-25 14:00:00,Salle_Serveur,21.51,10.26,44.8,0,ouvré,43.216
3974,2025-02-03 02:00:00,Salle_Serveur,20.92,-0.84,45.4,0,ouvré,49.163
4087,2025-02-04 01:00:00,Bureau_Sud,20.09,0.03,42.7,8,ouvré,9.933
8507,2025-03-12 21:00:00,Bureau_Sud,20.21,7.47,46.6,4,ouvré,6.163
4800,2025-02-09 23:00:00,accueil ,21.15,1.53,49.2,0,weekend,9.159
9091,2025-03-17 18:00:00,BUREAU NORD,20.6,9.84,42.6,9,ouvré,9.273
8582,2025-03-13 12:00:00,bureau sud,21.89,8.53,39.9,7,ouvré,17.135
6065,2025-02-20 12:00:00,Accueil,21.72,4.64,42.9,9,ouvré,13.614
270,2025-01-03 05:00:00,Accueil,21.11,0.1,41.8,6,ouvré,11.849
2716,2025-01-23 15:00:00,BUREAU NORD,20.19,4.4,40.6,9,ouvré,16.29
5678,2025-02-17 07:00:00,atelier,20.94,3.49,54.1,6,ouvré,19.999
9467,2025-03-20 21:00:00,bureau sud,21.12,5.72,43.7,12,ouvré,8.575
9598,2025-03-21 23:00:00,Atelier,21.71,3.42,44.1,9,ouvré,12.961
3442,2025-01-29 16:00:00,bureau sud,20.98,5.94,51.5,8,ouvré,15.743
4645,2025-02-08 16:00:00,accueil ,21.94,6.15,39.2,0,weekend,7.476
8193,2025-03-10 06:00:00,atelier,,3.84,58.1,7,ouvré,15.339
10311,2025-03-27 22:00:00,BUREAU NORD,23.06,5.7,,11,ouvré,6.205
3791,2025-02-01 14:00:00,bureau_nord,19.53,5.05,48.1,0,weekend,10.411
10714,2025-03-31 06:00:00,Salle_Serveur,20.22,4.37,47.0,,ouvré,46.96
6101,2025-02-20 20:00:00,BUREAU NORD,21.18,3.11,,9,ouvré,10.53
10178,2025-03-26 19:00:00,Atelier,20.28,8.01,42.6,16,ouvré,16.602
4967,2025-02-11 09:00:00,bureau sud,21.4,2.34,,4,ouvré,15.596
8469,2025-03-12 13:00:00,Salle_Serveur,21.6,9.31,40.2,0,ouvré,43.683
9665,2025-03-22 12:00:00,Accueil,19.57,9.39,40.2,0,weekend,7.453
5854,2025-02-18 18:00:00,Salle Serveur,19.47,6.05,35.9,0,ouvré,46.128
688,2025-01-06 17:00:00,Atelier,21.99,3.84,40.0,0,ouvré,23.998
325,2025-01-03 16:00:00,Accueil,21.21,5.74,35.6,3,ouvré,11.299
4393,2025-02-06 14:00:00,Atelier,20.85,8.05,,6,ouvré,32.6
10665,2025-03-30 20:00:00,accueil ,20.61,9.68,31.7,0,weekend,6.138
5548,2025-02-16 05:00:00,atelier,20.73,-0.91,42.9,0,weekend,15.615
3176,2025-01-27 11:00:00,BUREAU NORD,20.01,3.43,46.0,10,ouvré,17.087
1131,2025-01-10 10:00:00,BUREAU NORD,22.13,3.48,30.9,6,ouvré,16.49
1054,2025-01-09 18:00:00,Salle Serveur,19.85,5.36,54.9,0,ouvré,45.221
3855,2025-02-02 02:00:00,accueil ,20.69,-1.4,,0,weekend,11.189
7397,2025-03-03 15:00:00,bureau sud,20.42,7.82,40.7,5,ouvré,16.413
1952,2025-01-17 06:00:00,Bureau_Sud,20.49,0.89,44.6,5,ouvré,14.321
6594,2025-02-24 22:00:00,Salle Serveur,21.07,2.37,43.1,0,ouvré,48.105
382,2025-01-04 04:00:00,bureau sud,21.8,-2.13,46.2,0,weekend,12.741
524,2025-01-05 08:00:00,Salle_Serveur,,2.15,43.4,0,weekend,48.685
2342,2025-01-20 12:00:00,bureau sud,21.41,4.71,48.2,6,ouvré,18.903
448,2025-01-04 17:00:00,Atelier,20.69,6.65,52.2,0,weekend,12.748
3945,2025-02-02 20:00:00,accueil ,20.12,5.67,40.8,0,weekend,7.586
3028,2025-01-26 05:00:00,Atelier,21.68,-1.67,39.0,0,weekend,-17.456
9090,2025-03-17 17:00:00,Accueil,21.34,9.76,36.8,4,,9.11
2937,2025-01-25 11:00:00,Bureau_Sud,21.48,4.57,42.2,0,weekend,9.253
4545,2025-02-07 20:00:00,Accueil,20.37,3.73,52.8,5,ouvré,7.127
6770,2025-02-26 09:00:00,accueil ,20.66,3.96,48.7,14,ouvré,11.341
3862,2025-02-02 04:00:00,bureau sud,22.32,-1.07,57.4,0,weekend,11.134
2134,2025-01-18 18:00:00,Salle Serveur,19.43,4.93,40.0,0,weekend,44.36
9025,2025-03-17 04:00:00,accueil ,20.07,1.23,,4,ouvré,10.489
6267,2025-02-22 05:00:00,Bureau_Sud,21.3,2.23,32.1,0,weekend,10.596
5160,2025-02-12 23:00:00,Accueil,21.12,2.77,36.3,9,ouvré,9.802
3619,2025-01-31 03:00:00,Salle Serveur,21.85,-2.94,39.9,0,ouvré,50.082
2303,2025-01-20 04:00:00,atelier,21.05,-1.2,43.1,8,ouvré,14.532
1174,2025-01-10 18:00:00,Salle_Serveur,20.6,3.48,49.4,0,ouvré,45.905
3143,2025-01-27 04:00:00,Atelier,22.7,-0.97,50.8,11,ouvré,15.246
1226,2025-01-11 05:00:00,BUREAU NORD,21.85,-3.76,41.9,0,weekend,13.378
10625,2025-03-30 12:00:00,accueil ,,9.23,45.4,0,weekend,6.525
4544,2025-02-07 20:00:00,Salle Serveur,20.67,3.73,44.2,0,ouvré,46.81
8662,2025-03-14 04:00:00,bureau sud,21.29,3.03,47.4,10,ouvré,9.788
7984,2025-03-08 12:00:00,Salle Serveur,,7.73,55.5,0,weekend,44.328
6919,2025-02-27 15:00:00,Salle Serveur,19.44,9.48,39.7,0,ouvré,43.762
1619,2025-01-14 11:00:00,Salle Serveur,20.06,3.19,30.5,0,ouvré,45.906
7207,2025-03-02 01:00:00,bureau sud,21.5,0.76,50.5,0,weekend,
10493,2025-03-29 10:00:00,atelier,21.0,8.19,49.3,0,weekend,11.632
3909,2025-02-02 13:00:00,Salle Serveur,20.83,6.65,36.5,0,weekend,45.373
10222,2025-03-27 04:00:00,Bureau_Sud,21.33,1.14,47.5,,ouvré,11.135
3508,2025-01-30 05:00:00,Atelier,,-1.99,44.1,6,ouvré,15.406
4165,2025-02-04 16:00:00,accueil ,20.39,6.15,42.0,6,ouvré,546.822
357,2025-01-03 23:00:00,bureau sud,21.08,-0.33,44.4,6,ouvré,
1257,2025-01-11 11:00:00,bureau sud,,2.84,44.0,0,weekend,9.619
9481,2025-03-21 00:00:00,Bureau_Nord,21.0,5.83,44.1,7,ouvré,7.464
8058,2025-03-09 03:00:00,Atelier,21.08,2.61,49.1,0,weekend,14.767
3636,2025-01-31 07:00:00,Bureau_Nord,20.84,-0.17,54.0,6,ouvré,13.002
8236,2025-03-10 15:00:00,BUREAU NORD,19.44,10.52,51.5,12,ouvré,14.745
1278,2025-01-11 15:00:00,atelier,21.29,5.72,42.1,0,weekend,12.56
313,2025-01-03 14:00:00,Atelier,21.97,7.03,49.2,3,ouvré,32.19
5463,2025-02-15 12:00:00,atelier,20.47,5.59,40.2,0,weekend,11.886
9015,2025-03-17 02:00:00,Accueil,19.84,1.26,47.5,2,ouvré,9.182
4104,2025-02-04 04:00:00,Salle_Serveur,20.25,-1.27,50.0,0,ouvré,49.412
4356,2025-02-06 07:00:00,BUREAU NORD,21.48,-0.46,48.2,14,ouvré,13.286
2824,2025-01-24 12:00:00,Salle_Serveur,20.13,5.15,42.0,0,ouvré,45.788
7127,2025-03-01 09:00:00,Bureau_Sud,21.2,5.91,40.1,0,weekend,9.857
10281,2025-03-27 16:00:00,BUREAU NORD,20.17,11.95,30.7,5,ouvré,13.16
5016,2025-02-11 19:00:00,BUREAU NORD,19.75,5.13,42.8,8,ouvré,11.539
6211,2025-02-21 18:00:00,BUREAU NORD,22.19,5.82,48.1,4,ouvré,11.471
8092,2025-03-09 10:00:00,bureau sud,20.8,4.73,48.5,0,weekend,9.132
5353,2025-02-14 14:00:00,atelier,19.82,6.6,39.9,5,ouvré,33.244
1592,2025-01-14 06:00:00,bureau sud,20.4,-3.43,292.4,0,ouvré,13.156
3225,2025-01-27 20:00:00,Accueil,20.91,1.95,,5,ouvré,8.199
6087,2025-02-20 17:00:00,Bureau_Sud,19.25,6.6,47.6,4,ouvré,12.4
8028,2025-03-08 21:00:00,atelier,20.0,4.91,44.8,0,weekend,11.632
10156,2025-03-26 15:00:00,bureau_nord,20.75,9.99,37.1,0,ouvré,15.582
5231,2025-02-13 14:00:00,BUREAU NORD,20.65,4.15,33.4,10,ouvré,17.07
9280,2025-03-19 07:00:00,accueil ,21.96,4.82,46.3,7,ouvré,438.033
3545,2025-01-30 12:00:00,accueil ,20.71,4.79,53.7,3,ouvré,13.328
6828,2025-02-26 21:00:00,atelier,19.5,2.77,39.1,1,ouvré,15.326
1227,2025-01-11 05:00:00,Bureau_Sud,20.79,-3.76,43.2,0,weekend,13.73
6,2025-01-01 01:00:00,Bureau_Nord,20.45,-1.52,48.9,6,férié,11.808
4465,2025-02-07 04:00:00,accueil ,21.36,1.08,41.3,3,ouvré,8.853
9597,2025-03-21 23:00:00,bureau sud,20.73,3.42,43.7,10,ouvré,10.374
2248,2025-01-19 17:00:00,atelier,19.32,6.27,30.8,0,weekend,12.059
1291,2025-01-11 18:00:00,BUREAU NORD,21.71,6.3,41.4,0,weekend,9.177
2086,2025-01-18 09:00:00,BUREAU NORD,21.68,1.38,40.7,0,weekend,9.913
3994,2025-02-03 06:00:00,Salle Serveur,19.72,-0.13,49.3,0,ouvré,49.493
1251,2025-01-11 10:00:00,Bureau_Nord,21.79,1.98,31.0,0,weekend,11.047
8415,2025-03-12 02:00:00,Accueil,19.72,1.73,,3,ouvré,8.286
4355,2025-02-06 06:00:00,accueil ,21.01,-1.31,53.4,3,ouvré,11.098
10554,2025-03-29 22:00:00,Salle_Serveur,21.93,8.87,37.7,0,weekend,44.58
7289,2025-03-02 17:00:00,Salle Serveur,20.24,9.56,46.3,0,weekend,43.039
10689,2025-03-31 01:00:00,Salle Serveur,20.19,7.18,43.0,0,ouvré,46.063
4497,2025-02-07 11:00:00,Bureau_Sud,20.75,3.49,52.0,17,ouvré,20.416
7241,2025-03-02 08:00:00,BUREAU NORD,20.78,4.9,54.7,0,weekend,9.288
5088,2025-02-12 09:00:00,Atelier,20.42,3.58,29.3,7,ouvré,23.648
4400,2025-02-06 15:00:00,accueil ,21.08,7.62,32.1,6,ouvré,12.024
4737,2025-02-09 11:00:00,bureau sud,19.26,4.46,49.7,0,weekend,10.969
1364,2025-01-12 08:00:00,Salle_Serveur,20.79,0.59,38.8,0,weekend,47.784
8854,2025-03-15 18:00:00,Salle Serveur,21.68,10.2,42.3,0,weekend,43.386
8559,2025-03-13 07:00:00,Salle Serveur,20.4,1.9,52.7,0,ouvré,46.722
187,2025-01-02 13:00:00,bureau sud,20.96,4.06,,3,ouvré,21.373
4379,2025-02-06 11:00:00,Salle Serveur,21.67,5.53,42.3,0,ouvré,45.539
9493,2025-03-21 02:00:00,atelier,21.63,3.59,45.0,9,ouvré,13.97
4060,2025-02-03 19:00:00,Accueil,21.49,3.33,,7,ouvré,10.415
151,2025-01-02 06:00:00,bureau_nord,20.37,0.38,53.3,,ouvré,12.219
10295,2025-03-27 18:00:00,accueil ,21.61,10.27,42.9,7,ouvré,8.329
7543,2025-03-04 20:00:00,atelier,21.87,5.08,52.6,11,ouvré,14.602
6873,2025-02-27 06:00:00,Atelier,21.05,2.61,56.2,12,ouvré,16.96
2841,2025-01-24 16:00:00,bureau_nord,21.45,2.64,51.2,5,ouvré,16.978
675,2025-01-06 14:00:00,Accueil,20.7,3.38,42.3,9,ouvré,12.244
2319,2025-01-20 07:00:00,Salle Serveur,21.03,-1.25,46.1,0,ouvré,48.954
6535,2025-02-24 10:00:00,accueil ,21.46,5.99,37.7,6,ouvré,11.406
8087,2025-03-09 09:00:00,bureau sud,21.32,7.99,43.2,0,weekend,6.53
9279,2025-03-19 07:00:00,Salle Serveur,20.57,4.82,52.5,0,ouvré,46.203
4751,2025-02-09 14:00:00,BUREAU NORD,20.61,7.07,48.6,,weekend,6.363
2806,2025-01-24 09:00:00,bureau_nord,22.63,1.09,51.6,4,ouvré,15.415
7265,2025-03-02 12:00:00,Accueil,20.93,8.51,44.2,0,weekend,7.478
6938,2025-02-27 19:00:00,Atelier,22.74,4.11,52.5,5,ouvré,16.909
10703,2025-03-31 04:00:00,atelier,22.86,3.37,45.4,11,ouvré,13.661
7771,2025-03-06 18:00:00,Bureau_Nord,21.75,6.04,46.8,6,ouvré,12.225
7066,2025-02-28 21:00:00,BUREAU NORD,20.45,3.15,46.1,10,ouvré,9.418
6937,2025-02-27 19:00:00,bureau sud,21.48,4.11,42.2,10,ouvré,11.936
2433,2025-01-21 06:00:00,atelier,22.02,2.3,55.0,10,ouvré,16.951
7521,2025-03-04 16:00:00,BUREAU NORD,21.68,9.6,45.0,,ouvré,13.745
8797,2025-03-15 07:00:00,Bureau_Sud,21.01,5.86,62.3,0,weekend,10.262
813,2025-01-07 18:00:00,atelier,21.65,5.01,57.6,14,ouvré,19.528
9770,2025-03-23 09:00:00,Accueil,22.17,5.68,48.9,0,weekend,6.792
9529,2025-03-21 09:00:00,Salle_Serveur,21.68,6.22,,0,ouvré,44.585
9536,2025-03-21 11:00:00,bureau_nord,20.6,7.82,46.9,8,ouvré,653.25
3554,2025-01-30 14:00:00,Salle_Serveur,22.26,3.51,43.5,0,ouvré,46.798
6305,2025-02-22 12:00:00,accueil ,21.49,6.95,45.3,0,weekend,6.997
3114,2025-01-26 22:00:00,Salle_Serveur,20.69,-0.16,42.1,0,weekend,48.418
1908,2025-01-16 21:00:00,Atelier,21.45,2.65,53.0,,ouvré,15.0
3773,2025-02-01 10:00:00,Atelier,21.17,1.79,45.4,0,weekend,14.451
4292,2025-02-05 18:00:00,bureau sud,20.5,4.81,36.8,9,ouvré,13.988
8842,2025-03-15 16:00:00,Bureau_Sud,22.05,9.54,52.9,0,weekend,7.625
4240,2025-02-05 07:00:00,accueil ,20.51,1.84,42.9,4,ouvré,10.328
10221,2025-03-27 04:00:00,bureau_nord,20.63,1.14,43.1,4,ouvré,10.464
1509,2025-01-13 13:00:00,Salle_Serveur,19.84,5.85,52.5,0,ouvré,43.076
5091,2025-02-12 10:00:00,Bureau_Nord,21.93,1.7,,10,ouvré,15.782
265,2025-01-03 04:00:00,Accueil,21.46,-3.23,50.4,4,ouvré,690.627
4530,2025-02-07 17:00:00,accueil ,19.75,7.12,,7,ouvré,10.222
3895,2025-02-02 10:00:00,accueil ,,3.22,39.0,0,weekend,8.42
1600,2025-01-14 07:00:00,accueil ,-999,-0.34,49.1,7,ouvré,10.574
5423,2025-02-15 04:00:00,atelier,21.17,-3.63,51.7,0,weekend,18.312
1409,2025-01-12 17:00:00,Salle_Serveur,20.25,5.27,30.6,0,weekend,44.991
549,2025-01-05 13:00:00,Salle_Serveur,21.3,4.83,52.9,0,weekend,46.264
10360,2025-03-28 07:00:00,accueil ,22.15,7.89,44.3,6,ouvré,7.734
7015,2025-02-28 10:00:00,accueil ,21.15,5.75,44.4,11,ouvré,11.332
2830,2025-01-24 13:00:00,Accueil,21.65,6.68,47.2,6,ouvré,14.088
7925,2025-03-08 00:00:00,accueil ,21.17,3.32,44.2,0,weekend,9.442
7418,2025-03-03 19:00:00,Atelier,21.83,5.6,53.3,9,ouvré,16.791
4183,2025-02-04 20:00:00,atelier,21.92,4.4,56.1,5,ouvré,15.004
6322,2025-02-22 16:00:00,bureau sud,19.67,5.86,38.7,0,weekend,10.583
1117,2025-01-10 07:00:00,bureau sud,22.08,-0.45,40.0,9,ouvré,14.119
2985,2025-01-25 20:00:00,Accueil,20.02,3.33,40.2,0,weekend,8.71
5077,2025-02-12 07:00:00,Bureau_Sud,22.04,1.71,,6,ouvré,12.051
2011,2025-01-17 18:00:00,bureau_nord,21.0,4.84,42.6,6,ouvré,12.491
10649,2025-03-30 17:00:00,Salle_Serveur,21.08,13.13,45.1,0,weekend,41.412
4282,2025-02-05 16:00:00,bureau sud,20.49,7.8,31.1,9,ouvré,16.231
7151,2025-03-01 14:00:00,Bureau_Nord,21.17,8.81,41.7,0,weekend,6.636
8504,2025-03-12 20:00:00,Salle Serveur,21.86,8.69,52.5,0,ouvré,44.211
84,2025-01-01 16:00:00,Salle Serveur,19.63,6.32,45.7,0,férié,45.719
4780,2025-02-09 19:00:00,accueil ,21.01,6.46,45.7,0,weekend,
2487,2025-01-21 17:00:00,bureau sud,21.63,4.38,38.7,0,ouvré,14.677
7535,2025-03-04 18:00:00,Accueil,21.92,7.33,50.3,6,ouvré,7.697
809,2025-01-07 17:00:00,Salle_Serveur,21.02,5.75,41.7,0,ouvré,46.492
674,2025-01-06 14:00:00,Salle_Serveur,20.61,3.38,47.4,0,ouvré,46.77
47,2025-01-01 09:00:00,bureau sud,,1.87,44.2,13,férié,
3484,2025-01-30 00:00:00,Salle_Serveur,21.13,0.24,38.2,,ouvré,48.484
2426,2025-01-21 05:00:00,BUREAU NORD,21.0,-2.14,39.8,12,ouvré,14.716
1531,2025-01-13 18:00:00,bureau_nord,21.48,6.49,40.3,6,ouvré,10.953
114,2025-01-01 22:00:00,Salle Serveur,20.61,3.6,46.2,0,férié,46.975
4284,2025-02-05 16:00:00,Salle_Serveur,21.92,7.8,32.3,0,ouvré,44.912
1987,2025-01-17 13:00:00,Bureau_Sud,21.08,3.3,45.5,10,ouvré,20.391
4123,2025-02-04 08:00:00,atelier,21.13,2.9,46.9,10,ouvré,20.868
3498,2025-01-30 03:00:00,Atelier,20.28,-1.61,57.4,6,ouvré,17.027
6849,2025-02-27 01:00:00,Salle_Serveur,22.7,0.99,41.3,0,ouvré,48.417
5490,2025-02-15 17:00:00,accueil ,21.63,6.51,42.9,0,weekend,8.107
2586,2025-01-22 13:00:00,BUREAU NORD,21.03,4.97,54.5,0,ouvré,16.952
6168,2025-02-21 09:00:00,atelier,21.8,1.42,46.1,1,ouvré,24.28
9669,2025-03-22 13:00:00,Salle_Serveur,20.11,12.35,47.8,0,weekend,42.217
6246,2025-02-22 01:00:00,bureau_nord,22.21,2.74,45.6,0,weekend,10.066
6907,2025-02-27 13:00:00,bureau sud,20.06,7.52,51.1,0,ouvré,17.911
1970,2025-01-17 09:00:00,Accueil,20.89,2.21,33.3,7,ouvré,
650,2025-01-06 09:00:00,Accueil,21.3,2.57,39.2,,ouvré,11.356
10115,2025-03-26 06:00:00,accueil ,21.63,2.11,47.2,,ouvré,9.032
4454,2025-02-07 02:00:00,Salle_Serveur,,-2.96,50.9,0,ouvré,47.488
2876,2025-01-24 23:00:00,Bureau_Nord,22.29,-1.78,42.4,9,ouvré,11.083
4678,2025-02-08 23:00:00,Atelier,20.03,0.37,30.9,0,weekend,15.125
8334,2025-03-11 10:00:00,Salle_Serveur,19.87,8.65,55.0,0,ouvré,44.064
8976,2025-03-16 19:00:00,Bureau_Nord,22.62,8.69,45.3,0,weekend,7.287
10095,2025-03-26 02:00:00,Accueil,20.23,2.7,42.1,10,ouvré,8.347
6261,2025-02-22 04:00:00,Bureau_Nord,20.16,-0.81,40.3,0,weekend,11.941
10048,2025-03-25 17:00:00,Atelier,21.3,11.41,35.6,5,ouvré,21.123
5286,2025-02-14 01:00:00,bureau_nord,19.81,-0.01,43.9,8,ouvré,12.109
4295,2025-02-05 18:00:00,Accueil,20.07,4.81,54.1,7,ouvré,11.348
4952,2025-02-11 06:00:00,bureau sud,19.68,-0.03,47.5,4,ouvré,13.035
2368,2025-01-20 17:00:00,atelier,21.27,4.13,44.6,5,ouvré,23.671
2504,2025-01-21 20:00:00,Salle_Serveur,20.47,3.74,42.6,0,ouvré,44.715
2989,2025-01-25 21:00:00,Salle_Serveur,20.38,1.1,31.8,0,weekend,47.629
7998,2025-03-08 15:00:00,atelier,21.0,8.87,42.4,0,weekend,9.765
1467,2025-01-13 05:00:00,bureau sud,21.74,-2.34,39.3,0,ouvré,10.619
337,2025-01-03 19:00:00,bureau sud,19.87,2.36,40.5,5,ouvré,12.367
10000,2025-03-25 07:00:00,Accueil,20.62,4.89,32.2,4,ouvré,8.72
6408,2025-02-23 09:00:00,atelier,21.79,4.96,45.3,0,weekend,12.471
3158,2025-01-27 07:00:00,Atelier,,-1.67,48.0,4,ouvré,19.629
3247,2025-01-28 01:00:00,bureau sud,22.04,-1.67,45.1,5,ouvré,11.892
682,2025-01-06 16:00:00,bureau sud,20.13,5.83,41.1,5,ouvré,16.454
2615,2025-01-22 18:00:00,accueil ,-999,4.56,48.9,0,ouvré,10.291
6953,2025-02-27 22:00:00,Atelier,21.65,4.75,50.6,6,ouvré,
10240,2025-03-27 07:00:00,Accueil,,4.66,43.0,,ouvré,731.864
595,2025-01-05 22:00:00,accueil ,21.37,0.48,49.0,0,weekend,9.749
897,2025-01-08 11:00:00,Bureau_Sud,19.29,3.67,42.2,5,ouvré,18.926
4138,2025-02-04 11:00:00,Atelier,21.3,4.74,48.0,9,ouvré,31.658
9242,2025-03-19 00:00:00,Bureau_Sud,22.35,3.17,44.1,4,ouvré,8.644
5266,2025-02-13 21:00:00,bureau_nord,22.39,4.73,42.0,15,ouvré,7.49
6330,2025-02-22 17:00:00,Accueil,21.87,5.42,47.7,0,weekend,7.557
10114,2025-03-26 06:00:00,Salle Serveur,21.43,2.11,37.9,,ouvré,48.357
6258,2025-02-22 03:00:00,Atelier,21.86,-1.48,41.4,0,weekend,15.444
5448,2025-02-15 09:00:00,atelier,21.84,1.82,50.7,0,weekend,15.069
9139,2025-03-18 03:00:00,Salle Serveur,21.8,1.74,46.2,0,ouvré,46.895
3357,2025-01-28 23:00:00,bureau sud,20.37,-2.31,40.8,3,ouvré,10.698
1374,2025-01-12 10:00:00,Salle_Serveur,21.25,2.34,46.9,0,weekend,47.431
4612,2025-02-08 10:00:00,bureau sud,21.07,2.45,33.3,0,weekend,10.961
2955,2025-01-25 14:00:00,Accueil,22.17,4.88,46.5,0,weekend,8.713
1698,2025-01-15 03:00:00,Atelier,20.7,-4.43,37.8,10,ouvré,16.629
2224,2025-01-19 12:00:00,Salle_Serveur,21.35,4.27,44.8,0,weekend,46.345
5808,2025-02-18 09:00:00,atelier,21.62,6.18,34.9,,ouvré,21.53
10283,2025-03-27 16:00:00,Atelier,21.64,11.95,46.8,6,ouvré,24.503
3377,2025-01-29 03:00:00,bureau sud,20.36,-1.4,40.8,4,ouvré,12.196
739,2025-01-07 03:00:00,Salle_Serveur,20.5,-1.38,39.5,,ouvré,50.136
6307,2025-02-22 13:00:00,Bureau_Sud,22.15,7.55,51.5,0,weekend,8.872
5273,2025-02-13 22:00:00,atelier,20.11,1.96,38.1,3,ouvré,12.713
7170,2025-03-01 17:00:00,accueil ,20.87,7.22,48.8,0,weekend,5.885
1133,2025-01-10 10:00:00,Atelier,21.1,3.48,31.8,9,ouvré,29.321
4535,2025-02-07 18:00:00,accueil ,20.6,6.93,44.7,2,ouvré,7.338
6028,2025-02-20 05:00:00,Atelier,20.63,1.66,33.4,5,ouvré,13.878
532,2025-01-05 10:00:00,bureau sud,22.39,3.11,38.3,0,weekend,9.614
4313,2025-02-05 22:00:00,atelier,21.54,1.74,52.4,6,ouvré,13.422
2892,2025-01-25 02:00:00,bureau sud,21.3,1.12,,0,weekend,11.462
1644,2025-01-14 16:00:00,Salle Serveur,21.8,3.13,46.3,0,ouvré,45.87
1339,2025-01-12 03:00:00,Salle_Serveur,21.21,-2.96,,0,weekend,-7.04
10556,2025-03-29 23:00:00,BUREAU NORD,20.6,4.26,,0,weekend,9.984
7148,2025-03-01 13:00:00,atelier,22.42,7.33,38.3,0,weekend,11.253
2748,2025-01-23 21:00:00,atelier,20.82,1.86,52.5,6,ouvré,14.929
6179,2025-02-21 11:00:00,Salle Serveur,21.32,4.38,44.3,0,ouvré,45.24
1854,2025-01-16 10:00:00,Salle_Serveur,22.08,4.0,54.2,0,ouvré,46.028
4928,2025-02-11 01:00:00,Atelier,19.02,-2.01,51.6,,ouvré,13.938
2260,2025-01-19 19:00:00,accueil ,21.4,4.24,35.2,0,weekend,9.071
10031,2025-03-25 14:00:00,BUREAU NORD,21.98,10.26,48.0,7,ouvré,16.731
5741,2025-02-17 20:00:00,BUREAU NORD,20.79,5.82,46.4,7,ouvré,9.415
4126,2025-02-04 09:00:00,Bureau_Nord,20.55,2.75,40.2,9,ouvré,15.44
1066,2025-01-09 21:00:00,bureau_nord,21.35,2.39,46.2,10,ouvré,8.821
5730,2025-02-17 17:00:00,Accueil,21.41,5.78,61.9,7,ouvré,11.739
2041,2025-01-18 00:00:00,bureau_nord,20.57,-1.68,47.3,0,weekend,13.966
3231,2025-01-27 22:00:00,bureau_nord,20.46,2.24,40.7,13,ouvré,9.092
8352,2025-03-11 14:00:00,Bureau_Sud,20.57,7.74,46.2,5,ouvré,17.527
10337,2025-03-28 03:00:00,bureau sud,20.29,3.71,36.8,5,ouvré,10.265
1146,2025-01-10 13:00:00,Bureau_Nord,20.03,6.77,37.5,7,ouvré,17.124
2252,2025-01-19 18:00:00,bureau sud,20.97,6.43,33.6,0,weekend,9.426
269,2025-01-03 05:00:00,Salle Serveur,21.78,0.1,44.8,0,ouvré,48.421
3134,2025-01-27 02:00:00,Salle Serveur,,-1.27,43.7,0,ouvré,47.803
8223,2025-03-10 12:00:00,atelier,21.18,9.08,43.8,10,ouvré,32.229
6560,2025-02-24 15:00:00,accueil ,19.36,7.61,42.2,10,ouvré,9.379
7651,2025-03-05 18:00:00,bureau_nord,21.16,8.99,291.7,11,,9.538
6790,2025-02-26 13:00:00,Accueil,22.09,8.96,47.9,12,ouvré,11.685
3323,2025-01-28 16:00:00,Atelier,20.86,8.1,49.9,,ouvré,26.617
4973,2025-02-11 10:00:00,atelier,21.91,4.78,43.1,15,ouvré,26.927
9041,2025-03-17 08:00:00,bureau_nord,21.69,5.56,44.9,5,ouvré,10.632
8571,2025-03-13 10:00:00,Bureau_Nord,21.07,6.48,41.5,8,ouvré,12.64
3952,2025-02-02 22:00:00,bureau sud,19.64,0.68,44.4,0,weekend,12.334
4374,2025-02-06 10:00:00,Salle_Serveur,21.49,4.94,42.8,0,ouvré,46.916
3707,2025-01-31 21:00:00,bureau sud,20.96,2.26,41.9,13,ouvré,9.92
2348,2025-01-20 13:00:00,Atelier,19.61,5.51,,14,ouvré,34.224
2076,2025-01-18 07:00:00,Bureau_Nord,21.15,0.79,47.6,0,weekend,11.62
9837,2025-03-23 23:00:00,bureau sud,22.87,5.25,39.4,0,weekend,9.19
9034,2025-03-17 06:00:00,Salle Serveur,21.36,3.83,54.1,0,ouvré,47.37
4613,2025-02-08 10:00:00,Atelier,21.36,2.45,47.0,0,weekend,15.138
5335,2025-02-14 10:00:00,accueil ,20.4,4.61,40.5,8,ouvré,11.549
2343,2025-01-20 12:00:00,Atelier,21.14,4.71,55.7,7,ouvré,34.254
8010,2025-03-08 17:00:00,Accueil,21.25,8.82,44.7,0,weekend,4.095
7824,2025-03-07 04:00:00,Salle_Serveur,21.5,-0.07,45.8,0,ouvré,48.077
2288,2025-01-20 01:00:00,atelier,22.19,-1.1,38.4,7,ouvré,13.344
5282,2025-02-14 00:00:00,Bureau_Sud,19.69,-0.07,54.1,11,ouvré,9.869
5971,2025-02-19 18:00:00,BUREAU NORD,21.3,7.36,44.0,8,ouvré,10.251
9231,2025-03-18 22:00:00,bureau_nord,,7.39,46.6,3,ouvré,7.643
5522,2025-02-16 00:00:00,bureau sud,20.23,1.04,34.3,0,weekend,10.086
2378,2025-01-20 19:00:00,atelier,20.5,4.11,45.2,3,ouvré,17.41
3287,2025-01-28 09:00:00,Bureau_Sud,20.93,1.06,44.5,5,ouvré,14.754
764,2025-01-07 08:00:00,Salle Serveur,21.56,0.21,46.9,0,ouvré,47.981
2895,2025-01-25 02:00:00,accueil ,21.02,1.12,47.2,0,weekend,7.857
1519,2025-01-13 15:00:00,Salle Serveur,21.84,4.59,45.1,0,ouvré,44.88
703,2025-01-06 20:00:00,atelier,20.99,3.19,47.3,4,ouvré,15.298
9320,2025-03-19 15:00:00,Accueil,20.92,11.63,45.1,8,ouvré,10.155
4879,2025-02-10 15:00:00,Salle Serveur,21.47,7.23,54.8,0,ouvré,44.972
8003,2025-03-08 16:00:00,atelier,20.5,10.88,53.6,0,weekend,9.78
1026,2025-01-09 13:00:00,Bureau_Nord,21.18,4.31,45.0,6,ouvré,17.841
10573,2025-03-30 02:00:00,atelier,20.81,3.93,47.5,0,weekend,13.906
5575,2025-02-16 10:00:00,accueil ,22.96,5.18,38.1,0,weekend,8.837
6990,2025-02-28 05:00:00,Accueil,20.92,1.27,36.9,6,ouvré,10.382
3598,2025-01-30 23:00:00,Atelier,21.31,2.82,60.1,7,ouvré,12.754
7441,2025-03-04 00:00:00,Bureau_Nord,21.18,2.93,34.3,8,ouvré,9.081
7223,2025-03-02 04:00:00,atelier,20.23,0.5,44.6,0,weekend,14.592
9053,2025-03-17 10:00:00,atelier,20.45,7.72,40.7,14,ouvré,26.496
3237,2025-01-27 23:00:00,Bureau_Sud,20.75,0.4,31.4,2,ouvré,9.015
10285,2025-03-27 16:00:00,accueil ,20.27,11.95,43.9,10,ouvré,9.432
1056,2025-01-09 19:00:00,bureau_nord,21.07,2.43,49.2,11,ouvré,10.855
6264,2025-02-22 04:00:00,Salle_Serveur,21.22,-0.81,48.7,0,weekend,49.507
2060,2025-01-18 03:00:00,Accueil,20.08,-3.13,46.0,0,weekend,11.5
3000,2025-01-25 23:00:00,Accueil,22.09,0.47,47.7,0,weekend,9.544
8378,2025-03-11 19:00:00,Atelier,20.69,6.3,47.2,0,ouvré,17.005
6229,2025-02-21 21:00:00,Salle_Serveur,21.29,5.23,48.8,0,ouvré,45.325
9227,2025-03-18 21:00:00,bureau sud,20.42,6.96,41.0,10,ouvré,9.576
4797,2025-02-09 23:00:00,bureau sud,21.4,1.53,38.4,0,weekend,10.68
1818,2025-01-16 03:00:00,Atelier,20.88,-3.23,,5,ouvré,16.15
8801,2025-03-15 08:00:00,bureau_nord,20.47,5.56,44.0,0,weekend,7.661
948,2025-01-08 21:00:00,atelier,21.15,0.92,50.1,9,ouvré,13.06
7238,2025-03-02 07:00:00,atelier,,1.47,,0,weekend,14.579
6541,2025-02-24 12:00:00,Bureau_Nord,22.17,7.95,47.0,,ouvré,15.113
1504,2025-01-13 12:00:00,Salle_Serveur,20.38,4.46,41.4,0,ouvré,45.962
34,2025-01-01 06:00:00,Salle Serveur,,0.02,42.9,0,férié,47.495
9422,2025-03-20 12:00:00,Bureau_Sud,20.18,9.31,,2,ouvré,16.844
9441,2025-03-20 16:00:00,Bureau_Nord,21.11,10.68,39.4,3,ouvré,12.476
4337,2025-02-06 03:00:00,Bureau_Sud,20.94,-0.24,54.4,3,ouvré,13.363
2794,2025-01-24 06:00:00,Salle_Serveur,20.16,-1.43,50.9,0,ouvré,50.259
7672,2025-03-05 22:00:00,Bureau_Sud,20.28,2.92,37.9,9,ouvré,9.102
3387,2025-01-29 05:00:00,Bureau_Sud,21.46,-0.34,48.9,8,ouvré,12.096
10516,2025-03-29 15:00:00,bureau_nord,20.97,10.93,48.6,0,weekend,6.639
3882,2025-02-02 08:00:00,bureau sud,20.36,1.72,47.1,0,weekend,11.352
3017,2025-01-26 03:00:00,Bureau_Sud,21.38,-0.6,37.6,0,weekend,12.378
6980,2025-02-28 03:00:00,accueil ,20.52,2.86,45.1,10,ouvré,9.667
6892,2025-02-27 10:00:00,Bureau_Sud,19.57,4.35,41.1,6,ouvré,17.71
8995,2025-03-16 22:00:00,Accueil,20.67,4.82,47.8,0,weekend,8.434
3300,2025-01-28 11:00:00,accueil ,20.37,4.25,50.7,7,ouvré,14.026
2467,2025-01-21 13:00:00,Bureau_Sud,22.12,7.98,49.3,6,ouvré,17.973
2347,2025-01-20 13:00:00,Bureau_Sud,22.6,5.51,41.7,1,ouvré,19.289
8073,2025-03-09 06:00:00,Atelier,20.88,3.22,52.8,0,weekend,12.704
3768,2025-02-01 09:00:00,atelier,21.02,3.28,45.2,0,weekend,14.404
7932,2025-03-08 02:00:00,bureau sud,20.56,2.52,39.1,0,weekend,12.459
4936,2025-02-11 03:00:00,bureau_nord,20.92,-0.63,53.0,4,ouvré,10.151
4676,2025-02-08 23:00:00,bureau_nord,21.59,0.37,46.2,0,weekend,11.196
8133,2025-03-09 18:00:00,Atelier,21.05,7.54,48.3,0,weekend,10.933
2885,2025-01-25 00:00:00,accueil ,20.71,-0.28,50.2,0,weekend,10.449
9130,2025-03-18 01:00:00,accueil ,21.46,3.15,45.7,13,ouvré,7.86
3024,2025-01-26 04:00:00,Salle_Serveur,21.87,-1.33,54.1,0,weekend,48.394
9948,2025-03-24 21:00:00,atelier,20.41,7.14,40.9,7,ouvré,11.381
2996,2025-01-25 23:00:00,Bureau_Nord,20.59,0.47,42.3,,weekend,11.271
3509,2025-01-30 05:00:00,Salle_Serveur,20.93,-1.99,48.1,0,ouvré,49.118
4773,2025-02-09 18:00:00,Atelier,20.91,6.16,47.6,0,weekend,12.441
2263,2025-01-19 20:00:00,Atelier,22.04,3.61,49.4,0,weekend,12.271
5351,2025-02-14 14:00:00,BUREAU NORD,20.69,6.6,39.0,11,ouvré,18.576
10449,2025-03-29 01:00:00,Salle Serveur,21.5,4.98,46.3,,weekend,46.414
2702,2025-01-23 12:00:00,Bureau_Sud,20.19,5.17,43.8,14,ouvré,17.903
6586,2025-02-24 21:00:00,BUREAU NORD,19.98,2.77,48.1,4,ouvré,8.815
4660,2025-02-08 19:00:00,Accueil,21.7,2.9,59.7,,weekend,9.256
2470,2025-01-21 13:00:00,accueil ,21.15,7.98,43.0,11,ouvré,12.344
1506,2025-01-13 13:00:00,BUREAU NORD,19.55,5.85,51.6,6,ouvré,16.007
10182,2025-03-26 20:00:00,Bureau_Sud,20.35,7.99,54.4,6,ouvré,9.955
8089,2025-03-09 09:00:00,Salle_Serveur,21.25,7.99,52.3,0,weekend,
2195,2025-01-19 06:00:00,accueil ,20.3,1.13,50.3,0,weekend,10.051
6666,2025-02-25 13:00:00,Bureau_Nord,20.69,6.74,45.5,9,ouvré,15.876
9239,2025-03-18 23:00:00,Salle Serveur,21.73,2.26,50.7,0,ouvré,46.539
5421,2025-02-15 04:00:00,BUREAU NORD,20.24,-3.63,58.0,0,weekend,11.698
492,2025-01-05 02:00:00,bureau sud,21.27,-1.71,49.9,0,weekend,11.692
8151,2025-03-09 22:00:00,BUREAU NORD,22.03,3.34,50.1,0,weekend,8.916
4719,2025-02-09 07:00:00,Salle Serveur,21.63,0.93,46.0,0,weekend,49.138
3125,2025-01-27 00:00:00,Accueil,21.67,-2.35,45.0,10,ouvré,10.647
6323,2025-02-22 16:00:00,Atelier,21.21,5.86,40.0,0,weekend,11.12
7776,2025-03-06 19:00:00,bureau_nord,19.38,5.19,39.0,,ouvré,9.737
9355,2025-03-19 22:00:00,Accueil,20.56,6.22,39.0,0,ouvré,7.096
4171,2025-02-04 18:00:00,BUREAU NORD,22.4,4.85,44.4,7,ouvré,12.717
2419,2025-01-21 03:00:00,Salle Serveur,21.18,-1.55,37.6,0,ouvré,48.572
1865,2025-01-16 12:00:00,accueil ,21.73,2.91,47.1,16,ouvré,14.143
8730,2025-03-14 17:00:00,accueil ,20.66,9.07,51.5,,ouvré,8.278
1154,2025-01-10 14:00:00,Salle Serveur,21.47,4.9,45.4,0,ouvré,45.987
4570,2025-02-08 01:00:00,Accueil,21.8,2.43,42.7,0,weekend,10.206
10126,2025-03-26 09:00:00,BUREAU NORD,20.82,7.67,46.6,4,ouvré,13.32
2228,2025-01-19 13:00:00,atelier,20.41,5.79,40.8,0,weekend,13.113
5059,2025-02-12 03:00:00,Salle_Serveur,20.5,-0.04,47.5,0,ouvré,48.092
5420,2025-02-15 03:00:00,accueil ,21.42,-2.31,38.1,0,weekend,10.151
10668,2025-03-30 21:00:00,Atelier,20.84,9.53,38.9,0,weekend,11.022
6507,2025-02-24 05:00:00,Bureau_Sud,21.61,-0.75,48.7,6,ouvré,12.277
8450,2025-03-12 09:00:00,accueil ,21.85,5.67,46.0,20,ouvré,9.604
705,2025-01-06 20:00:00,accueil ,22.99,3.19,42.5,9,ouvré,11.144
5152,2025-02-12 22:00:00,bureau sud,21.22,2.77,,6,ouvré,10.05
3448,2025-01-29 17:00:00,Atelier,22.42,4.26,47.1,4,ouvré,24.259
5946,2025-02-19 13:00:00,bureau_nord,22.22,5.38,50.7,3,ouvré,16.064
2210,2025-01-19 09:00:00,accueil ,22.06,3.58,40.5,,weekend,8.406
8673,2025-03-14 06:00:00,atelier,20.35,2.51,47.7,0,ouvré,16.493
2596,2025-01-22 15:00:00,BUREAU NORD,20.83,6.14,47.3,11,ouvré,15.616
1505,2025-01-13 12:00:00,Accueil,20.92,4.46,44.8,7,ouvré,11.935
4617,2025-02-08 11:00:00,bureau sud,20.68,3.46,51.7,0,weekend,9.556
10699,2025-03-31 03:00:00,Salle Serveur,,2.6,45.9,0,ouvré,46.538
4109,2025-02-04 05:00:00,Salle Serveur,20.66,-0.32,44.2,0,ouvré,49.725
9259,2025-03-19 03:00:00,Salle_Serveur,20.71,2.83,48.5,0,ouvré,46.807
4249,2025-02-05 09:00:00,Salle Serveur,20.37,1.34,53.0,0,ouvré,46.11
4992,2025-02-11 14:00:00,Bureau_Sud,22.36,7.02,51.5,5,ouvré,19.55
8062,2025-03-09 04:00:00,bureau sud,21.84,0.41,39.5,0,weekend,11.044
1158,2025-01-10 15:00:00,Atelier,21.12,7.36,48.0,7,ouvré,29.299
126,2025-01-02 01:00:00,Bureau_Nord,20.87,1.94,42.1,11,ouvré,8.896
1848,2025-01-16 09:00:00,atelier,20.67,1.85,29.0,7,ouvré,24.584
4038,2025-02-03 15:00:00,Atelier,21.31,9.15,46.9,6,ouvré,549.53
9628,2025-03-22 05:00:00,Atelier,20.08,2.22,42.1,0,weekend,14.708
5987,2025-02-19 21:00:00,bureau sud,19.7,3.51,,10,ouvré,10.031
2123,2025-01-18 16:00:00,Atelier,21.07,7.86,45.7,0,weekend,11.392
5836,2025-02-18 15:00:00,Bureau_Nord,20.47,6.76,37.2,10,,15.064
6923,2025-02-27 16:00:00,atelier,21.68,9.14,42.7,11,ouvré,26.302
9425,2025-03-20 12:00:00,Accueil,21.96,9.31,39.4,1,ouvré,10.89
4695,2025-02-09 02:00:00,accueil ,20.51,-1.78,40.3,0,weekend,11.494
9714,2025-03-22 22:00:00,Salle_Serveur,21.55,6.19,35.6,0,weekend,44.949
3529,2025-01-30 09:00:00,Salle Serveur,20.76,2.9,53.9,0,ouvré,46.259
6001,2025-02-20 00:00:00,Bureau_Nord,21.09,0.68,52.0,10,ouvré,
3948,2025-02-02 21:00:00,atelier,21.63,3.16,37.2,0,weekend,13.464
9439,2025-03-20 15:00:00,Salle_Serveur,21.01,12.16,61.8,0,ouvré,42.117
1587,2025-01-14 05:00:00,Bureau_Sud,22.81,-1.39,51.3,9,ouvré,12.205
1856,2025-01-16 11:00:00,Bureau_Nord,22.01,3.98,54.5,0,ouvré,16.248
6158,2025-02-21 07:00:00,Atelier,,0.9,40.0,8,ouvré,17.726
10722,2025-03-31 08:00:00,Bureau_Sud,22.78,6.26,34.2,10,ouvré,13.643
60,2025-01-01 11:00:00,Accueil,20.61,5.86,43.3,10,férié,13.105
1933,2025-01-17 02:00:00,Atelier,20.42,-1.1,36.2,5,ouvré,15.95
8021,2025-03-08 20:00:00,Bureau_Nord,20.53,5.98,45.5,0,weekend,7.982
4781,2025-02-09 20:00:00,bureau_nord,18.82,3.29,47.9,0,weekend,10.118
4338,2025-02-06 03:00:00,Atelier,19.9,-0.24,45.9,9,ouvré,13.958
224,2025-01-02 20:00:00,Salle_Serveur,21.58,2.93,46.3,0,ouvré,47.036
7057,2025-02-28 19:00:00,bureau sud,20.88,4.34,45.5,5,ouvré,11.334
7336,2025-03-03 03:00:00,bureau_nord,19.61,2.1,47.6,7,ouvré,9.637
5485,2025-02-15 16:00:00,Accueil,21.37,7.19,45.9,,weekend,6.339
130,2025-01-02 01:00:00,Accueil,21.52,1.94,47.3,4,ouvré,8.519
4698,2025-02-09 03:00:00,Atelier,21.2,-0.84,43.0,,weekend,16.885
4063,2025-02-03 20:00:00,atelier,20.09,3.02,47.4,10,ouvré,15.781
1977,2025-01-17 11:00:00,Bureau_Sud,,4.59,,4,ouvré,18.51
4909,2025-02-10 21:00:00,Salle_Serveur,20.7,4.87,46.3,,ouvré,45.015
5717,2025-02-17 15:00:00,bureau sud,20.81,8.23,45.3,4,ouvré,16.584
1083,2025-01-10 00:00:00,atelier,20.38,-2.32,46.6,8,ouvré,13.919
8413,2025-03-12 02:00:00,atelier,22.38,1.73,46.0,12,ouvré,13.14
5535,2025-02-16 02:00:00,Accueil,20.88,0.46,42.4,0,weekend,8.48
10693,2025-03-31 02:00:00,Atelier,21.01,1.95,47.9,11,ouvré,12.863
8771,2025-03-15 02:00:00,Bureau_Nord,20.79,0.58,43.5,0,weekend,10.701
4426,2025-02-06 21:00:00,BUREAU NORD,22.71,3.66,49.8,5,ouvré,10.716
4485,2025-02-07 08:00:00,accueil ,20.43,1.88,55.9,16,ouvré,12.731
9633,2025-03-22 06:00:00,Atelier,19.31,3.13,50.7,0,weekend,13.125
4418,2025-02-06 19:00:00,atelier,21.03,6.62,48.6,2,ouvré,17.328
1547,2025-01-13 21:00:00,bureau sud,20.8,-0.94,,9,ouvré,12.362
8412,2025-03-12 02:00:00,bureau sud,19.41,1.73,46.3,8,ouvré,10.451
7774,2025-03-06 18:00:00,Salle_Serveur,20.94,6.04,42.8,0,ouvré,45.099
6635,2025-02-25 06:00:00,accueil ,20.83,1.02,39.5,8,ouvré,9.054
5544,2025-02-16 04:00:00,Salle Serveur,21.55,-1.24,43.9,0,weekend,48.801
10729,2025-03-31 09:00:00,Salle Serveur,20.91,3.65,42.5,0,ouvré,48.102
7217,2025-03-02 03:00:00,bureau sud,20.76,-0.51,39.8,0,weekend,11.398
6764,2025-02-26 08:00:00,Salle Serveur,21.32,3.18,47.5,0,ouvré,46.087
3721,2025-02-01 00:00:00,BUREAU NORD,21.63,-0.04,59.5,0,weekend,11.678
10167,2025-03-26 17:00:00,bureau sud,20.18,8.53,36.8,4,ouvré,12.497
2287,2025-01-20 01:00:00,bureau sud,20.47,-1.1,48.4,11,ouvré,11.079
7950,2025-03-08 05:00:00,Accueil,20.23,-0.87,42.9,0,weekend,10.958
8137,2025-03-09 19:00:00,Bureau_Sud,20.75,7.97,45.2,0,weekend,800.643
8962,2025-03-16 16:00:00,Bureau_Sud,22.28,10.95,49.9,0,weekend,6.588
5894,2025-02-19 02:00:00,Salle Serveur,20.34,-2.91,45.9,0,ouvré,51.209
315,2025-01-03 14:00:00,accueil ,21.55,7.03,43.9,7,ouvré,13.561
8609,2025-03-13 17:00:00,Salle_Serveur,21.34,7.87,,0,ouvré,42.936
7019,2025-02-28 11:00:00,Salle_Serveur,21.48,4.26,52.6,0,ouvré,46.813
8995,2025-03-16 22:00:00,Accueil,20.67,4.82,47.8,0,weekend,8.506
3522,2025-01-30 08:00:00,bureau sud,21.06,1.15,43.8,9,ouvré,14.144
5023,2025-02-11 20:00:00,atelier,20.57,4.83,45.6,13,ouvré,14.74
6510,2025-02-24 05:00:00,Accueil,,-0.75,40.0,8,ouvré,9.369
8888,2025-03-16 01:00:00,atelier,21.81,2.86,36.4,0,weekend,13.442
37,2025-01-01 07:00:00,Bureau_Sud,21.66,0.96,48.5,3,férié,14.788
4680,2025-02-08 23:00:00,Accueil,21.26,0.37,52.6,,weekend,10.749
8943,2025-03-16 12:00:00,Atelier,20.19,9.74,45.5,0,weekend,10.461
1407,2025-01-12 17:00:00,bureau sud,19.79,5.27,46.3,0,weekend,10.816
10585,2025-03-30 04:00:00,Accueil,21.15,3.71,39.6,0,weekend,416.301
2946,2025-01-25 13:00:00,BUREAU NORD,21.0,6.17,36.6,0,weekend,7.518
2080,2025-01-18 07:00:00,Accueil,20.25,0.79,,0,weekend,7.72
598,2025-01-05 23:00:00,atelier,21.38,-2.17,50.6,0,weekend,17.215
6397,2025-02-23 07:00:00,Bureau_Sud,20.07,4.7,53.3,0,weekend,11.035
10723,2025-03-31 08:00:00,Atelier,19.17,6.26,,3,ouvré,18.197
525,2025-01-05 08:00:00,accueil ,21.02,2.15,44.2,0,weekend,8.143
1114,2025-01-10 06:00:00,Salle_Serveur,20.23,0.67,49.6,0,ouvré,
8400,2025-03-11 23:00:00,accueil ,22.36,4.5,42.7,8,ouvré,8.495
849,2025-01-08 01:00:00,Salle Serveur,21.55,-2.23,47.5,0,ouvré,49.895
118,2025-01-01 23:00:00,atelier,21.04,1.43,51.1,5,férié,13.308
1404,2025-01-12 16:00:00,Salle_Serveur,20.03,7.21,56.3,0,weekend,45.084
5601,2025-02-16 16:00:00,BUREAU NORD,20.45,6.76,43.8,0,weekend,8.468
3623,2025-01-31 04:00:00,Atelier,21.24,-1.43,36.7,3,ouvré,16.003
7368,2025-03-03 09:00:00,atelier,21.3,2.15,36.3,5,ouvré,24.463
1684,2025-01-15 00:00:00,Salle Serveur,21.23,1.1,40.7,0,ouvré,48.419
354,2025-01-03 22:00:00,Salle_Serveur,20.84,0.88,47.2,0,ouvré,46.709
9605,2025-03-22 00:00:00,Accueil,21.5,3.09,36.2,0,weekend,10.111
8721,2025-03-14 16:00:00,BUREAU NORD,21.26,8.89,42.7,8,ouvré,13.978
938,2025-01-08 19:00:00,Atelier,21.49,4.4,47.0,6,ouvré,17.279
1808,2025-01-16 01:00:00,atelier,21.2,-1.17,43.0,12,ouvré,15.481
10134,2025-03-26 10:00:00,Salle_Serveur,20.38,9.16,41.3,0,ouvré,42.947
2064,2025-01-18 04:00:00,Salle Serveur,20.82,-1.67,43.0,0,weekend,49.417
6007,2025-02-20 01:00:00,Bureau_Sud,20.73,-0.35,43.5,4,ouvré,9.312
7383,2025-03-03 12:00:00,Atelier,18.88,9.28,32.1,,ouvré,31.173
5673,2025-02-17 06:00:00,Atelier,21.57,-0.55,,1,ouvré,16.003
4540,2025-02-07 19:00:00,Accueil,21.51,5.55,46.7,10,ouvré,9.396
3662,2025-01-31 12:00:00,Bureau_Sud,21.61,4.31,40.1,9,ouvré,20.613
4993,2025-02-11 14:00:00,Atelier,21.23,7.02,40.2,3,ouvré,32.905
5739,2025-02-17 19:00:00,Salle_Serveur,,7.15,46.6,0,ouvré,43.526
5577,2025-02-16 11:00:00,Bureau_Sud,20.3,7.16,50.7,0,weekend,9.054
6548,2025-02-24 13:00:00,Atelier,20.01,8.38,40.2,10,ouvré,33.737
3880,2025-02-02 07:00:00,accueil ,21.16,1.23,47.9,0,weekend,8.485
8670,2025-03-14 05:00:00,accueil ,20.91,0.43,30.7,,ouvré,9.847
2807,2025-01-24 09:00:00,Bureau_Sud,20.68,1.09,58.1,8,ouvré,17.233
7280,2025-03-02 15:00:00,accueil ,21.5,8.26,45.3,0,weekend,5.594
4380,2025-02-06 11:00:00,accueil ,21.89,5.53,48.3,11,ouvré,12.789
2756,2025-01-23 23:00:00,BUREAU NORD,20.45,0.18,45.6,10,ouvré,11.633
2853,2025-01-24 18:00:00,atelier,22.14,5.64,47.8,7,ouvré,19.892
71,2025-01-01 14:00:00,Bureau_Nord,20.41,4.97,39.1,11,férié,17.459
8250,2025-03-10 17:00:00,accueil ,20.65,9.11,56.2,6,ouvré,-39.069
7554,2025-03-04 22:00:00,Salle Serveur,22.23,3.5,40.0,0,ouvré,46.656
6926,2025-02-27 17:00:00,bureau_nord,21.12,9.08,44.4,5,ouvré,12.651
9971,2025-03-25 02:00:00,Bureau_Nord,20.91,2.76,49.4,11,ouvré,10.196
4181,2025-02-04 20:00:00,Bureau_Nord,20.58,4.4,47.7,7,ouvré,10.586
10093,2025-03-26 02:00:00,atelier,18.98,2.7,38.5,2,ouvré,13.154
847,2025-01-08 01:00:00,Bureau_Sud,22.09,-2.23,33.8,5,ouvré,11.88
4086,2025-02-04 01:00:00,Bureau_Nord,20.8,0.03,38.4,9,ouvré,10.381
7495,2025-03-04 10:00:00,accueil ,21.57,7.24,42.6,5,ouvré,12.688
9671,2025-03-22 14:00:00,Bureau_Nord,19.17,11.23,49.3,0,weekend,6.015
6665,2025-02-25 12:00:00,accueil ,20.17,6.49,,0,ouvré,13.354
463,2025-01-04 20:00:00,Atelier,20.13,2.35,38.7,0,weekend,16.014
6840,2025-02-26 23:00:00,accueil ,21.07,1.97,46.6,12,ouvré,711.556
2872,2025-01-24 22:00:00,Bureau_Sud,20.33,-1.27,,12,ouvré,12.482
1665,2025-01-14 20:00:00,accueil ,22.04,1.26,56.1,7,ouvré,11.346
6124,2025-02-21 00:00:00,Salle Serveur,20.86,-0.92,41.4,0,ouvré,47.82
4961,2025-02-11 08:00:00,Bureau_Nord,19.59,1.99,44.1,,ouvré,13.504
2684,2025-01-23 08:00:00,Salle Serveur,20.33,0.71,44.4,0,ouvré,46.475
7056,2025-02-28 19:00:00,bureau_nord,19.66,4.34,43.0,4,ouvré,10.025
8255,2025-03-10 18:00:00,accueil ,19.66,9.57,42.2,5,ouvré,
10397,2025-03-28 15:00:00,Bureau_Sud,22.03,11.44,47.1,4,ouvré,14.965
2401,2025-01-21 00:00:00,Bureau_Nord,22.04,-0.74,45.4,4,ouvré,10.115
6342,2025-02-22 20:00:00,bureau sud,19.61,3.26,41.3,0,weekend,10.176
8811,2025-03-15 10:00:00,BUREAU NORD,19.74,5.42,37.1,,weekend,8.491
5681,2025-02-17 08:00:00,bureau_nord,21.19,4.08,52.6,8,ouvré,10.624
5291,2025-02-14 02:00:00,bureau_nord,21.7,-1.46,,4,ouvré,10.993
1254,2025-01-11 10:00:00,Salle Serveur,20.05,1.98,46.5,0,weekend,46.357
1905,2025-01-16 20:00:00,Accueil,22.01,2.14,45.8,,ouvré,8.539
1787,2025-01-15 21:00:00,bureau sud,20.06,2.27,43.5,11,ouvré,11.272
7405,2025-03-03 16:00:00,accueil ,20.96,10.55,48.3,11,ouvré,9.447
3964,2025-02-03 00:00:00,Salle Serveur,21.08,-0.19,40.6,0,ouvré,48.742
5725,2025-02-17 16:00:00,accueil ,21.83,5.37,42.1,5,ouvré,13.111
10098,2025-03-26 03:00:00,atelier,21.56,2.92,53.4,10,ouvré,13.306
7473,2025-03-04 06:00:00,Atelier,20.14,-0.08,,4,ouvré,15.316
2759,2025-01-23 23:00:00,Salle_Serveur,21.02,0.18,55.0,0,ouvré,47.298
10298,2025-03-27 19:00:00,Atelier,20.94,8.13,41.5,3,ouvré,15.751
5890,2025-02-19 01:00:00,Accueil,19.61,-1.05,53.6,2,ouvré,9.259
1957,2025-01-17 07:00:00,Bureau_Sud,19.61,0.2,44.1,9,ouvré,14.286
9498,2025-03-21 03:00:00,atelier,20.43,1.65,41.2,4,ouvré,13.349
10660,2025-03-30 19:00:00,Accueil,21.62,9.25,44.1,0,weekend,5.36
9097,2025-03-17 19:00:00,bureau sud,21.07,7.1,44.3,14,ouvré,10.016
6428,2025-02-23 13:00:00,atelier,19.92,6.38,39.6,0,weekend,
1632,2025-01-14 14:00:00,Bureau_Sud,20.48,6.44,53.5,11,ouvré,18.237
4955,2025-02-11 06:00:00,Accueil,19.85,-0.03,48.5,18,ouvré,11.208
9037,2025-03-17 07:00:00,bureau sud,20.89,3.46,53.1,6,ouvré,13.694
2768,2025-01-24 01:00:00,Atelier,20.21,-1.71,44.6,12,ouvré,13.563
489,2025-01-05 01:00:00,Salle Serveur,22.09,0.44,46.5,,weekend,48.294
9945,2025-03-24 20:00:00,accueil ,21.13,9.68,49.3,9,ouvré,7.363
1341,2025-01-12 04:00:00,bureau_nord,20.0,-0.81,46.4,0,weekend,10.703
7381,2025-03-03 12:00:00,Bureau_Nord,21.31,9.28,46.6,7,ouvré,16.553
1269,2025-01-11 13:00:00,Salle_Serveur,21.21,4.38,46.2,0,weekend,47.361
6928,2025-02-27 17:00:00,Atelier,20.03,9.08,51.8,12,ouvré,23.018
4428,2025-02-06 21:00:00,Atelier,20.83,3.66,39.1,7,ouvré,14.624
1034,2025-01-09 14:00:00,Salle Serveur,20.88,6.69,,0,ouvré,44.925
582,2025-01-05 20:00:00,Bureau_Sud,21.04,1.98,40.5,0,weekend,11.633
137,2025-01-02 03:00:00,Bureau_Sud,20.11,-3.06,48.4,2,ouvré,10.942
1169,2025-01-10 17:00:00,Salle_Serveur,21.88,6.03,44.0,0,ouvré,
6275,2025-02-22 06:00:00,accueil ,21.67,-0.02,55.5,0,weekend,8.903
3957,2025-02-02 23:00:00,Bureau_Sud,21.79,1.43,35.6,0,weekend,11.203
7032,2025-02-28 14:00:00,bureau sud,21.82,8.15,36.3,11,ouvré,16.899
546,2025-01-05 13:00:00,BUREAU NORD,21.68,4.83,46.2,,weekend,8.27
1847,2025-01-16 09:00:00,bureau sud,21.02,1.85,29.9,4,ouvré,16.119
3924,2025-02-02 16:00:00,Salle_Serveur,21.66,9.27,35.5,0,weekend,44.809
2174,2025-01-19 02:00:00,Salle_Serveur,,-3.03,42.5,0,weekend,48.906
7403,2025-03-03 16:00:00,Atelier,21.04,10.55,51.3,8,ouvré,24.366
4653,2025-02-08 18:00:00,Atelier,20.41,5.77,41.6,0,weekend,13.264
4642,2025-02-08 16:00:00,Bureau_Sud,21.07,6.15,42.7,0,weekend,10.302
4468,2025-02-07 05:00:00,atelier,19.56,-0.21,43.6,10,ouvré,14.052
3570,2025-01-30 17:00:00,accueil ,20.57,3.79,37.5,9,ouvré,12.048
4220,2025-02-05 03:00:00,Accueil,20.23,-1.36,,5,ouvré,10.677
5162,2025-02-13 00:00:00,bureau sud,19.58,0.56,37.2,11,ouvré,11.539
9312,2025-03-19 14:00:00,bureau sud,20.61,9.15,50.8,5,ouvré,17.989
283,2025-01-03 08:00:00,Atelier,21.22,2.49,27.0,6,ouvré,20.48
528,2025-01-05 09:00:00,atelier,21.98,3.38,38.7,0,weekend,879.886
7341,2025-03-03 04:00:00,Bureau_Nord,22.02,-0.6,143.8,10,ouvré,11.546
5435,2025-02-15 06:00:00,Accueil,21.24,0.07,40.8,0,weekend,11.406
1997,2025-01-17 15:00:00,Bureau_Sud,21.88,6.54,52.9,7,ouvré,18.494
1322,2025-01-12 00:00:00,bureau sud,21.93,0.62,,0,weekend,11.184
68,2025-01-01 13:00:00,atelier,21.63,7.22,44.0,5,férié,32.145
8105,2025-03-09 12:00:00,Accueil,,7.82,43.3,0,weekend,6.08
6198,2025-02-21 15:00:00,Atelier,20.75,6.0,40.3,8,ouvré,29.8
1831,2025-01-16 06:00:00,Bureau_Nord,21.13,-1.03,50.6,7,ouvré,12.023
1515,2025-01-13 14:00:00,Accueil,21.0,5.96,40.8,3,ouvré,12.698
10318,2025-03-27 23:00:00,atelier,21.54,5.86,44.4,11,ouvré,12.255
5923,2025-02-19 08:00:00,Atelier,21.8,2.12,39.6,15,ouvré,21.366
9878,2025-03-24 07:00:00,atelier,21.19,3.34,44.7,8,ouvré,18.183
5838,2025-02-18 15:00:00,atelier,20.99,6.76,40.4,8,ouvré,29.035
6024,2025-02-20 04:00:00,Salle Serveur,20.41,-0.74,52.3,0,ouvré,49.142
8922,2025-03-16 08:00:00,Bureau_Sud,21.35,6.6,47.8,0,weekend,8.414
10396,2025-03-28 15:00:00,Bureau_Nord,22.03,11.44,61.1,6,ouvré,13.953
5841,2025-02-18 16:00:00,Bureau_Nord,21.08,6.88,47.4,2,ouvré,12.904
5263,2025-02-13 20:00:00,Atelier,20.47,3.17,,10,ouvré,16.188
10698,2025-03-31 03:00:00,atelier,21.8,2.6,55.3,7,ouvré,12.764
5281,2025-02-14 00:00:00,bureau_nord,21.78,-0.07,37.2,9,ouvré,11.384
9024,2025-03-17 04:00:00,Salle_Serveur,22.37,1.23,,0,ouvré,46.728
629,2025-01-06 05:00:00,Salle Serveur,21.81,-2.04,36.7,0,ouvré,48.783
1755,2025-01-15 14:00:00,Accueil,21.06,8.19,45.9,11,ouvré,11.883
490,2025-01-05 01:00:00,accueil ,22.01,0.44,49.2,0,weekend,
9686,2025-03-22 17:00:00,Bureau_Nord,21.29,10.78,46.0,0,weekend,5.799
4556,2025-02-07 23:00:00,Bureau_Nord,20.5,-0.58,34.7,6,ouvré,12.394
7295,2025-03-02 18:00:00,Accueil,19.77,6.04,37.3,0,weekend,7.187
4498,2025-02-07 11:00:00,Atelier,20.76,3.49,,10,ouvré,32.429
9146,2025-03-18 05:00:00,BUREAU NORD,22.53,2.67,52.8,8,ouvré,10.62
2772,2025-01-24 02:00:00,Bureau_Sud,21.56,-2.77,38.9,7,ouvré,12.171
1349,2025-01-12 05:00:00,Salle Serveur,20.83,1.25,38.7,,weekend,48.405
469,2025-01-04 21:00:00,Salle Serveur,20.39,0.57,46.9,0,weekend,47.259
9768,2025-03-23 09:00:00,atelier,22.68,5.68,43.3,0,weekend,13.007
2592,2025-01-22 14:00:00,Bureau_Sud,20.45,6.47,40.7,1,ouvré,18.022
2986,2025-01-25 21:00:00,Bureau_Nord,19.97,1.1,56.5,0,weekend,10.674
9796,2025-03-23 15:00:00,bureau_nord,20.49,10.54,40.2,0,weekend,7.63
5605,2025-02-16 16:00:00,Accueil,21.19,6.76,42.8,0,weekend,7.001
3737,2025-02-01 03:00:00,Bureau_Sud,22.1,-2.03,39.7,0,weekend,13.634
9334,2025-03-19 18:00:00,Salle_Serveur,21.42,9.66,45.4,0,ouvré,43.905
2599,2025-01-22 15:00:00,Salle_Serveur,20.53,6.14,55.2,0,ouvré,46.902
9009,2025-03-17 01:00:00,Salle Serveur,21.21,2.88,52.8,0,ouvré,46.108
6677,2025-02-25 15:00:00,bureau sud,21.54,6.47,43.5,6,ouvré,18.457
1616,2025-01-14 11:00:00,bureau_nord,22.6,3.19,48.4,2,ouvré,18.11
9363,2025-03-20 00:00:00,Atelier,20.77,4.0,,13,ouvré,11.387
10039,2025-03-25 15:00:00,Salle_Serveur,21.09,10.81,47.2,0,ouvré,43.254
5033,2025-02-11 22:00:00,atelier,21.27,0.0,35.9,10,ouvré,15.207
7266,2025-03-02 13:00:00,bureau_nord,21.51,7.05,46.6,0,weekend,7.704
1443,2025-01-13 00:00:00,Atelier,20.74,-1.35,45.3,15,ouvré,13.762
2294,2025-01-20 02:00:00,Salle_Serveur,21.97,-1.9,44.0,0,ouvré,49.344
7435,2025-03-03 22:00:00,Accueil,22.07,4.6,50.8,5,ouvré,7.479
6115,2025-02-20 22:00:00,Accueil,,5.57,44.8,12,ouvré,7.999
7096,2025-03-01 03:00:00,BUREAU NORD,19.84,0.92,48.1,0,weekend,12.163
4207,2025-02-05 01:00:00,Bureau_Sud,21.29,-0.25,42.1,12,ouvré,12.79
5307,2025-02-14 05:00:00,bureau sud,20.76,-0.66,43.0,7,ouvré,11.113
6390,2025-02-23 05:00:00,Accueil,22.48,1.28,40.4,0,weekend,9.692
5214,2025-02-13 10:00:00,Salle Serveur,19.37,3.82,41.7,0,ouvré,44.317
5368,2025-02-14 17:00:00,Atelier,22.18,6.42,53.5,7,ouvré,22.154
6614,2025-02-25 02:00:00,Salle Serveur,19.62,0.67,42.9,0,ouvré,46.732
7292,2025-03-02 18:00:00,Bureau_Sud,21.67,6.04,31.1,0,weekend,10.155
4453,2025-02-07 02:00:00,Atelier,21.01,-2.96,39.9,13,ouvré,15.215
9553,2025-03-21 14:00:00,atelier,20.85,12.42,46.7,9,ouvré,30.815
3454,2025-01-29 18:00:00,Salle_Serveur,20.26,2.1,48.0,0,ouvré,46.412
7081,2025-03-01 00:00:00,BUREAU NORD,20.84,0.07,38.5,0,weekend,11.093
8128,2025-03-09 17:00:00,Atelier,22.67,7.24,45.7,0,weekend,12.133
3922,2025-02-02 16:00:00,bureau sud,20.59,9.27,53.1,0,weekend,7.246
453,2025-01-04 18:00:00,Atelier,21.32,7.38,47.1,0,weekend,12.015
1470,2025-01-13 05:00:00,accueil ,20.7,-2.34,38.8,10,ouvré,11.406
193,2025-01-02 14:00:00,atelier,19.84,6.33,36.8,4,ouvré,33.393
8368,2025-03-11 17:00:00,Atelier,21.18,10.9,40.9,12,ouvré,20.025
8025,2025-03-08 20:00:00,accueil ,20.43,5.98,48.5,0,weekend,7.553
7307,2025-03-02 21:00:00,Bureau_Sud,19.82,3.91,40.2,0,weekend,10.652
8022,2025-03-08 20:00:00,bureau sud,20.68,5.98,52.3,0,weekend,9.122
9389,2025-03-20 05:00:00,Salle_Serveur,20.41,5.23,41.0,0,ouvré,46.538
5622,2025-02-16 20:00:00,Bureau_Sud,20.16,3.23,41.3,0,weekend,10.054
3004,2025-01-26 00:00:00,Salle_Serveur,22.46,0.52,39.6,0,weekend,48.904
4128,2025-02-04 09:00:00,atelier,19.79,2.75,46.4,6,ouvré,24.931
1209,2025-01-11 01:00:00,Salle Serveur,20.96,-0.49,38.8,0,weekend,47.817
699,2025-01-06 19:00:00,Salle Serveur,20.15,3.36,39.4,0,ouvré,47.919
9410,2025-03-20 09:00:00,accueil ,20.49,6.39,53.0,8,ouvré,10.284
10479,2025-03-29 07:00:00,Salle_Serveur,19.59,4.05,42.7,0,weekend,45.292
1824,2025-01-16 04:00:00,Salle_Serveur,22.47,-1.63,39.4,0,ouvré,47.816
3693,2025-01-31 18:00:00,atelier,22.37,4.73,54.0,5,ouvré,20.801
3453,2025-01-29 18:00:00,atelier,21.07,2.1,58.1,4,ouvré,21.499
9808,2025-03-23 17:00:00,Atelier,21.03,10.65,36.3,0,weekend,9.866
7527,2025-03-04 17:00:00,bureau sud,22.01,6.57,,10,ouvré,14.394
9915,2025-03-24 14:00:00,accueil ,20.75,10.86,43.8,13,ouvré,10.598
6255,2025-02-22 02:00:00,accueil ,21.8,-0.38,39.9,0,weekend,10.831
7457,2025-03-04 03:00:00,Bureau_Sud,19.66,-0.41,48.4,6,ouvré,12.586
542,2025-01-05 12:00:00,bureau sud,21.61,6.29,50.8,0,weekend,10.072
5789,2025-02-18 05:00:00,Salle Serveur,21.94,-0.29,46.6,0,ouvré,46.653
7893,2025-03-07 18:00:00,Atelier,21.28,8.49,,15,ouvré,18.678
3059,2025-01-26 11:00:00,Salle_Serveur,20.55,3.98,47.6,0,weekend,46.572
5905,2025-02-19 04:00:00,Accueil,20.72,0.32,45.7,5,ouvré,8.737
5069,2025-02-12 05:00:00,Salle_Serveur,20.6,1.16,52.6,0,ouvré,47.932
255,2025-01-03 02:00:00,Accueil,19.58,-1.2,41.2,4,ouvré,9.749
5049,2025-02-12 01:00:00,Salle_Serveur,20.74,-1.21,,0,ouvré,48.293
7237,2025-03-02 07:00:00,Bureau_Sud,21.74,1.47,43.1,0,weekend,11.515
5113,2025-02-12 14:00:00,Atelier,21.58,6.71,47.0,,ouvré,31.416
3009,2025-01-26 01:00:00,Salle Serveur,,-2.44,52.6,0,weekend,48.604
6632,2025-02-25 06:00:00,Bureau_Sud,20.64,1.02,49.6,1,ouvré,11.755
9676,2025-03-22 15:00:00,bureau_nord,20.44,10.98,41.5,0,weekend,7.726
7595,2025-03-05 06:00:00,Accueil,21.98,1.89,45.6,19,ouvré,12.024
7426,2025-03-03 21:00:00,bureau_nord,21.58,5.65,49.4,9,ouvré,7.99
3385,2025-01-29 04:00:00,accueil ,20.95,-1.13,47.1,10,ouvré,10.834
2218,2025-01-19 11:00:00,atelier,19.55,5.58,38.1,0,weekend,13.727
3226,2025-01-27 21:00:00,BUREAU NORD,21.11,1.58,47.0,8,ouvré,11.084
7003,2025-02-28 08:00:00,Atelier,20.47,3.39,51.6,4,ouvré,21.74
5201,2025-02-13 08:00:00,BUREAU NORD,21.18,2.37,44.6,6,ouvré,13.106
2811,2025-01-24 10:00:00,Bureau_Nord,22.39,2.88,34.8,6,ouvré,15.18
10144,2025-03-26 12:00:00,Salle_Serveur,21.23,10.67,43.0,0,ouvré,43.959
3098,2025-01-26 19:00:00,Atelier,21.17,3.66,42.7,0,weekend,13.148
5034,2025-02-11 22:00:00,Salle_Serveur,19.87,0.0,45.0,0,ouvré,48.15
8497,2025-03-12 19:00:00,Bureau_Sud,20.5,6.98,42.5,8,ouvré,9.375
8594,2025-03-13 14:00:00,Salle Serveur,20.58,7.44,,0,ouvré,46.082
942,2025-01-08 20:00:00,bureau sud,20.02,2.24,43.2,10,ouvré,12.567
7335,2025-03-03 02:00:00,Accueil,-999,2.22,46.2,2,ouvré,7.917
5937,2025-02-19 11:00:00,bureau sud,22.4,6.65,47.7,11,ouvré,18.466
5892,2025-02-19 02:00:00,Bureau_Sud,20.95,-2.91,44.1,9,ouvré,
4805,2025-02-10 00:00:00,Accueil,22.16,0.09,43.7,9,ouvré,
6210,2025-02-21 17:00:00,accueil ,22.08,8.88,40.2,3,ouvré,8.937
7779,2025-03-06 19:00:00,Salle Serveur,,5.19,42.5,,ouvré,45.209
5280,2025-02-13 23:00:00,accueil ,21.22,0.66,53.0,,ouvré,10.313
5561,2025-02-16 08:00:00,BUREAU NORD,21.15,2.01,50.1,0,weekend,10.488
4667,2025-02-08 21:00:00,Bureau_Sud,20.73,2.23,30.2,0,weekend,11.291
350,2025-01-03 21:00:00,Accueil,21.72,1.31,51.3,5,ouvré,9.259
1884,2025-01-16 16:00:00,Salle Serveur,21.67,8.27,46.0,0,ouvré,43.419
6508,2025-02-24 05:00:00,Atelier,19.69,-0.75,45.4,14,ouvré,15.637
4437,2025-02-06 23:00:00,Bureau_Sud,20.16,0.95,44.7,4,ouvré,11.128
9922,2025-03-24 16:00:00,Bureau_Sud,20.39,11.29,33.8,8,ouvré,12.612
7881,2025-03-07 16:00:00,Bureau_Nord,20.45,10.33,,11,ouvré,12.421
4251,2025-02-05 10:00:00,BUREAU NORD,21.36,6.07,45.6,10,ouvré,14.459
7994,2025-03-08 14:00:00,Salle_Serveur,21.34,8.66,44.3,0,weekend,44.263
220,2025-01-02 19:00:00,accueil ,20.09,2.16,39.4,7,ouvré,10.126
2953,2025-01-25 14:00:00,atelier,21.92,4.88,48.6,0,weekend,12.318
3204,2025-01-27 16:00:00,Salle Serveur,21.13,5.01,48.3,0,ouvré,46.912
5101,2025-02-12 12:00:00,Bureau_Nord,20.92,3.5,43.2,9,ouvré,19.44
10327,2025-03-28 01:00:00,bureau sud,21.67,4.04,55.0,5,ouvré,9.519
6443,2025-02-23 16:00:00,atelier,21.24,6.71,46.8,0,weekend,13.082
1476,2025-01-13 07:00:00,BUREAU NORD,19.43,0.39,39.8,,ouvré,11.726
7378,2025-03-03 11:00:00,atelier,21.48,8.1,41.6,9,ouvré,28.963
4022,2025-02-03 12:00:00,Bureau_Sud,20.3,4.33,,7,ouvré,19.732
4409,2025-02-06 17:00:00,Salle_Serveur,,6.36,48.9,0,ouvré,46.6
2142,2025-01-18 20:00:00,Bureau_Sud,22.7,2.71,47.2,0,weekend,11.466
4628,2025-02-08 13:00:00,atelier,20.43,5.91,50.4,0,weekend,13.066
5765,2025-02-18 00:00:00,accueil ,20.85,1.22,43.4,6,ouvré,8.77
3729,2025-02-01 01:00:00,Salle_Serveur,20.94,-4.19,46.6,0,weekend,49.543
3401,2025-01-29 08:00:00,Bureau_Nord,21.88,0.9,44.2,0,ouvré,13.968
8483,2025-03-12 16:00:00,atelier,21.38,5.38,39.3,10,ouvré,27.107
1289,2025-01-11 17:00:00,Salle Serveur,21.89,3.28,45.9,0,weekend,690.063
6248,2025-02-22 01:00:00,Atelier,20.17,2.74,41.7,0,weekend,15.194
3397,2025-01-29 07:00:00,bureau sud,18.97,0.35,39.6,5,ouvré,12.898
3296,2025-01-28 11:00:00,Bureau_Nord,21.45,4.25,,5,ouvré,16.983
5477,2025-02-15 15:00:00,Bureau_Sud,21.67,8.65,,0,weekend,8.09
3222,2025-01-27 20:00:00,bureau sud,20.72,1.95,33.6,11,ouvré,12.07
9936,2025-03-24 19:00:00,BUREAU NORD,20.42,7.56,50.9,7,ouvré,10.716
4162,2025-02-04 16:00:00,bureau sud,20.06,6.15,34.9,10,ouvré,15.137
9227,2025-03-18 21:00:00,bureau sud,20.42,6.96,41.0,10,ouvré,9.576
10237,2025-03-27 07:00:00,bureau sud,21.72,4.66,42.5,7,ouvré,10.476
7865,2025-03-07 12:00:00,Accueil,21.09,8.32,59.6,8,ouvré,10.849
10209,2025-03-27 01:00:00,Salle Serveur,19.82,2.38,,0,ouvré,47.339
8165,2025-03-10 00:00:00,Accueil,21.99,3.28,41.8,11,ouvré,7.494
362,2025-01-04 00:00:00,Bureau_Sud,22.2,-0.29,38.2,0,weekend,11.349
1718,2025-01-15 07:00:00,atelier,22.16,0.31,43.7,8,ouvré,19.447
7958,2025-03-08 07:00:00,atelier,21.99,3.26,42.1,0,weekend,12.363
10168,2025-03-26 17:00:00,atelier,20.13,8.53,50.4,11,ouvré,21.573
1432,2025-01-12 22:00:00,Bureau_Sud,20.71,0.7,47.8,0,weekend,12.183
3833,2025-02-01 22:00:00,Atelier,20.07,-0.1,44.1,0,weekend,16.908
1164,2025-01-10 16:00:00,Salle Serveur,22.81,4.55,56.0,0,ouvré,45.817
1343,2025-01-12 04:00:00,atelier,21.95,-0.81,,0,weekend,14.894
7079,2025-02-28 23:00:00,Salle_Serveur,21.0,3.19,43.7,0,ouvré,46.972
7464,2025-03-04 04:00:00,Salle_Serveur,19.85,0.63,34.9,0,ouvré,48.443
8115,2025-03-09 14:00:00,accueil ,20.24,6.84,58.3,0,weekend,6.924
6572,2025-02-24 18:00:00,Bureau_Sud,-999,6.02,41.2,19,ouvré,13.036
7044,2025-02-28 16:00:00,Salle Serveur,20.12,8.61,52.2,0,ouvré,43.781
9939,2025-03-24 19:00:00,Salle_Serveur,19.48,7.56,47.4,0,ouvré,44.211
10414,2025-03-28 18:00:00,Salle_Serveur,21.78,9.89,41.2,0,ouvré,44.141
2631,2025-01-22 22:00:00,BUREAU NORD,21.6,1.2,42.5,10,ouvré,12.277
2605,2025-01-22 16:00:00,Accueil,19.69,5.62,58.4,0,ouvré,11.956
6133,2025-02-21 02:00:00,atelier,21.51,-0.16,36.6,1,ouvré,610.82
6648,2025-02-25 09:00:00,Atelier,21.21,4.77,37.2,7,ouvré,25.352
8162,2025-03-10 00:00:00,bureau sud,20.93,3.28,44.7,6,ouvré,8.704
9522,2025-03-21 08:00:00,bureau sud,20.37,5.61,35.1,9,ouvré,13.508
3829,2025-02-01 21:00:00,Salle Serveur,22.0,1.59,45.9,0,weekend,47.165
9803,2025-03-23 16:00:00,atelier,22.14,9.49,51.7,0,weekend,11.981
8708,2025-03-14 13:00:00,Atelier,20.34,8.37,32.0,2,ouvré,32.343
1215,2025-01-11 02:00:00,accueil ,20.57,-1.21,47.5,0,weekend,9.998
3306,2025-01-28 13:00:00,bureau_nord,20.16,5.93,41.3,11,ouvré,16.211
226,2025-01-02 21:00:00,Bureau_Nord,20.14,2.84,,7,ouvré,11.534
3897,2025-02-02 11:00:00,bureau sud,21.11,4.99,40.0,0,weekend,9.368
5089,2025-02-12 09:00:00,Salle_Serveur,20.32,3.58,38.0,0,ouvré,44.33
10409,2025-03-28 17:00:00,Salle Serveur,20.39,12.8,47.1,0,ouvré,42.138
5548,2025-02-16 05:00:00,atelier,20.73,-0.91,42.9,0,weekend,15.615
5922,2025-02-19 08:00:00,Bureau_Sud,20.99,2.12,47.6,10,ouvré,13.526
7299,2025-03-02 19:00:00,Salle_Serveur,21.91,8.24,37.4,0,weekend,44.746
873,2025-01-08 06:00:00,Atelier,21.61,-1.61,,9,ouvré,17.251
1577,2025-01-14 03:00:00,bureau sud,21.48,-3.05,41.3,7,ouvré,11.455
5918,2025-02-19 07:00:00,atelier,20.07,0.5,41.0,13,ouvré,17.179
4726,2025-02-09 09:00:00,Bureau_Nord,19.56,0.93,40.6,0,weekend,11.488
1806,2025-01-16 01:00:00,BUREAU NORD,21.93,-1.17,52.6,6,ouvré,13.177
5610,2025-02-16 17:00:00,accueil ,23.46,8.38,44.2,0,weekend,7.572
10752,2025-03-31 14:00:00,Bureau_Sud,22.02,10.83,51.5,9,ouvré,18.948
3638,2025-01-31 07:00:00,Atelier,21.16,-0.17,36.4,7,ouvré,19.519
7411,2025-03-03 18:00:00,Bureau_Nord,19.93,8.27,59.6,4,ouvré,10.504
5054,2025-02-12 02:00:00,Salle_Serveur,21.15,-1.39,48.4,,ouvré,48.456
10537,2025-03-29 19:00:00,Bureau_Sud,22.36,10.44,49.4,0,weekend,7.327
3368,2025-01-29 01:00:00,Atelier,21.85,-2.66,50.3,6,ouvré,13.648
4322,2025-02-06 00:00:00,Bureau_Sud,21.27,0.09,54.2,7,ouvré,11.335
8555,2025-03-13 06:00:00,Accueil,21.08,1.64,,7,ouvré,10.376
9749,2025-03-23 05:00:00,Salle Serveur,22.0,4.12,51.9,0,weekend,46.753
9941,2025-03-24 20:00:00,bureau_nord,22.42,9.68,41.9,0,ouvré,6.184
10688,2025-03-31 01:00:00,atelier,21.64,7.18,44.9,8,ouvré,8.955
2243,2025-01-19 16:00:00,Atelier,21.05,7.58,44.0,0,weekend,11.149
5363,2025-02-14 16:00:00,Atelier,19.99,6.63,41.8,10,ouvré,28.359
1260,2025-01-11 11:00:00,Accueil,21.1,2.84,39.2,0,weekend,9.485
749,2025-01-07 05:00:00,Salle Serveur,20.82,0.02,41.5,0,ouvré,47.705
7714,2025-03-06 06:00:00,Salle_Serveur,20.58,2.86,49.0,0,ouvré,46.544
9301,2025-03-19 12:00:00,Bureau_Nord,21.48,8.7,35.4,11,ouvré,16.901
2330,2025-01-20 09:00:00,accueil ,21.24,2.43,27.8,,ouvré,11.915
6181,2025-02-21 12:00:00,bureau_nord,20.24,6.83,32.2,5,ouvré,18.014
5249,2025-02-13 17:00:00,Salle Serveur,21.95,4.93,40.3,0,ouvré,45.863
1579,2025-01-14 03:00:00,Salle_Serveur,20.92,-3.05,46.2,0,ouvré,47.489
9335,2025-03-19 18:00:00,accueil ,20.21,9.66,45.7,5,ouvré,8.686
7362,2025-03-03 08:00:00,bureau sud,21.59,5.46,32.6,6,ouvré,11.963
6236,2025-02-21 23:00:00,Bureau_Nord,21.27,1.08,36.6,11,ouvré,11.069
2194,2025-01-19 06:00:00,Salle_Serveur,21.4,1.13,47.1,0,weekend,48.281
7689,2025-03-06 01:00:00,Salle Serveur,21.95,1.88,33.0,0,ouvré,46.207
8862,2025-03-15 20:00:00,bureau sud,,5.34,49.1,0,weekend,8.954
6504,2025-02-24 04:00:00,Salle_Serveur,21.28,2.18,40.0,0,ouvré,46.3
9767,2025-03-23 09:00:00,Bureau_Sud,22.2,5.68,39.6,0,weekend,8.701
2183,2025-01-19 04:00:00,atelier,21.56,-2.12,46.5,0,weekend,15.78
9911,2025-03-24 14:00:00,BUREAU NORD,21.65,10.86,37.0,5,ouvré,14.351
4599,2025-02-08 07:00:00,Salle_Serveur,21.05,-0.04,55.9,0,weekend,50.049
4145,2025-02-04 12:00:00,Accueil,20.27,4.49,48.7,8,ouvré,11.877
6645,2025-02-25 08:00:00,Accueil,21.63,4.84,48.3,6,ouvré,11.016
3708,2025-01-31 21:00:00,atelier,21.11,2.26,,,ouvré,14.202
3403,2025-01-29 08:00:00,atelier,20.15,0.9,41.5,2,ouvré,22.01
39,2025-01-01 07:00:00,Salle_Serveur,21.0,0.96,58.6,0,férié,48.294
4649,2025-02-08 17:00:00,Salle Serveur,20.64,5.39,43.7,0,weekend,48.156
6153,2025-02-21 06:00:00,Atelier,19.72,1.48,61.8,1,ouvré,15.016
10321,2025-03-28 00:00:00,Bureau_Nord,19.96,4.84,43.7,6,ouvré,503.297
9219,2025-03-18 19:00:00,Salle Serveur,21.03,8.45,46.0,0,ouvré,44.514
9153,2025-03-18 06:00:00,atelier,21.07,3.63,53.9,13,ouvré,15.164
4716,2025-02-09 07:00:00,bureau_nord,22.01,0.93,48.2,0,weekend,11.722
5288,2025-02-14 01:00:00,atelier,21.2,-0.01,37.2,8,ouvré,13.833
8299,2025-03-11 03:00:00,Salle_Serveur,20.88,0.81,49.6,0,ouvré,46.383
5308,2025-02-14 05:00:00,Atelier,20.73,-0.66,34.3,4,ouvré,13.625
8923,2025-03-16 08:00:00,Atelier,,6.6,37.4,0,weekend,12.26
52,2025-01-01 10:00:00,Bureau_Sud,21.65,2.63,49.7,2,férié,15.609
2012,2025-01-17 18:00:00,bureau sud,21.31,4.84,52.0,8,ouvré,11.415
70,2025-01-01 13:00:00,accueil ,22.05,7.22,46.9,4,férié,14.155
6965,2025-02-28 00:00:00,accueil ,19.78,1.71,45.5,9,ouvré,8.128
9263,2025-03-19 04:00:00,atelier,21.97,1.91,39.7,14,ouvré,13.091
2128,2025-01-18 17:00:00,atelier,20.69,5.33,57.5,0,weekend,12.089
4923,2025-02-11 00:00:00,Atelier,21.42,-1.32,39.1,9,ouvré,14.854
8506,2025-03-12 21:00:00,bureau_nord,20.73,7.47,38.4,9,ouvré,9.549
2302,2025-01-20 04:00:00,bureau sud,22.39,-1.2,49.5,4,ouvré,11.686
6199,2025-02-21 15:00:00,Salle_Serveur,20.12,6.0,48.3,0,ouvré,46.024
9177,2025-03-18 11:00:00,Bureau_Sud,21.46,8.24,,8,ouvré,16.607
5896,2025-02-19 03:00:00,bureau_nord,20.58,0.34,44.1,,ouvré,10.075
9275,2025-03-19 06:00:00,Accueil,21.74,6.67,,11,ouvré,7.633
6212,2025-02-21 18:00:00,bureau sud,20.58,5.82,41.0,8,ouvré,11.89
3632,2025-01-31 06:00:00,Bureau_Sud,20.34,2.05,34.6,18,ouvré,12.409
8091,2025-03-09 10:00:00,bureau_nord,20.94,4.73,46.4,0,weekend,8.018
10380,2025-03-28 11:00:00,accueil ,20.06,9.76,52.2,15,ouvré,10.744
6068,2025-02-20 13:00:00,atelier,20.42,6.18,45.2,10,ouvré,33.298
9507,2025-03-21 05:00:00,Bureau_Sud,21.2,4.83,41.6,1,ouvré,9.269
7417,2025-03-03 19:00:00,bureau sud,,5.6,41.4,4,ouvré,11.819
2152,2025-01-18 22:00:00,Bureau_Sud,20.13,-1.57,34.6,0,weekend,13.552
9465,2025-03-20 20:00:00,accueil ,20.53,7.77,35.7,,ouvré,9.23
5706,2025-02-17 13:00:00,BUREAU NORD,21.15,6.5,44.0,10,ouvré,17.681
8076,2025-03-09 07:00:00,Bureau_Nord,19.92,4.31,46.1,0,weekend,8.528
9030,2025-03-17 05:00:00,Accueil,20.77,3.04,52.9,8,ouvré,8.909
7542,2025-03-04 20:00:00,bureau sud,21.01,5.08,38.7,3,ouvré,10.759
2941,2025-01-25 12:00:00,Bureau_Nord,20.4,3.23,48.8,0,weekend,8.768
2204,2025-01-19 08:00:00,Salle Serveur,21.52,-0.35,56.5,0,weekend,49.673
1110,2025-01-10 05:00:00,Accueil,20.03,-1.48,,3,ouvré,9.612
8979,2025-03-16 19:00:00,Salle_Serveur,20.96,8.69,43.4,0,weekend,43.149
8641,2025-03-14 00:00:00,BUREAU NORD,21.16,3.91,58.0,6,ouvré,9.628
9109,2025-03-17 21:00:00,Salle_Serveur,20.56,3.95,50.1,0,ouvré,45.546
5197,2025-02-13 07:00:00,Bureau_Sud,,-0.58,,11,ouvré,14.847
8519,2025-03-12 23:00:00,Salle_Serveur,20.7,1.47,42.3,0,ouvré,47.295
4639,2025-02-08 15:00:00,Salle_Serveur,20.4,7.76,47.8,0,weekend,44.604
4223,2025-02-05 04:00:00,Atelier,20.85,-1.72,43.7,4,ouvré,15.198
9998,2025-03-25 07:00:00,Atelier,19.59,4.89,52.3,4,ouvré,16.808
5613,2025-02-16 18:00:00,atelier,20.77,8.88,47.2,0,weekend,11.026
5182,2025-02-13 04:00:00,Bureau_Sud,22.3,-1.74,42.5,10,ouvré,11.947
9458,2025-03-20 19:00:00,Atelier,21.43,7.83,46.2,8,ouvré,14.572
6605,2025-02-25 00:00:00,accueil ,20.98,-0.35,49.0,12,ouvré,9.629
3476,2025-01-29 23:00:00,BUREAU NORD,21.75,0.27,39.5,5,ouvré,11.895
2890,2025-01-25 01:00:00,Accueil,21.14,-3.98,44.6,0,weekend,11.942
2385,2025-01-20 20:00:00,Accueil,21.41,1.7,41.9,6,ouvré,10.759
5877,2025-02-18 23:00:00,bureau sud,22.43,1.19,42.7,12,ouvré,10.769
6008,2025-02-20 01:00:00,atelier,20.71,-0.35,44.4,2,ouvré,14.673
3350,2025-01-28 21:00:00,Accueil,20.76,3.09,43.7,15,ouvré,9.091
6929,2025-02-27 17:00:00,Salle Serveur,20.39,9.08,53.6,0,ouvré,44.581
3036,2025-01-26 07:00:00,BUREAU NORD,20.3,2.3,44.9,0,weekend,11.169
2701,2025-01-23 12:00:00,bureau_nord,21.35,5.17,44.0,3,ouvré,18.46
4228,2025-02-05 05:00:00,Atelier,19.44,0.34,47.0,12,ouvré,16.127
5071,2025-02-12 06:00:00,BUREAU NORD,21.7,-0.6,56.8,6,ouvré,11.374
1618,2025-01-14 11:00:00,atelier,21.0,3.19,47.7,5,ouvré,32.605
8272,2025-03-10 22:00:00,bureau sud,19.91,5.16,51.0,1,ouvré,9.848
4962,2025-02-11 08:00:00,Bureau_Sud,20.99,1.99,39.0,7,ouvré,15.137
115,2025-01-01 22:00:00,accueil ,20.6,3.6,36.9,5,férié,7.821
4296,2025-02-05 19:00:00,BUREAU NORD,21.57,2.7,,6,ouvré,12.961
7459,2025-03-04 03:00:00,Salle_Serveur,21.14,-0.41,45.1,0,ouvré,47.646
485,2025-01-05 00:00:00,Accueil,20.63,-1.47,39.6,0,weekend,9.677
5695,2025-02-17 10:00:00,Accueil,21.16,7.09,49.7,6,ouvré,11.396
1924,2025-01-17 00:00:00,Salle Serveur,19.97,0.24,49.1,0,ouvré,46.134
7113,2025-03-01 06:00:00,Atelier,21.09,1.61,37.9,0,weekend,14.057
3284,2025-01-28 08:00:00,Salle_Serveur,21.96,1.23,42.0,0,ouvré,45.92
2839,2025-01-24 15:00:00,Salle_Serveur,20.07,5.14,48.4,0,ouvré,45.75
1445,2025-01-13 00:00:00,accueil ,21.57,-1.35,50.8,13,ouvré,9.746
5947,2025-02-19 13:00:00,Bureau_Sud,20.97,5.38,45.7,2,ouvré,19.279
1772,2025-01-15 18:00:00,bureau sud,21.13,2.99,41.8,5,ouvré,13.748
2861,2025-01-24 20:00:00,bureau_nord,,4.78,46.7,5,ouvré,10.239
7467,2025-03-04 05:00:00,Bureau_Sud,22.46,1.35,,8,ouvré,10.752
6834,2025-02-26 22:00:00,Salle_Serveur,20.86,1.18,52.2,0,ouvré,46.546
6952,2025-02-27 22:00:00,Bureau_Sud,20.3,4.75,45.6,8,ouvré,10.198
8464,2025-03-12 12:00:00,Salle Serveur,20.9,7.09,49.9,0,ouvré,44.253
1828,2025-01-16 05:00:00,atelier,20.0,-0.72,54.0,8,ouvré,15.45
10056,2025-03-25 19:00:00,bureau_nord,,9.26,42.0,8,ouvré,7.422
1530,2025-01-13 17:00:00,accueil ,,4.54,49.1,13,ouvré,11.533
1694,2025-01-15 02:00:00,Salle Serveur,19.48,-3.19,44.4,0,ouvré,49.91
3671,2025-01-31 14:00:00,bureau_nord,20.44,7.61,37.7,6,ouvré,15.853
10447,2025-03-29 01:00:00,Bureau_Sud,21.39,4.98,50.5,0,weekend,9.903
6743,2025-02-26 04:00:00,Atelier,20.98,-0.03,43.5,1,ouvré,12.877
669,2025-01-06 13:00:00,Salle_Serveur,22.15,5.41,48.8,0,ouvré,46.56
3104,2025-01-26 20:00:00,Salle Serveur,21.8,3.5,38.6,0,weekend,47.148
2027,2025-01-17 21:00:00,Bureau_Sud,21.14,0.68,43.0,14,ouvré,11.819
10025,2025-03-25 12:00:00,accueil ,20.66,8.84,43.4,6,ouvré,10.885
2040,2025-01-17 23:00:00,Accueil,21.67,2.1,,11,ouvré,9.518
5989,2025-02-19 21:00:00,Salle Serveur,20.29,3.51,46.5,0,ouvré,47.369
2002,2025-01-17 16:00:00,bureau sud,20.27,4.74,47.8,9,ouvré,18.009
10194,2025-03-26 22:00:00,Salle_Serveur,19.69,8.19,42.5,0,ouvré,45.318
4777,2025-02-09 19:00:00,bureau sud,20.3,6.46,47.5,0,weekend,9.023
9573,2025-03-21 18:00:00,atelier,21.43,6.73,41.7,9,ouvré,18.58
2787,2025-01-24 05:00:00,Bureau_Sud,20.23,-1.44,39.7,7,ouvré,
6993,2025-02-28 06:00:00,Atelier,21.79,2.75,38.9,8,ouvré,17.475
8447,2025-03-12 09:00:00,bureau sud,19.99,5.67,40.8,7,ouvré,13.602
4946,2025-02-11 05:00:00,Bureau_Nord,20.41,1.55,50.1,9,ouvré,9.389
949,2025-01-08 21:00:00,Salle_Serveur,21.84,0.92,,0,ouvré,47.183
8620,2025-03-13 19:00:00,Accueil,21.19,6.72,55.1,8,ouvré,7.577
1716,2025-01-15 07:00:00,Bureau_Nord,20.8,0.31,42.9,7,ouvré,14.268
1783,2025-01-15 20:00:00,Atelier,19.91,2.6,,5,ouvré,-10.683
1379,2025-01-12 11:00:00,Salle_Serveur,20.16,1.24,49.9,0,weekend,49.176
8549,2025-03-13 05:00:00,Salle Serveur,20.87,3.41,42.7,0,ouvré,49.272
1587,2025-01-14 05:00:00,Bureau_Sud,22.81,-1.39,51.3,9,ouvré,12.126
1680,2025-01-14 23:00:00,accueil ,20.08,1.7,33.3,4,ouvré,8.292
917,2025-01-08 15:00:00,Bureau_Sud,21.08,7.01,51.4,15,ouvré,17.5
6018,2025-02-20 03:00:00,Atelier,19.77,0.67,39.9,6,ouvré,13.131
8206,2025-03-10 09:00:00,bureau_nord,21.19,4.28,43.6,16,ouvré,13.727
10195,2025-03-26 22:00:00,accueil ,21.12,8.19,43.4,8,ouvré,5.21
5215,2025-02-13 10:00:00,accueil ,21.01,3.82,50.0,14,ouvré,13.107
8082,2025-03-09 08:00:00,Bureau_Sud,22.13,2.42,43.8,0,weekend,11.923
4178,2025-02-04 19:00:00,atelier,21.44,2.52,48.0,5,ouvré,18.189
10339,2025-03-28 03:00:00,Salle Serveur,20.58,3.71,44.1,0,ouvré,46.224
7536,2025-03-04 19:00:00,bureau_nord,20.99,7.01,42.8,3,ouvré,8.277
9372,2025-03-20 02:00:00,bureau sud,21.33,3.32,47.8,7,ouvré,9.683
9909,2025-03-24 13:00:00,Salle_Serveur,19.95,8.84,51.2,0,ouvré,43.308
6328,2025-02-22 17:00:00,Atelier,22.27,5.42,,0,weekend,11.773
3196,2025-01-27 15:00:00,bureau_nord,21.09,6.27,40.1,7,ouvré,16.02
7245,2025-03-02 08:00:00,accueil ,20.31,4.9,45.2,0,weekend,7.403
10175,2025-03-26 18:00:00,accueil ,19.58,10.82,40.4,6,ouvré,6.959
3962,2025-02-03 00:00:00,Bureau_Sud,21.58,-0.19,38.4,4,ouvré,12.684
693,2025-01-06 18:00:00,atelier,20.04,4.89,,8,ouvré,21.056
7110,2025-03-01 05:00:00,accueil ,21.84,0.29,51.1,0,weekend,8.175
831,2025-01-07 22:00:00,bureau_nord,20.89,-0.1,52.1,9,ouvré,11.179
1540,2025-01-13 19:00:00,accueil ,21.89,3.65,47.5,12,ouvré,8.129
7051,2025-02-28 18:00:00,Bureau_Nord,21.84,6.48,34.1,9,ouvré,10.151
835,2025-01-07 22:00:00,accueil ,21.28,-0.1,42.3,7,ouvré,11.34
106,2025-01-01 21:00:00,BUREAU NORD,21.37,0.19,44.4,11,férié,11.358
6176,2025-02-21 11:00:00,bureau_nord,22.44,4.38,57.9,4,ouvré,17.351
3274,2025-01-28 06:00:00,Salle_Serveur,,-1.62,55.5,0,ouvré,48.119
7204,2025-03-02 00:00:00,Salle Serveur,20.97,2.85,37.8,0,weekend,47.205
7137,2025-03-01 11:00:00,bureau sud,20.43,4.08,50.2,0,weekend,9.461
1603,2025-01-14 08:00:00,Atelier,21.58,1.71,52.1,13,ouvré,21.794
9791,2025-03-23 14:00:00,bureau_nord,21.03,12.35,47.2,0,weekend,3.924
4901,2025-02-10 20:00:00,BUREAU NORD,19.37,3.51,43.7,5,ouvré,10.566
8009,2025-03-08 17:00:00,Salle Serveur,21.21,8.82,44.9,0,weekend,44.035
5629,2025-02-16 21:00:00,Salle_Serveur,20.02,0.43,,0,weekend,48.001
1932,2025-01-17 02:00:00,Bureau_Sud,21.31,-1.1,39.5,6,ouvré,10.618
7518,2025-03-04 15:00:00,atelier,19.66,9.7,43.7,3,ouvré,28.44
1542,2025-01-13 20:00:00,bureau sud,21.22,1.21,39.2,0,ouvré,11.403
5229,2025-02-13 13:00:00,Salle Serveur,19.11,6.2,51.1,0,ouvré,45.551
10547,2025-03-29 21:00:00,Bureau_Sud,21.37,6.84,41.6,0,weekend,7.56
10054,2025-03-25 18:00:00,Salle_Serveur,21.7,10.56,44.7,0,ouvré,44.118
7281,2025-03-02 16:00:00,bureau_nord,21.58,10.81,42.0,0,weekend,7.654
10015,2025-03-25 10:00:00,Accueil,20.56,8.28,40.7,9,ouvré,11.207
4330,2025-02-06 01:00:00,accueil ,21.84,-1.38,44.7,9,ouvré,10.198
8188,2025-03-10 05:00:00,atelier,22.29,1.18,48.6,8,ouvré,15.49
10109,2025-03-26 05:00:00,Salle Serveur,,5.46,44.3,0,ouvré,47.634
4683,2025-02-09 00:00:00,Atelier,20.88,0.05,42.8,0,weekend,16.026
10614,2025-03-30 10:00:00,Salle_Serveur,21.06,8.94,50.0,,weekend,45.341
5915,2025-02-19 06:00:00,accueil ,20.45,-0.43,43.4,6,ouvré,10.594
2777,2025-01-24 03:00:00,bureau sud,,-0.2,37.9,5,ouvré,11.864
3540,2025-01-30 11:00:00,Accueil,,4.86,44.9,4,ouvré,13.823
227,2025-01-02 21:00:00,bureau sud,20.78,2.84,47.4,5,ouvré,9.491
7938,2025-03-08 03:00:00,atelier,21.46,2.47,53.9,0,weekend,14.517
6016,2025-02-20 03:00:00,BUREAU NORD,22.59,0.67,55.2,7,ouvré,7.413
9834,2025-03-23 22:00:00,Salle Serveur,20.79,6.09,49.3,0,weekend,46.037
10761,2025-03-31 16:00:00,bureau_nord,19.63,12.59,49.9,7,ouvré,12.265
2503,2025-01-21 20:00:00,Atelier,22.0,3.74,43.1,10,ouvré,15.731
6456,2025-02-23 19:00:00,BUREAU NORD,21.64,7.29,40.9,0,weekend,8.105
6837,2025-02-26 23:00:00,bureau sud,19.84,1.97,41.9,3,ouvré,10.885
4516,2025-02-07 15:00:00,BUREAU NORD,20.51,5.79,41.0,14,ouvré,17.098
4410,2025-02-06 17:00:00,accueil ,20.28,6.36,47.5,10,ouvré,10.757
3652,2025-01-31 10:00:00,bureau sud,21.52,3.49,50.9,12,ouvré,17.154
10690,2025-03-31 01:00:00,Accueil,20.98,7.18,43.1,9,ouvré,6.791
4397,2025-02-06 15:00:00,Bureau_Sud,20.07,7.62,45.3,6,,17.919
4606,2025-02-08 09:00:00,Bureau_Nord,21.56,2.31,44.4,0,weekend,8.9
7885,2025-03-07 16:00:00,accueil ,20.01,10.33,44.2,7,ouvré,10.199
3195,2025-01-27 14:00:00,accueil ,21.04,6.98,52.3,6,ouvré,13.505
2831,2025-01-24 14:00:00,BUREAU NORD,20.98,6.63,43.8,4,ouvré,17.379
4253,2025-02-05 10:00:00,Atelier,,6.07,51.1,8,ouvré,26.242
5393,2025-02-14 22:00:00,Atelier,22.21,1.67,45.0,7,ouvré,12.622
1345,2025-01-12 04:00:00,Accueil,22.06,-0.81,46.3,0,weekend,10.49
840,2025-01-07 23:00:00,accueil ,20.86,0.15,33.3,,ouvré,8.512
150,2025-01-02 05:00:00,accueil ,21.03,-0.76,41.0,0,ouvré,9.96
1372,2025-01-12 10:00:00,bureau sud,21.73,2.34,46.4,0,weekend,10.283
5405,2025-02-15 00:00:00,accueil ,19.57,0.12,52.5,0,weekend,8.134
1159,2025-01-10 15:00:00,Salle_Serveur,,7.36,49.3,0,ouvré,45.536
8557,2025-03-13 07:00:00,bureau sud,20.11,1.9,45.9,4,ouvré,12.308
7086,2025-03-01 01:00:00,BUREAU NORD,21.55,2.86,44.3,0,weekend,10.183
7099,2025-03-01 03:00:00,Salle_Serveur,19.74,0.92,42.7,0,weekend,48.596
10080,2025-03-25 23:00:00,accueil ,22.54,2.94,47.6,13,ouvré,7.993
9679,2025-03-22 15:00:00,Salle Serveur,22.31,10.98,39.3,0,weekend,43.067
8950,2025-03-16 13:00:00,Accueil,20.42,9.55,36.6,0,weekend,5.753
7838,2025-03-07 07:00:00,Atelier,20.61,3.74,33.1,9,ouvré,18.059
10234,2025-03-27 06:00:00,Salle Serveur,20.55,6.45,45.1,0,ouvré,45.588
7772,2025-03-06 18:00:00,bureau sud,20.87,6.04,48.9,9,ouvré,12.389
8049,2025-03-09 01:00:00,Salle Serveur,21.54,2.85,59.1,0,weekend,46.386
8394,2025-03-11 22:00:00,Salle_Serveur,22.06,6.77,40.5,0,ouvré,44.339
6745,2025-02-26 04:00:00,Accueil,22.54,-0.03,47.9,6,ouvré,9.499
3625,2025-01-31 04:00:00,Accueil,21.03,-1.43,46.5,9,ouvré,9.265
3029,2025-01-26 05:00:00,Salle Serveur,21.04,-1.67,48.4,0,weekend,48.773
6388,2025-02-23 05:00:00,atelier,20.37,1.28,35.6,0,weekend,-2.233
8732,2025-03-14 18:00:00,Bureau_Sud,20.83,9.23,42.2,14,ouvré,11.796
6055,2025-02-20 10:00:00,accueil ,19.85,5.25,47.3,4,ouvré,10.978
7570,2025-03-05 01:00:00,Accueil,20.47,2.09,,9,ouvré,7.922
4784,2025-02-09 20:00:00,Salle_Serveur,20.85,3.29,33.6,0,weekend,45.144
3019,2025-01-26 03:00:00,Salle_Serveur,22.06,-0.6,48.0,0,weekend,48.572
2047,2025-01-18 01:00:00,Bureau_Sud,21.65,-0.22,50.8,0,weekend,11.492
284,2025-01-03 08:00:00,Salle Serveur,20.84,2.49,42.3,0,ouvré,48.235
1187,2025-01-10 21:00:00,bureau sud,20.46,1.78,51.8,4,ouvré,9.741
4098,2025-02-04 03:00:00,Atelier,21.04,-1.6,56.7,11,ouvré,14.459
4757,2025-02-09 15:00:00,bureau sud,,5.87,42.4,0,weekend,9.542
7713,2025-03-06 06:00:00,atelier,21.89,2.86,49.9,4,ouvré,15.14
1166,2025-01-10 17:00:00,BUREAU NORD,20.43,6.03,46.3,7,ouvré,410.546
4900,2025-02-10 19:00:00,Accueil,21.42,7.29,38.7,15,,9.496
9775,2025-03-23 10:00:00,accueil ,21.93,9.42,51.4,0,weekend,4.717
6014,2025-02-20 02:00:00,Salle Serveur,21.68,1.42,46.6,0,ouvré,47.39
4413,2025-02-06 18:00:00,Atelier,21.55,5.08,51.2,2,ouvré,20.577
2158,2025-01-18 23:00:00,Atelier,20.78,2.27,38.6,0,weekend,13.248
10177,2025-03-26 19:00:00,Bureau_Sud,20.68,8.01,50.6,7,ouvré,10.455
7469,2025-03-04 05:00:00,Salle Serveur,20.63,1.35,47.1,0,ouvré,47.929
1703,2025-01-15 04:00:00,atelier,20.56,-1.88,58.4,14,ouvré,15.666
4012,2025-02-03 10:00:00,bureau sud,22.14,4.19,41.1,1,,17.504
3731,2025-02-01 02:00:00,Bureau_Nord,20.53,-1.78,39.8,0,weekend,13.605
8470,2025-03-12 13:00:00,accueil ,21.17,9.31,37.9,6,ouvré,12.407
4020,2025-02-03 11:00:00,accueil ,20.25,4.36,62.1,17,ouvré,12.572
9623,2025-03-22 04:00:00,Atelier,20.16,2.62,43.2,0,weekend,525.153
10366,2025-03-28 09:00:00,Bureau_Nord,21.5,8.54,41.5,7,ouvré,13.112
1733,2025-01-15 10:00:00,atelier,22.7,1.19,49.6,14,ouvré,28.315
823,2025-01-07 20:00:00,Atelier,,4.62,52.0,3,ouvré,15.969
1161,2025-01-10 16:00:00,Bureau_Nord,20.52,4.55,45.8,12,ouvré,13.468
10637,2025-03-30 15:00:00,Bureau_Sud,21.17,10.95,51.4,0,weekend,6.432
929,2025-01-08 17:00:00,Salle Serveur,20.46,6.73,38.7,0,ouvré,45.784
10604,2025-03-30 08:00:00,Salle Serveur,21.17,7.9,56.4,0,weekend,44.195
1666,2025-01-14 21:00:00,Bureau_Nord,19.33,1.36,34.5,13,ouvré,9.54
3900,2025-02-02 11:00:00,Accueil,22.11,4.99,45.1,0,weekend,7.387
6896,2025-02-27 11:00:00,BUREAU NORD,20.81,5.22,42.5,5,ouvré,16.006
9476,2025-03-20 23:00:00,BUREAU NORD,22.62,4.37,45.2,,ouvré,9.138
4267,2025-02-05 13:00:00,Bureau_Sud,20.23,8.03,,4,ouvré,20.161
7808,2025-03-07 01:00:00,atelier,20.67,1.81,45.4,7,ouvré,11.886
10049,2025-03-25 17:00:00,Salle Serveur,21.1,11.41,,0,ouvré,43.01
6225,2025-02-21 20:00:00,Accueil,20.07,5.22,48.6,,ouvré,6.525
5455,2025-02-15 10:00:00,accueil ,21.54,4.19,,0,weekend,7.642
6529,2025-02-24 09:00:00,Salle_Serveur,21.74,3.83,,0,ouvré,45.286
8438,2025-03-12 07:00:00,atelier,20.6,-0.09,44.7,,ouvré,20.001
1675,2025-01-14 22:00:00,accueil ,19.81,2.09,52.4,13,ouvré,8.617
5738,2025-02-17 19:00:00,Atelier,21.68,7.15,45.6,5,ouvré,16.9
3824,2025-02-01 20:00:00,Salle Serveur,21.67,4.08,44.9,0,weekend,46.079
4771,2025-02-09 18:00:00,Bureau_Nord,20.93,6.16,45.4,0,weekend,8.85
6081,2025-02-20 16:00:00,BUREAU NORD,20.38,7.98,41.3,15,ouvré,14.232
9226,2025-03-18 21:00:00,bureau_nord,21.68,6.96,47.2,11,ouvré,7.092
8520,2025-03-12 23:00:00,Accueil,19.96,1.47,37.9,3,ouvré,8.582
1834,2025-01-16 06:00:00,Salle Serveur,20.38,-1.03,,0,ouvré,49.265
6297,2025-02-22 11:00:00,bureau sud,20.2,6.49,44.1,0,weekend,9.611
1606,2025-01-14 09:00:00,bureau_nord,21.55,1.38,53.5,11,ouvré,14.374
2084,2025-01-18 08:00:00,Salle_Serveur,21.09,1.51,45.8,0,weekend,48.098
7330,2025-03-03 01:00:00,Accueil,20.44,-0.8,40.1,5,ouvré,9.557
5259,2025-02-13 19:00:00,Salle Serveur,20.86,4.67,47.7,0,ouvré,46.629
7455,2025-03-04 02:00:00,Accueil,22.22,-0.73,39.4,5,ouvré,9.256
5887,2025-02-19 01:00:00,Bureau_Sud,20.81,-1.05,44.8,4,ouvré,10.594
871,2025-01-08 06:00:00,Bureau_Nord,20.82,-1.61,36.9,8,ouvré,11.978
6038,2025-02-20 07:00:00,atelier,21.5,0.56,44.3,1,ouvré,19.084
7850,2025-03-07 09:00:00,accueil ,19.88,4.13,48.0,4,ouvré,10.891
1270,2025-01-11 13:00:00,Accueil,21.5,4.38,38.3,0,weekend,9.042
10629,2025-03-30 13:00:00,Salle Serveur,19.7,12.15,50.3,0,weekend,43.648
1897,2025-01-16 19:00:00,Bureau_Sud,20.86,2.11,56.4,9,ouvré,11.861
5692,2025-02-17 10:00:00,bureau sud,21.36,7.09,53.3,10,ouvré,17.938
10617,2025-03-30 11:00:00,bureau sud,20.46,9.68,,0,weekend,7.332
1611,2025-01-14 10:00:00,bureau_nord,22.63,3.49,48.3,0,ouvré,15.989
2816,2025-01-24 11:00:00,BUREAU NORD,19.79,3.66,47.6,7,ouvré,16.563
10372,2025-03-28 10:00:00,bureau sud,21.42,8.56,39.8,0,ouvré,16.286
1491,2025-01-13 10:00:00,Bureau_Nord,21.19,3.88,41.4,6,ouvré,14.48
10780,2025-03-31 19:00:00,accueil ,20.49,8.74,44.6,13,ouvré,8.02
1735,2025-01-15 10:00:00,accueil ,21.06,1.19,43.2,6,ouvré,13.045
5781,2025-02-18 04:00:00,Bureau_Nord,20.41,0.05,39.3,9,ouvré,11.358
4017,2025-02-03 11:00:00,Bureau_Sud,20.0,4.36,51.7,2,ouvré,17.341
3307,2025-01-28 13:00:00,Bureau_Sud,21.27,5.93,45.2,7,ouvré,20.358
502,2025-01-05 04:00:00,bureau sud,20.48,-0.86,45.4,0,weekend,11.125
1610,2025-01-14 09:00:00,Accueil,21.19,1.38,45.1,15,ouvré,12.69
10346,2025-03-28 05:00:00,BUREAU NORD,20.57,5.12,41.8,3,ouvré,8.341
416,2025-01-04 11:00:00,BUREAU NORD,20.86,4.13,37.5,,weekend,8.85
5090,2025-02-12 09:00:00,Accueil,20.63,3.58,38.2,9,ouvré,10.158
1074,2025-01-09 22:00:00,Salle Serveur,21.01,3.46,48.8,0,ouvré,47.482
1873,2025-01-16 14:00:00,atelier,22.13,7.88,48.0,10,ouvré,33.304
8553,2025-03-13 06:00:00,Atelier,20.73,1.64,42.8,8,ouvré,16.183
1944,2025-01-17 04:00:00,Salle_Serveur,20.02,-2.23,46.9,0,ouvré,49.809
3092,2025-01-26 18:00:00,Bureau_Sud,,5.87,46.1,0,weekend,8.231
10530,2025-03-29 17:00:00,accueil ,21.23,10.68,44.6,0,weekend,6.059
9444,2025-03-20 16:00:00,Salle_Serveur,20.27,10.68,37.4,0,ouvré,44.875
9449,2025-03-20 17:00:00,Salle_Serveur,19.77,10.67,42.1,,ouvré,43.088
8225,2025-03-10 12:00:00,accueil ,20.85,9.08,45.9,2,ouvré,10.772
9601,2025-03-22 00:00:00,Bureau_Nord,20.1,3.09,53.2,0,weekend,9.154
10263,2025-03-27 12:00:00,atelier,19.52,7.85,44.4,10,ouvré,30.192
8610,2025-03-13 17:00:00,Accueil,21.47,7.87,38.5,12,ouvré,8.384
2957,2025-01-25 15:00:00,bureau sud,20.72,3.2,,0,weekend,10.402
800,2025-01-07 15:00:00,accueil ,21.34,6.03,49.5,9,ouvré,11.089
4321,2025-02-06 00:00:00,BUREAU NORD,21.34,0.09,45.6,8,ouvré,11.165
2827,2025-01-24 13:00:00,bureau sud,22.44,6.68,36.8,7,ouvré,19.379
3946,2025-02-02 21:00:00,BUREAU NORD,21.65,3.16,,0,weekend,10.662
2536,2025-01-22 03:00:00,Bureau_Nord,20.59,-0.87,,10,ouvré,11.442
7857,2025-03-07 11:00:00,bureau sud,19.7,6.28,44.1,8,ouvré,18.014
3667,2025-01-31 13:00:00,bureau sud,20.31,6.39,42.7,4,ouvré,18.853
9127,2025-03-18 01:00:00,Bureau_Sud,20.61,3.15,52.0,10,ouvré,11.297
3738,2025-02-01 03:00:00,atelier,21.01,-2.03,46.5,0,weekend,16.725
8578,2025-03-13 11:00:00,atelier,21.05,8.49,,4,ouvré,29.61
1084,2025-01-10 00:00:00,Salle Serveur,21.08,-2.32,47.4,0,ouvré,49.007
376,2025-01-04 03:00:00,BUREAU NORD,21.36,-1.25,42.7,0,weekend,11.466
3479,2025-01-29 23:00:00,Salle Serveur,21.42,0.27,48.4,0,ouvré,47.565
9884,2025-03-24 08:00:00,Salle_Serveur,20.61,5.47,47.8,0,ouvré,-21.744
5699,2025-02-17 11:00:00,Salle_Serveur,21.07,4.6,43.4,0,ouvré,46.283
4006,2025-02-03 09:00:00,BUREAU NORD,20.78,1.36,45.7,2,ouvré,15.913
7591,2025-03-05 06:00:00,Bureau_Nord,21.56,1.89,43.0,12,ouvré,10.913
7734,2025-03-06 10:00:00,Salle_Serveur,20.98,4.59,49.2,0,ouvré,46.09
9946,2025-03-24 21:00:00,Bureau_Nord,20.99,7.14,39.5,4,ouvré,7.561
6370,2025-02-23 01:00:00,accueil ,,0.46,40.5,0,weekend,10.65
1496,2025-01-13 11:00:00,bureau_nord,19.37,4.0,57.5,8,ouvré,15.836
2579,2025-01-22 11:00:00,Salle_Serveur,20.44,4.48,41.4,0,ouvré,46.009
3669,2025-01-31 13:00:00,Salle_Serveur,20.74,6.39,47.1,,ouvré,45.043
2730,2025-01-23 17:00:00,accueil ,20.05,3.29,30.1,4,ouvré,11.678
5778,2025-02-18 03:00:00,atelier,21.62,-1.71,44.2,11,ouvré,14.602
7067,2025-02-28 21:00:00,Bureau_Sud,21.23,3.15,,10,ouvré,10.188
3712,2025-01-31 22:00:00,bureau sud,21.05,2.92,43.2,16,ouvré,10.156
7830,2025-03-07 05:00:00,accueil ,21.68,2.76,39.1,3,ouvré,10.359
10584,2025-03-30 04:00:00,Salle_Serveur,20.95,3.71,36.1,0,weekend,47.367
1682,2025-01-15 00:00:00,bureau sud,20.39,1.1,44.6,1,ouvré,9.526
7520,2025-03-04 15:00:00,Accueil,21.13,9.7,39.7,8,ouvré,10.349
5453,2025-02-15 10:00:00,Atelier,20.43,4.19,45.9,0,weekend,12.879
3574,2025-01-30 18:00:00,Salle_Serveur,19.45,4.53,52.1,0,,45.484
3494,2025-01-30 02:00:00,Salle Serveur,-999,-2.41,47.1,0,ouvré,49.543
8303,2025-03-11 04:00:00,Atelier,20.94,-0.08,46.9,7,ouvré,12.931
3996,2025-02-03 07:00:00,BUREAU NORD,20.02,1.94,49.7,5,ouvré,-12.777
5445,2025-02-15 08:00:00,Accueil,22.04,1.76,50.7,0,weekend,9.346
7243,2025-03-02 08:00:00,atelier,20.77,4.9,48.5,0,weekend,13.115
5171,2025-02-13 02:00:00,BUREAU NORD,21.31,-1.82,42.7,12,ouvré,12.364
10289,2025-03-27 17:00:00,Salle_Serveur,21.46,11.31,43.3,0,ouvré,43.296
3361,2025-01-29 00:00:00,Bureau_Nord,20.42,-3.47,43.5,0,ouvré,10.97
7596,2025-03-05 07:00:00,bureau_nord,20.91,3.64,44.5,8,ouvré,11.223
2786,2025-01-24 05:00:00,Bureau_Nord,22.26,-1.44,,7,ouvré,12.619
6933,2025-02-27 18:00:00,atelier,20.41,6.52,49.4,10,ouvré,20.029
6664,2025-02-25 12:00:00,Salle Serveur,20.21,6.49,42.2,0,ouvré,45.644
5508,2025-02-15 21:00:00,Atelier,21.03,5.68,,0,weekend,14.136
8235,2025-03-10 14:00:00,Accueil,21.38,6.54,39.0,7,ouvré,13.656
10482,2025-03-29 08:00:00,bureau sud,20.82,4.75,38.5,0,weekend,9.262
6429,2025-02-23 13:00:00,Salle Serveur,19.8,6.38,44.0,0,weekend,44.301
7069,2025-02-28 21:00:00,Salle Serveur,19.76,3.15,50.2,0,ouvré,46.441
6904,2025-02-27 12:00:00,Salle Serveur,20.48,8.63,43.2,0,ouvré,44.356
7475,2025-03-04 06:00:00,accueil ,20.67,-0.08,40.5,16,ouvré,366.389
10065,2025-03-25 20:00:00,Accueil,18.89,6.76,40.6,0,ouvré,8.047
6102,2025-02-20 20:00:00,bureau sud,20.65,3.11,51.6,13,ouvré,10.606
3678,2025-01-31 15:00:00,atelier,21.15,4.02,46.5,6,ouvré,31.925
8781,2025-03-15 04:00:00,BUREAU NORD,21.5,0.48,47.8,0,weekend,10.919
6130,2025-02-21 01:00:00,Accueil,20.09,-1.55,34.7,5,ouvré,10.682
7118,2025-03-01 07:00:00,atelier,20.31,0.84,51.4,0,,14.713
10512,2025-03-29 14:00:00,bureau sud,21.05,12.94,45.8,0,weekend,5.355
1778,2025-01-15 19:00:00,Atelier,21.05,4.06,49.8,6,ouvré,17.288
8796,2025-03-15 07:00:00,bureau_nord,21.13,5.86,33.7,0,weekend,7.747
9208,2025-03-18 17:00:00,atelier,21.26,9.7,49.5,16,ouvré,20.42
5700,2025-02-17 11:00:00,accueil ,21.99,4.6,49.3,8,ouvré,14.059
3437,2025-01-29 15:00:00,bureau sud,21.06,5.04,44.7,9,ouvré,17.571
9960,2025-03-24 23:00:00,accueil ,21.1,4.59,48.0,4,ouvré,10.049
9343,2025-03-19 20:00:00,atelier,21.85,8.96,50.3,7,ouvré,12.872
3866,2025-02-02 05:00:00,Bureau_Nord,22.35,0.02,52.6,0,weekend,12.464
2982,2025-01-25 20:00:00,Bureau_Sud,19.95,3.33,35.1,0,weekend,10.414
9664,2025-03-22 12:00:00,Salle_Serveur,21.39,9.39,,0,weekend,44.744
8866,2025-03-15 21:00:00,bureau_nord,,3.45,,,weekend,8.533
3727,2025-02-01 01:00:00,Bureau_Sud,19.63,-4.19,41.5,0,weekend,13.472
10132,2025-03-26 10:00:00,bureau sud,21.33,9.16,44.1,11,ouvré,14.794
4283,2025-02-05 16:00:00,Atelier,20.88,7.8,56.9,10,ouvré,26.346
10082,2025-03-26 00:00:00,Bureau_Sud,20.87,4.51,46.2,7,ouvré,9.39
673,2025-01-06 14:00:00,Atelier,21.93,3.38,50.3,15,ouvré,
419,2025-01-04 11:00:00,Salle Serveur,20.93,4.13,56.1,0,weekend,47.503
1425,2025-01-12 20:00:00,accueil ,21.36,2.12,55.4,0,weekend,8.313
659,2025-01-06 11:00:00,Salle_Serveur,21.61,5.39,51.3,0,ouvré,44.518
3109,2025-01-26 21:00:00,Salle_Serveur,22.61,1.03,41.3,0,weekend,48.974
2309,2025-01-20 05:00:00,Salle Serveur,22.51,-1.1,38.7,0,ouvré,47.906
3427,2025-01-29 13:00:00,Bureau_Sud,22.12,5.7,40.7,5,ouvré,19.317
5895,2025-02-19 02:00:00,accueil ,21.17,-2.91,28.4,6,ouvré,11.751
8777,2025-03-15 03:00:00,Bureau_Sud,22.14,1.55,43.1,0,weekend,11.881
5880,2025-02-18 23:00:00,accueil ,22.44,1.19,48.7,10,ouvré,9.163
7471,2025-03-04 06:00:00,BUREAU NORD,22.02,-0.08,47.7,10,ouvré,13.518
6906,2025-02-27 13:00:00,BUREAU NORD,22.01,7.52,51.1,12,ouvré,16.673
8076,2025-03-09 07:00:00,Bureau_Nord,19.92,4.31,46.1,0,weekend,8.528
2074,2025-01-18 06:00:00,Salle Serveur,21.16,-2.35,42.8,0,weekend,48.933
6772,2025-02-26 10:00:00,bureau sud,19.38,5.13,38.3,7,ouvré,15.923
8930,2025-03-16 09:00:00,accueil ,20.99,6.72,43.4,0,,7.488
2266,2025-01-19 21:00:00,bureau_nord,22.2,2.51,,0,weekend,9.93
9104,2025-03-17 20:00:00,Salle Serveur,21.46,6.62,48.2,0,ouvré,46.514
8935,2025-03-16 10:00:00,accueil ,20.27,7.49,,0,weekend,4.687
6719,2025-02-25 23:00:00,Salle Serveur,21.5,1.42,44.2,0,ouvré,48.014
8495,2025-03-12 18:00:00,accueil ,20.42,8.1,47.1,0,ouvré,10.061
7683,2025-03-06 00:00:00,Atelier,22.33,1.89,50.2,10,ouvré,13.318
1168,2025-01-10 17:00:00,Atelier,22.18,6.03,45.9,10,ouvré,23.941
5248,2025-02-13 17:00:00,atelier,19.84,4.93,49.3,4,,22.043
5253,2025-02-13 18:00:00,atelier,22.17,3.79,42.1,6,ouvré,19.302
2761,2025-01-24 00:00:00,Bureau_Nord,20.81,-0.68,38.4,0,ouvré,9.87
4958,2025-02-11 07:00:00,Atelier,21.17,-0.42,,8,ouvré,18.274
2177,2025-01-19 03:00:00,Bureau_Sud,21.19,-5.38,,0,weekend,14.705
6750,2025-02-26 05:00:00,Accueil,20.62,0.06,34.5,2,ouvré,9.975
10749,2025-03-31 13:00:00,Salle Serveur,21.96,12.14,58.7,0,ouvré,41.208
3565,2025-01-30 16:00:00,accueil ,21.02,4.98,39.6,6,ouvré,12.923
3241,2025-01-28 00:00:00,BUREAU NORD,21.48,-0.57,39.7,2,ouvré,10.812
4703,2025-02-09 04:00:00,atelier,21.78,-2.59,39.9,0,weekend,16.607
9066,2025-03-17 13:00:00,BUREAU NORD,21.3,7.7,44.2,13,ouvré,17.174
5806,2025-02-18 09:00:00,BUREAU NORD,21.5,6.18,42.3,6,ouvré,12.085
5503,2025-02-15 20:00:00,atelier,21.17,4.27,50.8,0,weekend,14.419
3937,2025-02-02 19:00:00,bureau sud,20.5,5.97,45.7,0,weekend,9.434
9617,2025-03-22 03:00:00,Bureau_Sud,19.73,4.31,35.8,0,weekend,9.736
7296,2025-03-02 19:00:00,bureau_nord,20.3,8.24,50.4,,weekend,8.586
2520,2025-01-21 23:00:00,Accueil,21.23,2.02,28.3,1,ouvré,7.997
9217,2025-03-18 19:00:00,bureau sud,,8.45,59.7,9,ouvré,9.532
6566,2025-02-24 17:00:00,Bureau_Nord,19.56,7.94,35.9,6,ouvré,11.63
4203,2025-02-05 00:00:00,Atelier,20.47,1.11,52.0,10,ouvré,13.493
900,2025-01-08 11:00:00,accueil ,20.65,3.67,38.5,8,ouvré,12.777
3037,2025-01-26 07:00:00,Bureau_Sud,22.13,2.3,40.0,0,weekend,10.458
8911,2025-03-16 06:00:00,bureau_nord,22.68,2.04,52.0,0,weekend,12.627
6814,2025-02-26 18:00:00,Salle_Serveur,,7.78,53.4,0,ouvré,45.492
8978,2025-03-16 19:00:00,atelier,20.45,8.69,44.6,0,weekend,11.361
2457,2025-01-21 11:00:00,bureau sud,21.13,5.26,51.6,11,ouvré,18.868
9835,2025-03-23 22:00:00,Accueil,21.75,6.09,48.4,,weekend,9.835
3961,2025-02-03 00:00:00,Bureau_Nord,21.64,-0.19,44.0,8,ouvré,10.596
3716,2025-01-31 23:00:00,Bureau_Nord,21.54,1.09,,11,ouvré,9.542
5416,2025-02-15 03:00:00,bureau_nord,22.08,-2.31,33.2,0,weekend,12.367
637,2025-01-06 07:00:00,bureau sud,21.16,1.14,47.0,9,ouvré,12.571
8764,2025-03-15 00:00:00,Salle_Serveur,20.71,1.98,43.7,0,weekend,46.977
3577,2025-01-30 19:00:00,Bureau_Sud,21.41,2.01,43.6,8,ouvré,13.576
1881,2025-01-16 16:00:00,Bureau_Nord,22.39,8.27,38.9,10,ouvré,14.554
4074,2025-02-03 22:00:00,Salle_Serveur,21.01,0.73,47.0,0,ouvré,49.593
9271,2025-03-19 06:00:00,Bureau_Nord,20.88,6.67,44.5,4,ouvré,8.456
5608,2025-02-16 17:00:00,atelier,20.12,8.38,36.4,0,weekend,10.396
1373,2025-01-12 10:00:00,Atelier,-999,2.34,52.3,0,weekend,14.979
2349,2025-01-20 13:00:00,Salle Serveur,20.17,5.51,52.2,0,ouvré,45.526
5514,2025-02-15 22:00:00,Salle Serveur,19.68,3.21,39.0,0,weekend,47.297
9751,2025-03-23 06:00:00,Bureau_Nord,20.15,3.7,40.7,,weekend,8.833
6527,2025-02-24 09:00:00,bureau sud,21.57,3.83,48.3,3,ouvré,13.99
8621,2025-03-13 20:00:00,BUREAU NORD,20.64,4.84,45.0,8,ouvré,9.314
10322,2025-03-28 00:00:00,Bureau_Sud,20.97,4.84,38.6,7,ouvré,9.313
3440,2025-01-29 15:00:00,accueil ,20.69,5.04,46.2,13,ouvré,13.026
6489,2025-02-24 01:00:00,Salle_Serveur,19.83,0.48,47.6,0,ouvré,48.426
9420,2025-03-20 11:00:00,accueil ,20.29,7.81,57.7,7,ouvré,12.15
4647,2025-02-08 17:00:00,Bureau_Sud,,5.39,43.6,,weekend,8.038
1106,2025-01-10 05:00:00,Bureau_Nord,20.3,-1.48,35.0,9,ouvré,12.016
3702,2025-01-31 20:00:00,bureau sud,21.14,4.17,41.2,5,ouvré,10.284
5498,2025-02-15 19:00:00,Atelier,19.94,4.62,48.1,0,weekend,
9692,2025-03-22 18:00:00,bureau sud,20.32,8.8,,0,weekend,7.929
8211,2025-03-10 10:00:00,Bureau_Nord,20.69,5.71,43.0,7,ouvré,14.408
3806,2025-02-01 17:00:00,Bureau_Nord,,4.84,38.5,0,weekend,8.389
1167,2025-01-10 17:00:00,Bureau_Sud,20.53,6.03,47.3,6,ouvré,14.756
3496,2025-01-30 03:00:00,Bureau_Nord,20.75,-1.61,38.8,3,ouvré,12.31
2337,2025-01-20 11:00:00,bureau sud,20.27,3.53,40.5,12,ouvré,19.481
2855,2025-01-24 18:00:00,accueil ,21.83,5.64,43.1,13,ouvré,9.879
3641,2025-01-31 08:00:00,Bureau_Nord,21.46,0.48,43.9,12,ouvré,13.512
5823,2025-02-18 12:00:00,Atelier,21.77,7.14,50.2,10,ouvré,33.215
3303,2025-01-28 12:00:00,Atelier,,5.88,48.0,8,ouvré,33.208
4758,2025-02-09 15:00:00,atelier,20.11,5.87,49.8,0,weekend,12.527
5582,2025-02-16 12:00:00,bureau sud,22.0,4.49,46.6,0,weekend,9.866
4168,2025-02-04 17:00:00,Atelier,21.01,3.36,48.7,10,ouvré,24.115
7924,2025-03-08 00:00:00,Salle_Serveur,21.2,3.32,38.3,0,weekend,44.938
9516,2025-03-21 07:00:00,BUREAU NORD,19.67,3.71,37.7,0,ouvré,10.446
3091,2025-01-26 18:00:00,Bureau_Nord,20.55,5.87,47.9,0,weekend,7.48
8594,2025-03-13 14:00:00,Salle Serveur,20.58,7.44,,0,ouvré,46.121
9921,2025-03-24 16:00:00,Bureau_Nord,20.92,11.29,,7,ouvré,12.18
2469,2025-01-21 13:00:00,Salle_Serveur,20.63,7.98,47.2,0,ouvré,45.096
6888,2025-02-27 09:00:00,atelier,19.95,3.56,49.3,9,ouvré,24.179
1497,2025-01-13 11:00:00,bureau sud,21.99,4.0,43.2,15,ouvré,19.13
5260,2025-02-13 19:00:00,Accueil,21.1,4.67,54.6,9,ouvré,9.052
9782,2025-03-23 12:00:00,bureau sud,,8.33,53.7,0,weekend,8.619
1524,2025-01-13 16:00:00,Salle_Serveur,19.13,4.42,46.8,0,ouvré,47.275
2429,2025-01-21 05:00:00,Salle Serveur,22.43,-2.14,41.2,0,ouvré,49.765
72,2025-01-01 14:00:00,Bureau_Sud,22.26,4.97,34.2,7,férié,18.615
7948,2025-03-08 05:00:00,atelier,20.96,-0.87,39.9,0,weekend,15.029
10610,2025-03-30 09:00:00,accueil ,22.08,6.19,40.6,0,weekend,6.46
574,2025-01-05 18:00:00,Salle Serveur,19.32,6.36,40.7,0,weekend,45.183
6142,2025-02-21 04:00:00,Bureau_Sud,20.09,-1.9,48.9,5,ouvré,11.057
8007,2025-03-08 17:00:00,bureau sud,21.63,8.82,44.3,0,weekend,6.849
5671,2025-02-17 06:00:00,bureau_nord,20.47,-0.55,49.9,16,ouvré,11.948
3941,2025-02-02 20:00:00,bureau_nord,21.78,5.67,38.4,0,weekend,7.575
5536,2025-02-16 03:00:00,Bureau_Nord,20.79,-2.61,57.6,0,weekend,11.451
2886,2025-01-25 01:00:00,bureau_nord,19.9,-3.98,55.4,0,weekend,13.542
3566,2025-01-30 17:00:00,BUREAU NORD,19.7,3.79,47.5,11,ouvré,13.423
9001,2025-03-17 00:00:00,BUREAU NORD,21.14,2.47,36.7,5,ouvré,9.632
1233,2025-01-11 06:00:00,Atelier,21.93,0.64,47.1,0,weekend,13.707
2721,2025-01-23 16:00:00,BUREAU NORD,20.76,4.79,41.7,4,ouvré,13.809
5181,2025-02-13 04:00:00,BUREAU NORD,21.18,-1.74,34.2,5,ouvré,11.678
4328,2025-02-06 01:00:00,Atelier,20.96,-1.38,,3,ouvré,13.433
7847,2025-03-07 09:00:00,Bureau_Sud,20.6,4.13,54.0,1,ouvré,14.658
8993,2025-03-16 22:00:00,Atelier,19.57,4.82,46.2,0,weekend,12.759
4234,2025-02-05 06:00:00,Salle_Serveur,21.05,-1.2,45.8,0,ouvré,48.906
3587,2025-01-30 21:00:00,bureau sud,20.62,0.94,48.4,4,ouvré,12.171
7116,2025-03-01 07:00:00,BUREAU NORD,21.86,0.84,43.4,0,weekend,10.485
143,2025-01-02 04:00:00,atelier,20.44,-1.82,45.3,5,ouvré,14.547
10413,2025-03-28 18:00:00,Atelier,20.86,9.89,38.1,7,ouvré,19.053
1416,2025-01-12 19:00:00,Bureau_Nord,20.73,3.32,34.7,0,,8.886
7443,2025-03-04 00:00:00,Atelier,20.23,2.93,37.2,0,ouvré,12.04
7575,2025-03-05 02:00:00,Accueil,19.49,2.0,148.9,7,ouvré,9.022
3180,2025-01-27 11:00:00,accueil ,20.47,3.43,44.6,9,ouvré,13.635
10788,2025-03-31 21:00:00,Atelier,21.66,7.66,48.5,3,ouvré,10.238
2863,2025-01-24 20:00:00,Atelier,,4.78,49.3,11,ouvré,
1053,2025-01-09 18:00:00,Atelier,21.41,5.36,,5,ouvré,20.436
10696,2025-03-31 03:00:00,Bureau_Nord,19.88,2.6,29.4,9,ouvré,9.14
7818,2025-03-07 03:00:00,Atelier,19.98,-1.12,47.0,1,ouvré,13.572
3340,2025-01-28 19:00:00,accueil ,20.64,5.4,57.4,6,ouvré,7.801
6450,2025-02-23 17:00:00,Accueil,21.79,6.3,49.1,0,weekend,6.732
4217,2025-02-05 03:00:00,bureau sud,22.18,-1.36,,8,ouvré,11.487
7806,2025-03-07 01:00:00,BUREAU NORD,22.09,1.81,57.3,8,ouvré,9.416
3336,2025-01-28 19:00:00,bureau_nord,19.7,5.4,47.3,0,ouvré,8.883
9672,2025-03-22 14:00:00,bureau sud,19.77,11.23,41.4,0,weekend,5.788
3008,2025-01-26 01:00:00,Atelier,19.99,-2.44,51.0,0,weekend,15.612
10371,2025-03-28 10:00:00,Bureau_Nord,19.92,8.56,,4,ouvré,13.833
1791,2025-01-15 22:00:00,Bureau_Nord,20.02,0.57,45.9,9,ouvré,10.688
4736,2025-02-09 11:00:00,BUREAU NORD,20.69,4.46,48.7,0,weekend,7.973
4076,2025-02-03 23:00:00,bureau_nord,22.27,-1.05,50.3,8,ouvré,11.207
2201,2025-01-19 08:00:00,BUREAU NORD,21.22,-0.35,35.7,0,weekend,10.759
1396,2025-01-12 15:00:00,Bureau_Nord,23.19,4.93,43.0,0,weekend,8.185
213,2025-01-02 18:00:00,atelier,21.33,2.76,55.3,11,ouvré,21.36
1047,2025-01-09 17:00:00,bureau sud,20.65,6.21,41.8,9,ouvré,14.863
9075,2025-03-17 14:00:00,Accueil,20.88,10.57,43.0,2,ouvré,10.331
775,2025-01-07 10:00:00,Accueil,20.39,1.55,49.2,10,ouvré,13.608
40,2025-01-01 07:00:00,Accueil,23.89,0.96,52.1,13,férié,8.837
7802,2025-03-07 00:00:00,bureau sud,20.61,0.95,52.0,11,ouvré,8.924
6669,2025-02-25 13:00:00,Salle_Serveur,20.4,6.74,42.3,0,ouvré,44.145
1385,2025-01-12 12:00:00,Accueil,21.85,1.97,48.8,0,weekend,9.593
7410,2025-03-03 17:00:00,accueil ,21.87,7.2,44.7,12,ouvré,9.522
9595,2025-03-21 22:00:00,Accueil,22.42,5.16,44.8,2,ouvré,7.937
9173,2025-03-18 10:00:00,Atelier,19.77,6.54,52.5,10,ouvré,26.771
2884,2025-01-25 00:00:00,Salle Serveur,19.78,-0.28,47.7,0,weekend,47.189
8285,2025-03-11 00:00:00,Accueil,21.66,1.59,38.8,,ouvré,10.164
4767,2025-02-09 17:00:00,Bureau_Sud,19.68,4.37,42.3,0,weekend,10.336
9824,2025-03-23 20:00:00,Salle Serveur,21.15,8.55,39.6,0,weekend,42.603
9138,2025-03-18 03:00:00,Atelier,21.69,1.74,44.4,6,ouvré,14.499
2062,2025-01-18 04:00:00,Bureau_Sud,,-1.67,52.5,0,weekend,14.811
6667,2025-02-25 13:00:00,Bureau_Sud,19.98,6.74,43.4,3,ouvré,18.214
7691,2025-03-06 02:00:00,bureau_nord,,1.73,37.4,9,ouvré,11.145
3149,2025-01-27 05:00:00,Salle_Serveur,21.51,-1.44,49.7,0,ouvré,48.592
3726,2025-02-01 01:00:00,BUREAU NORD,20.6,-4.19,54.0,0,weekend,13.348
6040,2025-02-20 07:00:00,Accueil,21.9,0.56,45.2,6,ouvré,10.881
4525,2025-02-07 16:00:00,accueil ,19.94,5.92,48.9,7,ouvré,10.967
10400,2025-03-28 15:00:00,Accueil,20.92,11.44,51.7,,ouvré,10.969
9351,2025-03-19 22:00:00,bureau_nord,20.89,6.22,50.0,10,ouvré,7.716
8267,2025-03-10 21:00:00,Bureau_Sud,21.87,5.22,35.6,2,ouvré,10.421
10568,2025-03-30 01:00:00,atelier,22.51,2.58,46.1,,weekend,14.386
2670,2025-01-23 05:00:00,Accueil,20.51,-0.04,40.2,4,ouvré,11.781
8020,2025-03-08 19:00:00,Accueil,21.2,8.97,42.6,0,weekend,6.656
2069,2025-01-18 05:00:00,Salle_Serveur,20.9,-2.11,49.0,0,weekend,50.65
8485,2025-03-12 16:00:00,Accueil,21.8,5.38,54.8,1,ouvré,11.334
10225,2025-03-27 04:00:00,accueil ,21.09,1.14,47.4,5,,10.094
4953,2025-02-11 06:00:00,atelier,20.62,-0.03,34.5,7,ouvré,15.474
6735,2025-02-26 02:00:00,Accueil,21.17,0.3,42.4,9,ouvré,8.693
5221,2025-02-13 12:00:00,Bureau_Nord,20.6,4.26,44.6,4,ouvré,18.182
8436,2025-03-12 07:00:00,Bureau_Nord,21.03,-0.09,,13,ouvré,12.685
9039,2025-03-17 07:00:00,Salle Serveur,21.43,3.46,44.1,0,ouvré,44.117
854,2025-01-08 02:00:00,Salle Serveur,20.66,-3.64,55.2,0,ouvré,51.51
10203,2025-03-27 00:00:00,Atelier,20.52,4.44,34.5,10,ouvré,10.75
1220,2025-01-11 03:00:00,accueil ,21.49,0.19,55.0,0,weekend,10.287
8066,2025-03-09 05:00:00,bureau_nord,20.79,1.89,45.9,0,weekend,9.59
9159,2025-03-18 07:00:00,Salle Serveur,20.49,5.21,53.5,0,ouvré,47.181
923,2025-01-08 16:00:00,Atelier,20.19,7.53,50.8,8,ouvré,26.048
10264,2025-03-27 12:00:00,Salle_Serveur,20.1,7.85,40.9,0,ouvré,44.781
6379,2025-02-23 03:00:00,Salle Serveur,22.83,-1.24,47.3,0,weekend,46.884
10147,2025-03-26 13:00:00,Bureau_Sud,21.33,9.95,46.2,11,ouvré,18.129
913,2025-01-08 14:00:00,Atelier,22.44,7.14,44.9,6,ouvré,30.543
999,2025-01-09 07:00:00,Salle_Serveur,,-0.4,44.1,0,ouvré,48.045
8629,2025-03-13 21:00:00,Salle_Serveur,20.46,6.55,43.8,0,ouvré,45.088
1285,2025-01-11 16:00:00,accueil ,20.96,4.9,42.6,0,weekend,7.319
7767,2025-03-06 17:00:00,Bureau_Sud,20.72,8.0,53.6,4,ouvré,12.938
2103,2025-01-18 12:00:00,Atelier,21.63,5.98,49.7,0,weekend,12.143
6495,2025-02-24 02:00:00,Accueil,21.38,2.35,38.7,3,ouvré,8.624
6084,2025-02-20 16:00:00,Salle Serveur,19.9,7.98,50.1,0,ouvré,45.442
698,2025-01-06 19:00:00,Atelier,20.58,3.36,43.4,9,ouvré,16.27
7205,2025-03-02 00:00:00,Accueil,21.42,2.85,54.8,0,weekend,8.434
5441,2025-02-15 08:00:00,bureau_nord,20.48,1.76,36.6,0,weekend,10.026
597,2025-01-05 23:00:00,bureau sud,21.57,-2.17,36.8,0,weekend,14.233
8282,2025-03-11 00:00:00,bureau sud,21.88,1.59,46.4,12,ouvré,10.208
10356,2025-03-28 07:00:00,BUREAU NORD,22.12,7.89,49.8,5,ouvré,7.882
394,2025-01-04 06:00:00,Salle Serveur,22.62,-0.66,59.7,0,weekend,48.596
2774,2025-01-24 02:00:00,Salle_Serveur,22.05,-2.77,48.4,0,ouvré,49.081
1889,2025-01-16 17:00:00,Salle Serveur,19.86,4.61,52.8,,ouvré,45.131
9737,2025-03-23 03:00:00,bureau sud,19.45,3.72,50.3,0,weekend,10.349
7752,2025-03-06 14:00:00,Bureau_Sud,20.07,8.48,46.9,8,ouvré,17.775
6855,2025-02-27 02:00:00,accueil ,20.56,-0.0,49.8,11,ouvré,9.471
6673,2025-02-25 14:00:00,Atelier,19.98,5.28,52.7,,ouvré,31.63
8590,2025-03-13 13:00:00,Accueil,20.32,9.64,48.7,7,ouvré,11.887
10487,2025-03-29 09:00:00,bureau sud,20.27,5.4,35.6,0,weekend,8.916
6634,2025-02-25 06:00:00,Salle Serveur,21.61,1.02,52.7,0,ouvré,48.007
7661,2025-03-05 20:00:00,bureau_nord,20.65,6.78,41.0,5,ouvré,
7224,2025-03-02 04:00:00,Salle_Serveur,20.06,0.5,44.2,0,weekend,47.571
3688,2025-01-31 17:00:00,atelier,19.94,4.77,43.6,9,ouvré,24.766
1160,2025-01-10 15:00:00,Accueil,21.82,7.36,39.7,9,ouvré,10.632
7645,2025-03-05 16:00:00,accueil ,20.88,11.09,41.8,9,ouvré,8.313
2250,2025-01-19 17:00:00,accueil ,21.2,6.27,44.7,0,weekend,6.905
4406,2025-02-06 17:00:00,bureau_nord,22.27,6.36,43.1,6,ouvré,13.131
6903,2025-02-27 12:00:00,atelier,22.12,8.63,49.5,4,ouvré,32.802
10791,2025-03-31 22:00:00,Bureau_Nord,20.0,8.14,35.4,10,ouvré,8.548
2226,2025-01-19 13:00:00,BUREAU NORD,20.84,5.79,38.6,0,weekend,8.423
7622,2025-03-05 12:00:00,bureau sud,20.53,8.85,35.4,4,ouvré,17.409
4347,2025-02-06 05:00:00,Bureau_Sud,20.68,-1.22,38.7,4,ouvré,13.81
2642,2025-01-23 00:00:00,Bureau_Sud,21.95,-0.91,45.2,8,ouvré,10.622
3395,2025-01-29 06:00:00,accueil ,20.87,0.03,46.3,14,ouvré,10.017
1362,2025-01-12 08:00:00,bureau sud,21.49,0.59,46.0,0,weekend,11.841
4687,2025-02-09 01:00:00,bureau sud,22.64,-0.13,51.3,0,weekend,11.88
9155,2025-03-18 06:00:00,Accueil,21.51,3.63,57.8,15,ouvré,8.957
6798,2025-02-26 15:00:00,Atelier,22.71,8.08,43.8,9,ouvré,28.987
10107,2025-03-26 05:00:00,Bureau_Sud,21.95,5.46,58.7,13,ouvré,10.094
10462,2025-03-29 04:00:00,Bureau_Sud,19.86,-0.05,44.9,0,weekend,13.217
2552,2025-01-22 06:00:00,Bureau_Sud,21.52,1.64,43.6,7,ouvré,10.442
472,2025-01-04 22:00:00,bureau sud,19.97,1.2,47.5,0,weekend,10.093
4804,2025-02-10 00:00:00,Salle Serveur,20.76,0.09,52.0,0,ouvré,48.467
10790,2025-03-31 21:00:00,accueil ,,7.66,48.7,9,ouvré,6.788
4408,2025-02-06 17:00:00,atelier,22.33,6.36,54.8,13,ouvré,23.566
6629,2025-02-25 05:00:00,Salle Serveur,21.22,0.45,46.6,0,ouvré,47.858
1403,2025-01-12 16:00:00,atelier,20.33,7.21,45.3,0,weekend,10.873
5740,2025-02-17 19:00:00,accueil ,,7.15,45.0,0,ouvré,7.277
533,2025-01-05 10:00:00,Atelier,22.54,3.11,49.7,0,weekend,14.171
2673,2025-01-23 06:00:00,atelier,21.19,-1.41,49.1,6,ouvré,17.807
6783,2025-02-26 12:00:00,atelier,20.88,7.35,45.5,,ouvré,34.091
1769,2025-01-15 17:00:00,Salle_Serveur,21.06,6.15,48.2,0,ouvré,45.987
3264,2025-01-28 04:00:00,Salle_Serveur,21.0,-1.94,46.2,0,ouvré,49.274
1308,2025-01-11 21:00:00,atelier,21.22,0.47,55.6,0,weekend,15.167
411,2025-01-04 10:00:00,bureau_nord,19.82,2.55,,0,weekend,10.355
4023,2025-02-03 12:00:00,Atelier,21.4,4.33,44.2,5,ouvré,31.353
2810,2025-01-24 09:00:00,Accueil,21.19,1.09,41.3,7,ouvré,12.341
1310,2025-01-11 21:00:00,Accueil,21.45,0.47,46.4,0,weekend,10.574
6430,2025-02-23 13:00:00,accueil ,20.73,6.38,43.9,0,weekend,8.381
2690,2025-01-23 09:00:00,accueil ,19.48,2.68,39.9,7,ouvré,13.029
2130,2025-01-18 17:00:00,Accueil,19.76,5.33,43.7,0,weekend,6.517
8647,2025-03-14 01:00:00,bureau sud,21.3,2.31,45.0,10,,10.116
10486,2025-03-29 09:00:00,BUREAU NORD,19.96,5.4,38.1,0,weekend,8.732
3539,2025-01-30 11:00:00,Salle_Serveur,20.79,4.86,36.0,0,ouvré,
1756,2025-01-15 15:00:00,bureau_nord,20.38,7.21,43.9,13,ouvré,15.399
7311,2025-03-02 22:00:00,bureau_nord,20.62,4.21,,0,weekend,10.422
4662,2025-02-08 20:00:00,Bureau_Sud,21.02,4.72,53.1,0,weekend,9.448
1653,2025-01-14 18:00:00,Atelier,20.37,4.32,44.5,10,ouvré,20.305
580,2025-01-05 19:00:00,accueil ,21.03,4.05,44.7,0,weekend,7.608
9564,2025-03-21 16:00:00,Salle_Serveur,20.57,9.88,,0,ouvré,44.062
7451,2025-03-04 02:00:00,bureau_nord,21.73,-0.73,48.0,9,ouvré,10.3
4314,2025-02-05 22:00:00,Salle_Serveur,21.28,1.74,32.5,0,ouvré,49.155
5190,2025-02-13 05:00:00,accueil ,20.2,-2.35,38.0,2,ouvré,11.388
4644,2025-02-08 16:00:00,Salle_Serveur,20.88,6.15,42.6,0,weekend,45.367
9979,2025-03-25 03:00:00,Salle Serveur,22.38,1.94,46.8,0,ouvré,45.54
7852,2025-03-07 10:00:00,Bureau_Sud,20.91,6.5,56.5,3,ouvré,14.956
578,2025-01-05 19:00:00,atelier,20.77,4.05,53.6,0,weekend,12.018
2846,2025-01-24 17:00:00,BUREAU NORD,20.29,7.76,45.6,3,ouvré,12.137
3356,2025-01-28 23:00:00,Bureau_Nord,21.54,-2.31,,,ouvré,12.221
559,2025-01-05 15:00:00,Salle_Serveur,20.88,6.7,50.1,0,weekend,44.48
3644,2025-01-31 08:00:00,Salle Serveur,21.64,0.48,,0,ouvré,
9488,2025-03-21 01:00:00,Atelier,20.87,2.39,37.5,8,ouvré,13.968
9082,2025-03-17 16:00:00,Bureau_Sud,21.29,9.27,49.1,5,ouvré,15.825
7100,2025-03-01 03:00:00,Accueil,21.92,0.92,37.9,0,weekend,8.155
249,2025-01-03 01:00:00,Salle Serveur,21.97,-0.94,44.6,0,ouvré,47.978
3381,2025-01-29 04:00:00,bureau_nord,21.89,-1.13,40.1,5,ouvré,11.508
3816,2025-02-01 19:00:00,Bureau_Nord,20.18,4.46,27.7,0,weekend,7.444
3859,2025-02-02 03:00:00,Salle_Serveur,20.52,-1.87,,0,weekend,48.881
5796,2025-02-18 07:00:00,Bureau_Nord,21.67,1.76,41.9,7,ouvré,10.983
6925,2025-02-27 16:00:00,accueil ,20.36,9.14,46.5,11,ouvré,10.854
7027,2025-02-28 13:00:00,Bureau_Sud,22.48,8.43,,17,ouvré,18.989
9720,2025-03-22 23:00:00,accueil ,21.97,5.53,44.9,0,weekend,6.508
1790,2025-01-15 21:00:00,accueil ,19.72,2.27,44.8,7,ouvré,809.57
3441,2025-01-29 16:00:00,bureau_nord,21.32,5.94,54.7,12,ouvré,15.26
7499,2025-03-04 11:00:00,Salle_Serveur,19.71,6.49,33.3,0,ouvré,46.211
3949,2025-02-02 21:00:00,Salle_Serveur,21.5,3.16,31.8,0,weekend,45.63
4731,2025-02-09 10:00:00,bureau_nord,20.07,4.09,56.5,0,weekend,8.108
2088,2025-01-18 09:00:00,atelier,20.88,1.38,40.2,0,weekend,14.149
7315,2025-03-02 22:00:00,Accueil,20.33,4.21,34.0,0,weekend,9.487
10532,2025-03-29 18:00:00,bureau sud,21.07,10.39,49.6,0,weekend,7.817
9012,2025-03-17 02:00:00,bureau sud,20.78,1.26,49.0,8,ouvré,9.355
2278,2025-01-19 23:00:00,Atelier,20.96,-1.19,50.8,0,weekend,15.376
1623,2025-01-14 12:00:00,Atelier,21.84,3.56,43.5,7,ouvré,33.121
67,2025-01-01 13:00:00,Bureau_Sud,21.2,7.22,53.7,5,férié,19.284
10647,2025-03-30 17:00:00,bureau sud,19.95,13.13,43.3,0,weekend,8.596
8340,2025-03-11 11:00:00,accueil ,20.28,6.75,,3,ouvré,13.105
6486,2025-02-24 01:00:00,BUREAU NORD,22.27,0.48,38.4,15,,9.311
179,2025-01-02 11:00:00,Salle_Serveur,20.42,5.11,41.5,0,ouvré,44.852
3454,2025-01-29 18:00:00,Salle_Serveur,20.26,2.1,48.0,0,ouvré,46.466
4536,2025-02-07 19:00:00,bureau_nord,19.42,5.55,42.1,11,ouvré,11.407
8043,2025-03-09 00:00:00,atelier,20.04,4.36,51.5,0,weekend,13.172
4965,2025-02-11 08:00:00,accueil ,21.58,1.99,54.7,3,ouvré,10.65
5347,2025-02-14 13:00:00,bureau sud,,3.85,39.5,10,ouvré,20.249
1268,2025-01-11 13:00:00,Atelier,21.38,4.38,46.7,0,weekend,15.264
677,2025-01-06 15:00:00,Bureau_Sud,22.38,4.73,33.2,6,ouvré,17.445
8616,2025-03-13 19:00:00,BUREAU NORD,20.92,6.72,42.6,13,ouvré,10.335
4903,2025-02-10 20:00:00,Atelier,19.53,3.51,46.0,6,ouvré,16.868
5775,2025-02-18 02:00:00,accueil ,21.92,-0.2,37.7,10,ouvré,10.753
4215,2025-02-05 02:00:00,Accueil,21.56,-0.24,50.5,3,ouvré,9.705
9055,2025-03-17 10:00:00,accueil ,19.33,7.72,46.2,8,ouvré,11.648
1316,2025-01-11 23:00:00,BUREAU NORD,-999,0.16,42.0,0,weekend,11.027
9459,2025-03-20 19:00:00,Salle_Serveur,19.78,7.83,38.8,0,ouvré,45.493
1846,2025-01-16 09:00:00,bureau_nord,21.67,1.85,46.5,8,ouvré,14.815
4027,2025-02-03 13:00:00,bureau sud,21.49,4.92,46.7,8,ouvré,19.162
4003,2025-02-03 08:00:00,Atelier,21.68,1.15,40.2,7,ouvré,21.557
6886,2025-02-27 09:00:00,bureau_nord,20.66,3.56,48.7,6,ouvré,13.279
7201,2025-03-02 00:00:00,Bureau_Nord,20.51,2.85,,0,weekend,10.304
936,2025-01-08 19:00:00,BUREAU NORD,19.24,4.4,40.0,4,ouvré,11.359
397,2025-01-04 07:00:00,Bureau_Sud,20.91,0.34,47.0,0,weekend,13.203
78,2025-01-01 15:00:00,Atelier,20.16,5.97,46.4,9,férié,31.212
2889,2025-01-25 01:00:00,Salle Serveur,20.64,-3.98,53.3,0,weekend,50.522
1111,2025-01-10 06:00:00,bureau_nord,20.25,0.67,,12,ouvré,12.839
8273,2025-03-10 22:00:00,atelier,20.78,5.16,47.2,15,ouvré,12.977
10042,2025-03-25 16:00:00,bureau sud,20.39,11.33,40.2,14,ouvré,12.011
2525,2025-01-22 00:00:00,Accueil,20.12,-1.04,,4,ouvré,8.455
6427,2025-02-23 13:00:00,bureau sud,21.14,6.38,34.8,0,weekend,8.818
10778,2025-03-31 19:00:00,atelier,-999,8.74,50.1,3,ouvré,15.583
4335,2025-02-06 02:00:00,accueil ,21.26,-2.85,50.9,6,ouvré,10.529
6567,2025-02-24 17:00:00,bureau sud,21.13,7.94,,4,ouvré,12.934
8431,2025-03-12 06:00:00,Bureau_Nord,20.2,3.01,42.0,4,ouvré,11.07
9660,2025-03-22 11:00:00,Accueil,21.83,8.22,36.2,0,weekend,
10256,2025-03-27 11:00:00,bureau_nord,20.6,9.43,37.1,8,ouvré,13.904
5794,2025-02-18 06:00:00,Salle_Serveur,21.42,1.69,53.7,0,ouvré,47.482
8119,2025-03-09 15:00:00,Salle_Serveur,21.21,8.47,49.6,0,weekend,44.518
3444,2025-01-29 16:00:00,Salle Serveur,20.98,5.94,38.2,0,ouvré,
3876,2025-02-02 07:00:00,Bureau_Nord,21.13,1.23,,0,weekend,10.532
1822,2025-01-16 04:00:00,bureau sud,21.56,-1.63,47.5,11,ouvré,11.732
1193,2025-01-10 22:00:00,atelier,20.6,0.35,59.2,16,ouvré,13.742
3121,2025-01-27 00:00:00,BUREAU NORD,21.75,-2.35,41.8,7,ouvré,11.36
3606,2025-01-31 01:00:00,bureau_nord,20.66,-0.7,,8,ouvré,10.923
10633,2025-03-30 14:00:00,Atelier,20.87,11.21,38.8,0,weekend,9.271
5437,2025-02-15 07:00:00,bureau sud,21.12,0.36,46.7,0,weekend,12.049
2535,2025-01-22 02:00:00,Accueil,19.7,0.09,46.8,,ouvré,9.506
7588,2025-03-05 05:00:00,Atelier,19.8,-0.77,38.9,7,ouvré,17.014
2993,2025-01-25 22:00:00,Atelier,21.41,0.69,51.1,0,weekend,15.159
2817,2025-01-24 11:00:00,bureau sud,21.01,3.66,42.8,7,ouvré,18.877
1688,2025-01-15 01:00:00,atelier,21.09,-0.12,45.5,10,ouvré,13.215
4601,2025-02-08 08:00:00,bureau_nord,21.11,2.39,59.3,,weekend,10.785
9094,2025-03-17 18:00:00,Salle Serveur,21.46,9.84,42.5,0,ouvré,42.977
6315,2025-02-22 14:00:00,accueil ,22.44,8.82,45.9,0,weekend,
6867,2025-02-27 05:00:00,bureau sud,21.88,1.22,47.3,4,ouvré,12.937
4467,2025-02-07 05:00:00,bureau sud,20.92,-0.21,45.3,12,ouvré,12.304
5165,2025-02-13 00:00:00,Accueil,21.48,0.56,50.9,6,ouvré,-27.008
6546,2025-02-24 13:00:00,bureau_nord,22.02,8.38,47.7,7,ouvré,17.449
3733,2025-02-01 02:00:00,atelier,21.73,-1.78,45.0,0,weekend,15.219
7514,2025-03-04 14:00:00,Salle_Serveur,20.28,9.38,43.5,0,ouvré,43.623
7138,2025-03-01 11:00:00,atelier,20.29,4.08,43.9,0,weekend,12.932
6531,2025-02-24 10:00:00,BUREAU NORD,20.86,5.99,,17,ouvré,15.651
8931,2025-03-16 10:00:00,Bureau_Nord,19.93,7.49,41.6,0,weekend,5.899
1561,2025-01-14 00:00:00,Bureau_Nord,21.17,-2.39,38.1,2,ouvré,11.229
4054,2025-02-03 18:00:00,Salle_Serveur,21.52,4.08,57.8,0,ouvré,46.724
1446,2025-01-13 01:00:00,BUREAU NORD,20.3,-1.05,48.2,0,ouvré,11.461
4206,2025-02-05 01:00:00,Bureau_Nord,21.51,-0.25,54.4,12,ouvré,9.767
8026,2025-03-08 21:00:00,bureau_nord,20.22,4.91,57.1,0,weekend,8.394
7583,2025-03-05 04:00:00,Atelier,20.64,-0.68,47.7,7,ouvré,14.201
8545,2025-03-13 04:00:00,accueil ,21.28,1.08,40.4,7,ouvré,10.776
6462,2025-02-23 20:00:00,bureau sud,20.76,3.15,38.2,,weekend,11.922
5639,2025-02-16 23:00:00,Salle_Serveur,22.06,1.19,42.8,0,weekend,46.968
9385,2025-03-20 04:00:00,accueil ,20.41,0.98,40.4,9,ouvré,9.718
5169,2025-02-13 01:00:00,Salle Serveur,22.27,-0.13,28.5,0,ouvré,48.375
8422,2025-03-12 04:00:00,Bureau_Sud,20.92,-1.04,,4,ouvré,12.214
4260,2025-02-05 11:00:00,Accueil,21.89,2.88,,4,ouvré,13.004
9224,2025-03-18 20:00:00,Salle_Serveur,20.69,4.73,37.6,0,ouvré,44.994
11,2025-01-01 02:00:00,Bureau_Nord,21.4,-2.2,43.5,17,férié,10.844
10387,2025-03-28 13:00:00,bureau sud,20.61,12.12,47.5,7,ouvré,16.091
2396,2025-01-20 23:00:00,Bureau_Nord,21.16,-1.3,39.1,14,ouvré,10.937
9081,2025-03-17 16:00:00,bureau_nord,19.86,9.27,44.8,3,,13.947
425,2025-01-04 12:00:00,Accueil,22.25,5.9,46.3,0,weekend,8.419
7303,2025-03-02 20:00:00,Atelier,20.0,6.38,53.8,0,weekend,13.014
3564,2025-01-30 16:00:00,Salle Serveur,21.88,4.98,50.8,,ouvré,46.163
5872,2025-02-18 22:00:00,Bureau_Sud,23.13,1.19,41.0,6,ouvré,11.721
7218,2025-03-02 03:00:00,atelier,20.4,-0.51,51.2,0,weekend,13.852
2264,2025-01-19 20:00:00,Salle_Serveur,22.48,3.61,,0,weekend,45.633
5563,2025-02-16 08:00:00,atelier,20.78,2.01,38.6,0,weekend,13.759
9870,2025-03-24 05:00:00,Accueil,21.03,3.08,37.0,14,ouvré,9.373
7775,2025-03-06 18:00:00,Accueil,20.52,6.04,51.0,5,ouvré,10.203
870,2025-01-08 05:00:00,Accueil,20.73,-2.88,46.9,2,ouvré,12.91
177,2025-01-02 11:00:00,Bureau_Sud,22.16,5.11,43.8,7,ouvré,19.352
8364,2025-03-11 16:00:00,Salle_Serveur,21.88,9.3,44.3,0,ouvré,44.344
5284,2025-02-14 00:00:00,Salle_Serveur,21.08,-0.07,36.8,0,ouvré,47.648
3978,2025-02-03 03:00:00,atelier,22.73,-1.93,49.8,8,ouvré,14.822
711,2025-01-06 22:00:00,BUREAU NORD,19.94,0.49,42.2,13,,10.332
3837,2025-02-01 23:00:00,Bureau_Sud,20.12,0.71,49.6,0,weekend,12.107
10692,2025-03-31 02:00:00,bureau sud,20.14,1.95,36.8,14,ouvré,11.13
2496,2025-01-21 19:00:00,bureau_nord,20.14,3.24,37.2,10,ouvré,13.138
988,2025-01-09 05:00:00,atelier,21.62,-2.83,55.5,8,ouvré,450.12
6813,2025-02-26 18:00:00,atelier,22.05,7.78,57.6,7,ouvré,18.575
2022,2025-01-17 20:00:00,Bureau_Sud,20.91,4.35,48.2,16,ouvré,9.577
2403,2025-01-21 00:00:00,Atelier,20.1,-0.74,50.5,6,ouvré,14.279
728,2025-01-07 01:00:00,Atelier,20.08,0.21,45.7,11,ouvré,13.064
1468,2025-01-13 05:00:00,atelier,20.9,-2.34,38.8,10,ouvré,17.576
2435,2025-01-21 06:00:00,Accueil,21.24,2.3,44.4,0,ouvré,10.408
9289,2025-03-19 09:00:00,Salle_Serveur,21.92,6.55,42.5,0,ouvré,46.91
10330,2025-03-28 01:00:00,accueil ,20.9,4.04,42.0,3,ouvré,7.05
7232,2025-03-02 06:00:00,bureau sud,20.08,1.99,47.2,0,weekend,11.347
7181,2025-03-01 20:00:00,bureau_nord,20.98,5.62,45.9,0,weekend,9.413
10638,2025-03-30 15:00:00,Atelier,23.45,10.95,42.6,0,weekend,9.065
6051,2025-02-20 10:00:00,BUREAU NORD,21.81,5.25,50.4,2,ouvré,17.192
7309,2025-03-02 21:00:00,Salle Serveur,20.8,3.91,,0,weekend,47.224
4605,2025-02-08 08:00:00,Accueil,21.8,2.39,39.4,0,weekend,9.61
692,2025-01-06 18:00:00,Bureau_Sud,21.67,4.89,33.2,9,ouvré,11.11
430,2025-01-04 13:00:00,accueil ,21.22,4.29,45.5,0,weekend,9.419
9450,2025-03-20 17:00:00,accueil ,20.83,10.67,42.4,1,ouvré,6.705
8224,2025-03-10 12:00:00,Salle_Serveur,20.83,9.08,44.6,0,ouvré,45.068
695,2025-01-06 18:00:00,accueil ,23.03,4.89,38.4,10,ouvré,10.775
2202,2025-01-19 08:00:00,Bureau_Sud,21.33,-0.35,46.4,0,weekend,11.484
819,2025-01-07 19:00:00,Salle Serveur,20.56,3.28,39.7,0,ouvré,47.011
5526,2025-02-16 01:00:00,bureau_nord,21.0,-1.41,40.3,0,weekend,10.745
1410,2025-01-12 17:00:00,Accueil,19.71,5.27,45.7,0,weekend,7.835
4712,2025-02-09 06:00:00,Bureau_Sud,20.09,-0.0,49.4,0,weekend,10.341
2597,2025-01-22 15:00:00,bureau sud,21.32,6.14,48.4,10,ouvré,17.02
1913,2025-01-16 22:00:00,Atelier,20.32,3.07,46.7,4,ouvré,12.055
5209,2025-02-13 09:00:00,Salle_Serveur,20.85,2.09,46.7,0,ouvré,47.508
1529,2025-01-13 17:00:00,Salle_Serveur,21.67,4.54,42.1,0,ouvré,45.175
2320,2025-01-20 07:00:00,accueil ,20.85,-1.25,36.9,3,ouvré,
9813,2025-03-23 18:00:00,Atelier,20.72,8.05,49.4,0,weekend,11.938
4565,2025-02-08 00:00:00,Accueil,21.87,-0.74,44.1,0,weekend,11.624
2578,2025-01-22 11:00:00,atelier,20.69,4.48,39.5,10,ouvré,30.535
6333,2025-02-22 18:00:00,atelier,20.88,7.24,45.5,0,weekend,10.578
8826,2025-03-15 13:00:00,BUREAU NORD,20.96,8.85,44.3,0,weekend,7.475
992,2025-01-09 06:00:00,Bureau_Sud,21.05,-2.09,52.7,13,ouvré,12.263
1295,2025-01-11 18:00:00,Accueil,21.24,6.3,47.8,0,weekend,6.079
4353,2025-02-06 06:00:00,Atelier,22.27,-1.31,42.8,5,ouvré,754.525
1466,2025-01-13 05:00:00,bureau_nord,22.06,-2.34,49.2,3,ouvré,13.033
7783,2025-03-06 20:00:00,Atelier,21.7,4.41,37.8,13,ouvré,15.104
7272,2025-03-02 14:00:00,Bureau_Sud,,9.3,44.2,0,weekend,8.245
8987,2025-03-16 21:00:00,bureau sud,21.65,6.44,37.9,0,weekend,7.727
6779,2025-02-26 11:00:00,Salle Serveur,20.68,5.45,43.8,0,ouvré,46.297
9187,2025-03-18 13:00:00,Bureau_Sud,23.1,9.77,45.2,,ouvré,17.625
10254,2025-03-27 10:00:00,Salle_Serveur,21.51,8.66,,0,ouvré,46.456
6627,2025-02-25 05:00:00,bureau sud,19.93,0.45,41.4,2,ouvré,10.64
1838,2025-01-16 07:00:00,Atelier,19.58,0.6,41.2,12,ouvré,18.523
924,2025-01-08 16:00:00,Salle_Serveur,20.4,7.53,38.6,0,ouvré,44.326
2356,2025-01-20 15:00:00,bureau_nord,20.85,7.17,40.0,6,ouvré,14.366
8845,2025-03-15 16:00:00,accueil ,21.96,9.54,45.4,,weekend,5.791
1489,2025-01-13 09:00:00,Salle Serveur,20.47,1.81,41.5,0,ouvré,47.339
1119,2025-01-10 07:00:00,Salle Serveur,,-0.45,41.4,0,ouvré,49.692
4172,2025-02-04 18:00:00,Bureau_Sud,20.17,4.85,46.8,4,ouvré,13.261
4782,2025-02-09 20:00:00,Bureau_Sud,20.48,3.29,39.5,0,weekend,11.081
7811,2025-03-07 02:00:00,BUREAU NORD,21.15,2.12,48.0,6,ouvré,10.284
3069,2025-01-26 13:00:00,Salle_Serveur,21.2,5.66,45.0,0,weekend,46.777
7278,2025-03-02 15:00:00,Atelier,20.99,8.26,40.9,0,weekend,11.367
5885,2025-02-19 00:00:00,accueil ,20.54,1.71,43.3,4,ouvré,8.168
5161,2025-02-13 00:00:00,bureau_nord,19.89,0.56,56.2,10,ouvré,10.146
9577,2025-03-21 19:00:00,Bureau_Sud,20.84,9.08,49.7,9,ouvré,10.81
2087,2025-01-18 09:00:00,bureau sud,21.0,1.38,53.7,0,weekend,10.998
9365,2025-03-20 00:00:00,Accueil,20.94,4.0,42.8,12,ouvré,6.92
1544,2025-01-13 20:00:00,Salle Serveur,21.75,1.21,31.5,0,ouvré,46.665
8388,2025-03-11 21:00:00,atelier,21.27,6.42,60.1,6,ouvré,13.056
7942,2025-03-08 04:00:00,Bureau_Sud,21.15,3.09,38.7,0,weekend,10.708
6197,2025-02-21 15:00:00,Bureau_Sud,21.49,6.0,39.4,10,ouvré,16.764
7787,2025-03-06 21:00:00,Bureau_Sud,21.37,2.93,42.0,8,ouvré,9.985
8112,2025-03-09 14:00:00,bureau sud,20.28,6.84,52.5,0,weekend,9.187
3040,2025-01-26 07:00:00,Accueil,20.02,2.3,41.4,0,weekend,9.46
5973,2025-02-19 18:00:00,atelier,21.66,7.36,49.5,7,ouvré,18.836
5276,2025-02-13 23:00:00,bureau_nord,20.96,0.66,41.3,15,ouvré,11.359
828,2025-01-07 21:00:00,Atelier,21.5,1.39,37.7,11,ouvré,16.725
3142,2025-01-27 04:00:00,bureau sud,20.24,-0.97,36.3,15,ouvré,12.421
7973,2025-03-08 10:00:00,atelier,18.47,6.88,47.4,0,weekend,11.166
9814,2025-03-23 18:00:00,Salle Serveur,22.15,8.05,32.8,0,weekend,43.644
6182,2025-02-21 12:00:00,bureau sud,20.98,6.83,43.2,,ouvré,18.244
8988,2025-03-16 21:00:00,atelier,20.91,6.44,219.9,0,weekend,11.393
2456,2025-01-21 11:00:00,Bureau_Nord,21.17,5.26,38.8,12,ouvré,16.543
4419,2025-02-06 19:00:00,Salle Serveur,19.87,6.62,53.3,0,ouvré,44.551
1093,2025-01-10 02:00:00,Atelier,21.42,-3.41,44.3,,ouvré,501.988
311,2025-01-03 14:00:00,BUREAU NORD,22.89,7.03,43.7,13,ouvré,16.274
9088,2025-03-17 17:00:00,Atelier,20.92,9.76,,9,ouvré,22.087
6249,2025-02-22 01:00:00,Salle Serveur,21.15,2.74,40.6,0,weekend,47.249
5649,2025-02-17 01:00:00,Salle_Serveur,20.44,0.59,,0,ouvré,48.857
9062,2025-03-17 12:00:00,Bureau_Sud,20.5,8.64,51.1,12,ouvré,18.516
5560,2025-02-16 07:00:00,accueil ,21.38,0.3,48.7,0,weekend,10.632
3001,2025-01-26 00:00:00,bureau_nord,20.76,0.52,36.8,0,weekend,9.838
2676,2025-01-23 07:00:00,bureau_nord,21.34,0.5,39.0,14,ouvré,13.992
6862,2025-02-27 04:00:00,bureau sud,19.72,0.58,46.1,5,ouvré,-17.116
1891,2025-01-16 18:00:00,BUREAU NORD,20.65,5.02,40.1,3,ouvré,11.017
8251,2025-03-10 18:00:00,Bureau_Nord,20.36,9.57,41.1,8,ouvré,11.512
2276,2025-01-19 23:00:00,Bureau_Nord,21.09,-1.19,58.4,0,weekend,12.152
3351,2025-01-28 22:00:00,bureau_nord,21.53,0.91,48.8,3,ouvré,10.577
85,2025-01-01 16:00:00,accueil ,19.84,6.32,49.3,8,férié,11.959
2530,2025-01-22 01:00:00,accueil ,21.79,-1.03,45.2,16,ouvré,10.526
9640,2025-03-22 07:00:00,Accueil,20.69,2.57,48.1,0,weekend,9.795
7306,2025-03-02 21:00:00,bureau_nord,21.6,3.91,41.1,0,weekend,8.839
139,2025-01-02 03:00:00,Salle Serveur,20.17,-3.06,47.5,0,ouvré,50.338
6025,2025-02-20 04:00:00,Accueil,20.75,-0.74,56.4,12,ouvré,10.015
1563,2025-01-14 00:00:00,Atelier,21.83,-2.39,32.3,3,ouvré,14.009
3736,2025-02-01 03:00:00,Bureau_Nord,20.43,-2.03,49.3,0,weekend,11.405
689,2025-01-06 17:00:00,Salle_Serveur,20.75,3.84,51.5,0,ouvré,44.928
6748,2025-02-26 05:00:00,Atelier,20.61,0.06,49.9,12,ouvré,16.138
10732,2025-03-31 10:00:00,bureau sud,21.47,10.03,44.2,12,ouvré,14.437
4182,2025-02-04 20:00:00,Bureau_Sud,21.59,4.4,44.2,6,ouvré,9.619
6365,2025-02-23 00:00:00,accueil ,20.02,0.14,43.8,0,weekend,11.454
2205,2025-01-19 08:00:00,accueil ,22.09,-0.35,50.2,0,weekend,11.683
6601,2025-02-25 00:00:00,BUREAU NORD,22.16,-0.35,41.4,7,ouvré,11.398
1507,2025-01-13 13:00:00,bureau sud,22.43,5.85,51.0,5,ouvré,18.557
1453,2025-01-13 02:00:00,atelier,20.69,-4.04,41.2,8,ouvré,14.207
6843,2025-02-27 00:00:00,atelier,21.25,1.28,42.0,4,ouvré,13.147
8129,2025-03-09 17:00:00,Salle_Serveur,21.5,7.24,56.8,0,weekend,45.805
8274,2025-03-10 22:00:00,Salle_Serveur,21.04,5.16,49.1,0,ouvré,47.126
391,2025-01-04 06:00:00,BUREAU NORD,21.3,-0.66,39.6,0,weekend,10.852
2603,2025-01-22 16:00:00,atelier,20.38,5.62,45.6,8,ouvré,26.387
704,2025-01-06 20:00:00,Salle Serveur,22.25,3.19,36.6,0,ouvré,48.666
1124,2025-01-10 08:00:00,Salle Serveur,21.93,-0.6,37.2,0,ouvré,47.444
3972,2025-02-03 02:00:00,Bureau_Sud,19.99,-0.84,44.4,0,ouvré,12.166
4567,2025-02-08 01:00:00,Bureau_Sud,21.15,2.43,51.2,0,weekend,9.578
9722,2025-03-23 00:00:00,bureau sud,20.63,4.36,44.1,,weekend,7.876
8505,2025-03-12 20:00:00,accueil ,20.58,8.69,43.1,11,ouvré,7.412
6077,2025-02-20 15:00:00,Bureau_Sud,20.0,6.72,45.6,10,ouvré,17.143
7926,2025-03-08 01:00:00,bureau_nord,20.26,2.3,47.9,0,weekend,9.846
6870,2025-02-27 05:00:00,Accueil,,1.22,52.4,,ouvré,9.075
9694,2025-03-22 18:00:00,Salle_Serveur,21.65,8.8,43.3,,weekend,43.876
2758,2025-01-23 23:00:00,Atelier,21.19,0.18,43.3,0,ouvré,13.874
10028,2025-03-25 13:00:00,Atelier,20.58,8.98,49.5,2,ouvré,32.169
5481,2025-02-15 16:00:00,bureau_nord,21.7,7.19,35.3,0,weekend,7.612
6935,2025-02-27 18:00:00,accueil ,21.66,6.52,37.4,7,ouvré,9.285
9740,2025-03-23 03:00:00,Accueil,22.23,3.72,40.7,0,weekend,8.809
5143,2025-02-12 20:00:00,Atelier,21.73,4.3,50.0,8,ouvré,16.734
261,2025-01-03 04:00:00,bureau_nord,20.14,-3.23,45.9,5,ouvré,12.538
2428,2025-01-21 05:00:00,atelier,20.39,-2.14,49.3,9,ouvré,16.475
9847,2025-03-24 01:00:00,bureau sud,21.24,3.75,61.6,2,ouvré,9.752
4831,2025-02-10 06:00:00,bureau_nord,21.33,2.85,57.0,10,ouvré,10.34
1460,2025-01-13 03:00:00,Accueil,22.11,-2.27,47.6,10,ouvré,11.393
10353,2025-03-28 06:00:00,atelier,21.25,3.71,,14,ouvré,15.067
5579,2025-02-16 11:00:00,Salle_Serveur,20.57,7.16,50.3,0,weekend,43.592
1006,2025-01-09 09:00:00,bureau_nord,20.92,3.59,42.0,11,ouvré,14.719
9934,2025-03-24 18:00:00,Salle_Serveur,22.17,9.27,48.3,0,ouvré,44.976
8766,2025-03-15 01:00:00,BUREAU NORD,21.35,3.56,40.9,0,weekend,10.663
9845,2025-03-24 00:00:00,Accueil,18.81,3.74,39.8,9,ouvré,7.563
1578,2025-01-14 03:00:00,atelier,20.55,-3.05,50.3,6,ouvré,14.71
10458,2025-03-29 03:00:00,Atelier,21.59,1.25,42.5,0,weekend,14.656
7986,2025-03-08 13:00:00,Bureau_Nord,21.51,9.08,44.2,,weekend,8.414
6079,2025-02-20 15:00:00,Salle Serveur,21.02,6.72,35.9,0,ouvré,46.517
7673,2025-03-05 22:00:00,atelier,20.99,2.92,44.0,8,ouvré,11.38
9448,2025-03-20 17:00:00,atelier,20.14,10.67,50.2,7,ouvré,20.372
1810,2025-01-16 01:00:00,accueil ,20.71,-1.17,42.8,8,ouvré,9.878
2489,2025-01-21 17:00:00,Salle Serveur,22.46,4.38,52.9,0,ouvré,44.751
10501,2025-03-29 12:00:00,bureau_nord,20.92,8.87,35.9,0,weekend,7.124
9150,2025-03-18 05:00:00,Accueil,19.75,2.67,41.4,6,ouvré,6.607
1830,2025-01-16 05:00:00,Accueil,,-0.72,49.1,7,ouvré,10.121
7360,2025-03-03 07:00:00,accueil ,19.8,3.11,46.7,2,ouvré,9.331
8706,2025-03-14 13:00:00,Bureau_Nord,20.8,8.37,47.0,4,ouvré,16.237
1483,2025-01-13 08:00:00,Atelier,20.05,0.4,55.2,14,ouvré,22.159
8602,2025-03-13 16:00:00,bureau sud,21.5,11.02,42.8,9,ouvré,884.057
3926,2025-02-02 17:00:00,bureau_nord,22.21,5.27,45.6,0,weekend,9.058
8999,2025-03-16 23:00:00,Salle_Serveur,20.78,3.78,43.1,0,weekend,45.759
6252,2025-02-22 02:00:00,Bureau_Sud,21.44,-0.38,43.5,0,weekend,11.011
9112,2025-03-17 22:00:00,Bureau_Sud,18.86,4.89,240.7,4,ouvré,8.45
9080,2025-03-17 15:00:00,Accueil,20.52,10.84,39.9,6,ouvré,10.209
7304,2025-03-02 20:00:00,Salle_Serveur,21.57,6.38,41.5,0,weekend,45.325
5538,2025-02-16 03:00:00,Atelier,20.34,-2.61,45.4,0,weekend,15.16
7855,2025-03-07 10:00:00,accueil ,20.83,6.5,39.7,7,ouvré,11.47
6145,2025-02-21 04:00:00,accueil ,21.11,-1.9,42.4,6,ouvré,
10527,2025-03-29 17:00:00,Bureau_Sud,20.46,10.68,41.2,0,weekend,6.294
5964,2025-02-19 16:00:00,Salle_Serveur,20.53,5.43,56.3,0,ouvré,44.772
6607,2025-02-25 01:00:00,bureau sud,21.81,0.57,62.9,13,ouvré,10.287
2994,2025-01-25 22:00:00,Salle Serveur,22.26,0.69,46.9,0,weekend,47.65
185,2025-01-02 12:00:00,accueil ,22.36,6.15,45.1,5,ouvré,12.489
5362,2025-02-14 16:00:00,bureau sud,20.58,6.63,36.3,11,ouvré,15.888
6475,2025-02-23 22:00:00,Accueil,20.6,1.71,,0,weekend,9.389
5464,2025-02-15 12:00:00,Salle Serveur,22.11,5.59,59.0,0,weekend,44.854
9244,2025-03-19 00:00:00,Salle Serveur,21.24,3.17,49.8,0,ouvré,47.957
3369,2025-01-29 01:00:00,Salle Serveur,21.78,-2.66,36.3,0,ouvré,49.274
9120,2025-03-17 23:00:00,Accueil,,3.74,44.8,21,ouvré,9.214
2067,2025-01-18 05:00:00,Bureau_Sud,21.06,-2.11,57.7,0,weekend,12.078
4375,2025-02-06 10:00:00,accueil ,21.34,4.94,56.1,3,ouvré,13.319
3947,2025-02-02 21:00:00,Bureau_Sud,21.43,3.16,41.6,0,weekend,10.137
3238,2025-01-27 23:00:00,Atelier,20.77,0.4,48.3,3,ouvré,13.459
9642,2025-03-22 08:00:00,bureau sud,21.78,5.75,38.7,0,weekend,9.141
3101,2025-01-26 20:00:00,bureau_nord,20.38,3.5,45.4,0,weekend,9.671
8714,2025-03-14 14:00:00,Salle_Serveur,21.23,9.62,39.8,0,ouvré,43.257
2739,2025-01-23 19:00:00,Salle_Serveur,21.31,3.26,38.0,0,ouvré,45.954
8543,2025-03-13 04:00:00,Atelier,21.18,1.08,34.9,7,ouvré,
1565,2025-01-14 00:00:00,accueil ,20.93,-2.39,36.8,9,ouvré,9.882
4155,2025-02-04 14:00:00,accueil ,22.05,5.2,51.3,11,ouvré,13.471
45,2025-01-01 08:00:00,Accueil,20.52,1.89,51.7,9,férié,11.498
6294,2025-02-22 10:00:00,Salle_Serveur,21.76,3.99,38.4,0,weekend,46.207
8927,2025-03-16 09:00:00,bureau sud,21.75,6.72,43.3,0,weekend,7.828
8389,2025-03-11 21:00:00,Salle Serveur,20.79,6.42,38.9,0,ouvré,45.512
9430,2025-03-20 13:00:00,accueil ,21.18,8.18,42.6,9,ouvré,11.991
8908,2025-03-16 05:00:00,atelier,23.19,0.35,50.6,0,weekend,16.016
5672,2025-02-17 06:00:00,Bureau_Sud,20.81,-0.55,44.0,8,ouvré,12.874
2858,2025-01-24 19:00:00,atelier,21.05,4.7,45.0,8,ouvré,17.624
4263,2025-02-05 12:00:00,Atelier,20.81,6.22,48.1,15,ouvré,32.528
6729,2025-02-26 01:00:00,Salle Serveur,21.3,1.72,38.3,0,ouvré,46.45
6283,2025-02-22 08:00:00,atelier,20.22,5.74,54.8,0,weekend,12.846
4191,2025-02-04 22:00:00,Bureau_Nord,22.09,1.32,51.4,12,ouvré,10.328
4095,2025-02-04 02:00:00,accueil ,22.95,-1.28,43.7,8,ouvré,11.558
135,2025-01-02 02:00:00,Accueil,20.16,-1.48,46.1,14,ouvré,10.139
10243,2025-03-27 08:00:00,Atelier,20.45,4.7,50.0,14,ouvré,20.325
6094,2025-02-20 18:00:00,Salle_Serveur,20.5,5.3,45.2,0,ouvré,44.932
6149,2025-02-21 05:00:00,Salle_Serveur,21.25,-1.41,45.5,,ouvré,48.703
6002,2025-02-20 00:00:00,bureau sud,22.15,0.68,41.6,8,ouvré,10.812
9375,2025-03-20 02:00:00,Accueil,20.16,3.32,43.2,9,ouvré,7.569
9700,2025-03-22 19:00:00,Accueil,19.41,9.64,48.0,0,weekend,6.146
9504,2025-03-21 04:00:00,Salle Serveur,21.16,0.01,50.1,0,ouvré,50.635
4390,2025-02-06 13:00:00,accueil ,22.4,6.0,,3,ouvré,14.744
4043,2025-02-03 16:00:00,Atelier,20.5,6.18,28.4,2,ouvré,26.528
1535,2025-01-13 18:00:00,accueil ,21.35,6.49,35.4,3,ouvré,9.611
5409,2025-02-15 01:00:00,Salle_Serveur,21.8,-3.32,,0,weekend,49.662
4421,2025-02-06 20:00:00,Bureau_Nord,20.8,3.39,45.3,10,ouvré,9.823
3199,2025-01-27 15:00:00,Salle_Serveur,21.48,6.27,55.8,0,ouvré,45.85
4604,2025-02-08 08:00:00,Salle_Serveur,21.65,2.39,53.6,0,weekend,48.331
10474,2025-03-29 06:00:00,Salle_Serveur,20.37,2.02,40.5,0,weekend,46.92
566,2025-01-05 17:00:00,Bureau_Nord,21.36,5.89,45.9,0,weekend,7.751
6030,2025-02-20 05:00:00,Accueil,20.87,1.66,51.5,7,ouvré,9.107
3338,2025-01-28 19:00:00,atelier,20.92,5.4,55.6,9,ouvré,15.965
3762,2025-02-01 08:00:00,bureau sud,20.68,0.61,47.5,0,weekend,-9.43
2735,2025-01-23 18:00:00,accueil ,19.23,4.18,41.0,10,ouvré,9.46
10382,2025-03-28 12:00:00,bureau sud,20.34,10.66,49.0,0,ouvré,16.224
9961,2025-03-25 00:00:00,bureau_nord,21.33,4.09,37.5,3,ouvré,7.501
9842,2025-03-24 00:00:00,Bureau_Sud,21.12,3.74,43.7,10,ouvré,9.187
8608,2025-03-13 17:00:00,atelier,20.36,7.87,34.8,11,ouvré,-32.333
6549,2025-02-24 13:00:00,Salle_Serveur,20.01,8.38,47.3,0,ouvré,44.734
1229,2025-01-11 05:00:00,Salle Serveur,,-3.76,36.9,0,weekend,49.489
9211,2025-03-18 18:00:00,Bureau_Nord,21.73,9.59,45.1,11,ouvré,10.526
10067,2025-03-25 21:00:00,Bureau_Sud,21.48,6.52,51.3,10,ouvré,10.603
308,2025-01-03 13:00:00,Atelier,21.05,4.2,41.9,0,ouvré,34.177
10596,2025-03-30 07:00:00,BUREAU NORD,20.48,5.75,42.4,0,weekend,9.088
4527,2025-02-07 17:00:00,Bureau_Sud,21.45,7.12,42.5,6,ouvré,
2131,2025-01-18 18:00:00,bureau_nord,21.08,4.93,37.5,0,weekend,8.138
2780,2025-01-24 03:00:00,accueil ,22.34,-0.2,49.5,7,ouvré,10.978
7848,2025-03-07 09:00:00,atelier,20.49,4.13,44.0,0,ouvré,21.965
9748,2025-03-23 05:00:00,atelier,21.14,4.12,42.5,0,weekend,14.391
3750,2025-02-01 05:00:00,Accueil,21.13,-1.94,47.9,,weekend,11.573
4144,2025-02-04 12:00:00,Salle_Serveur,22.34,4.49,45.7,0,ouvré,44.673
1046,2025-01-09 17:00:00,bureau_nord,22.09,6.21,51.2,7,ouvré,12.702
1986,2025-01-17 13:00:00,bureau_nord,20.19,3.3,47.7,14,ouvré,18.298
3265,2025-01-28 04:00:00,accueil ,21.37,-1.94,51.6,14,ouvré,12.886
268,2025-01-03 05:00:00,atelier,21.75,0.1,42.4,4,ouvré,16.093
3014,2025-01-26 02:00:00,Salle_Serveur,19.83,-0.38,47.2,0,weekend,49.087
9251,2025-03-19 02:00:00,bureau_nord,19.73,2.28,41.9,5,ouvré,8.867
1236,2025-01-11 07:00:00,bureau_nord,21.66,0.85,52.3,0,weekend,10.632
5098,2025-02-12 11:00:00,Atelier,20.73,5.9,50.2,3,ouvré,29.388
7347,2025-03-03 05:00:00,bureau sud,21.05,0.84,38.2,8,ouvré,12.885
3235,2025-01-27 22:00:00,accueil ,21.37,2.24,41.4,7,ouvré,8.552
9986,2025-03-25 05:00:00,bureau_nord,19.12,3.02,38.1,0,ouvré,8.928
4508,2025-02-07 13:00:00,atelier,,5.94,42.8,9,ouvré,32.518
3389,2025-01-29 05:00:00,Salle_Serveur,20.06,-0.34,43.5,0,ouvré,48.457
9222,2025-03-18 20:00:00,Bureau_Sud,22.5,4.73,44.1,0,ouvré,10.612
7590,2025-03-05 05:00:00,accueil ,19.92,-0.77,52.9,8,ouvré,9.858
5358,2025-02-14 15:00:00,Atelier,20.94,5.55,39.2,5,ouvré,30.148
844,2025-01-08 00:00:00,Salle Serveur,21.19,-0.17,48.9,0,ouvré,48.395
5002,2025-02-11 16:00:00,bureau sud,21.85,4.91,52.5,5,ouvré,15.404
7668,2025-03-05 21:00:00,Atelier,20.51,4.87,47.6,2,ouvré,12.454
3704,2025-01-31 20:00:00,Salle_Serveur,20.47,4.17,41.6,0,ouvré,46.257
6088,2025-02-20 17:00:00,atelier,21.68,6.6,,8,ouvré,23.236
7609,2025-03-05 09:00:00,Salle Serveur,22.21,3.81,40.6,0,ouvré,
5035,2025-02-11 22:00:00,accueil ,21.75,0.0,49.0,11,ouvré,10.958
1798,2025-01-15 23:00:00,Atelier,20.79,-0.69,36.0,10,ouvré,14.257
6110,2025-02-20 21:00:00,accueil ,20.51,4.31,38.8,3,ouvré,7.473
8019,2025-03-08 19:00:00,Salle Serveur,20.36,8.97,37.1,0,weekend,43.69
2905,2025-01-25 04:00:00,accueil ,21.12,-1.65,38.1,0,weekend,10.773
2717,2025-01-23 15:00:00,Bureau_Sud,21.94,4.4,53.5,9,ouvré,19.853
881,2025-01-08 08:00:00,bureau_nord,21.97,-0.05,38.8,4,ouvré,13.534
4682,2025-02-09 00:00:00,Bureau_Sud,20.4,0.05,42.4,,weekend,11.671
7497,2025-03-04 11:00:00,bureau sud,20.96,6.49,41.9,0,ouvré,17.276
9311,2025-03-19 14:00:00,BUREAU NORD,21.65,9.15,47.5,10,ouvré,16.354
7476,2025-03-04 07:00:00,Bureau_Nord,20.52,1.73,40.1,5,ouvré,13.011
4932,2025-02-11 02:00:00,bureau sud,21.89,-0.1,31.6,3,ouvré,12.502
7252,2025-03-02 10:00:00,Bureau_Sud,21.19,4.95,49.2,0,weekend,8.947
10600,2025-03-30 07:00:00,Accueil,21.12,5.75,,0,weekend,8.574
1049,2025-01-09 17:00:00,Salle Serveur,22.11,6.21,45.8,0,ouvré,45.251
7449,2025-03-04 01:00:00,Salle Serveur,20.84,2.14,,0,ouvré,48.292
7183,2025-03-01 20:00:00,Atelier,19.83,5.62,42.6,0,,11.14
212,2025-01-02 18:00:00,bureau sud,21.77,2.76,37.0,10,ouvré,13.575
1016,2025-01-09 11:00:00,Bureau_Nord,20.83,4.29,47.2,17,ouvré,18.612
5451,2025-02-15 10:00:00,Bureau_Nord,19.94,4.19,37.0,0,weekend,9.173
3730,2025-02-01 01:00:00,accueil ,20.58,-4.19,,0,weekend,12.944
2164,2025-01-19 00:00:00,Salle_Serveur,20.79,-2.5,42.5,,weekend,48.456
6057,2025-02-20 11:00:00,bureau sud,23.24,5.94,57.7,7,ouvré,18.845
10071,2025-03-25 22:00:00,bureau_nord,21.44,5.69,51.2,1,ouvré,7.786
5830,2025-02-18 13:00:00,Accueil,21.23,7.13,46.0,,ouvré,12.828
8222,2025-03-10 12:00:00,bureau sud,19.59,9.08,42.7,7,ouvré,17.871
7962,2025-03-08 08:00:00,Bureau_Sud,21.52,4.48,42.4,0,weekend,10.618
3776,2025-02-01 11:00:00,bureau_nord,21.85,6.36,34.4,0,weekend,8.792
2727,2025-01-23 17:00:00,bureau sud,21.55,3.29,,11,ouvré,15.187
10582,2025-03-30 04:00:00,bureau sud,21.03,3.71,36.3,0,weekend,9.109
3823,2025-02-01 20:00:00,Atelier,20.87,4.08,38.6,0,weekend,13.97
7468,2025-03-04 05:00:00,Atelier,21.72,1.35,52.3,,ouvré,13.852
8792,2025-03-15 06:00:00,bureau sud,21.76,1.3,38.0,0,weekend,12.357
6647,2025-02-25 09:00:00,bureau sud,19.23,4.77,,12,ouvré,15.124
7502,2025-03-04 12:00:00,bureau sud,21.2,6.98,47.5,8,ouvré,17.567
1614,2025-01-14 10:00:00,Salle Serveur,21.25,3.49,42.7,0,ouvré,45.888
4403,2025-02-06 16:00:00,atelier,19.06,6.56,42.3,8,ouvré,25.858
3293,2025-01-28 10:00:00,atelier,21.08,2.36,47.1,,ouvré,28.687
4331,2025-02-06 02:00:00,BUREAU NORD,20.6,-2.85,55.0,14,ouvré,13.443
5094,2025-02-12 10:00:00,Salle_Serveur,20.54,1.7,47.7,0,ouvré,47.877
856,2025-01-08 03:00:00,Bureau_Nord,21.86,-2.74,,2,ouvré,12.23
3660,2025-01-31 11:00:00,accueil ,21.26,3.44,45.1,14,ouvré,15.463
3041,2025-01-26 08:00:00,BUREAU NORD,21.63,1.87,40.8,0,weekend,8.956
5723,2025-02-17 16:00:00,Atelier,19.92,5.37,47.4,10,ouvré,27.82
3541,2025-01-30 12:00:00,BUREAU NORD,19.36,4.79,38.9,6,ouvré,18.119
9920,2025-03-24 15:00:00,accueil ,20.77,10.15,47.5,,ouvré,10.993
1720,2025-01-15 07:00:00,Accueil,20.25,0.31,40.6,5,ouvré,9.936
10393,2025-03-28 14:00:00,Atelier,18.4,9.79,43.1,9,ouvré,29.465
4753,2025-02-09 14:00:00,Atelier,19.28,7.07,46.7,0,weekend,12.967
3400,2025-01-29 07:00:00,accueil ,22.15,0.35,47.6,4,ouvré,11.476
9190,2025-03-18 13:00:00,Accueil,21.36,9.77,49.6,8,ouvré,12.876
1149,2025-01-10 13:00:00,Salle_Serveur,21.35,6.77,36.3,0,ouvré,44.853
4411,2025-02-06 18:00:00,bureau_nord,20.09,5.08,,4,ouvré,10.106
6122,2025-02-21 00:00:00,bureau sud,20.72,-0.92,56.4,10,ouvré,10.294
9213,2025-03-18 18:00:00,Atelier,20.1,9.59,43.1,7,ouvré,18.942
2217,2025-01-19 11:00:00,bureau sud,21.58,5.58,42.9,0,weekend,9.868
902,2025-01-08 12:00:00,bureau sud,22.53,5.37,42.2,9,ouvré,19.189
1586,2025-01-14 05:00:00,BUREAU NORD,19.13,-1.39,56.5,10,ouvré,12.624
6353,2025-02-22 22:00:00,atelier,21.16,3.49,49.8,0,weekend,13.076
2915,2025-01-25 06:00:00,accueil ,21.69,0.43,48.8,0,weekend,10.038
4478,2025-02-07 07:00:00,atelier,20.99,-0.1,40.9,7,ouvré,19.232
5377,2025-02-14 19:00:00,bureau sud,19.45,4.6,48.2,6,ouvré,11.76
5641,2025-02-17 00:00:00,Bureau_Nord,19.77,0.58,49.0,,ouvré,10.149
4122,2025-02-04 08:00:00,Bureau_Sud,21.3,2.9,39.7,7,ouvré,13.327
5507,2025-02-15 21:00:00,bureau sud,20.31,5.68,54.8,0,weekend,8.655
7628,2025-03-05 13:00:00,Atelier,20.83,8.68,41.8,5,ouvré,32.967
9629,2025-03-22 05:00:00,Salle Serveur,20.22,2.22,,0,weekend,48.54
3604,2025-01-31 00:00:00,Salle_Serveur,20.63,-0.87,42.8,0,ouvré,47.686
3592,2025-01-30 22:00:00,Bureau_Sud,22.1,-0.97,39.6,6,ouvré,12.151
9393,2025-03-20 06:00:00,atelier,19.87,4.61,49.6,4,ouvré,15.174
753,2025-01-07 06:00:00,atelier,20.16,-1.21,,0,ouvré,17.241
4471,2025-02-07 06:00:00,Bureau_Nord,19.94,-0.01,,8,ouvré,13.044
7656,2025-03-05 19:00:00,bureau_nord,19.91,7.69,,10,ouvré,9.988
4873,2025-02-10 14:00:00,atelier,21.16,7.05,44.0,4,ouvré,510.528
379,2025-01-04 03:00:00,Salle_Serveur,20.87,-1.25,39.1,0,weekend,49.267
8173,2025-03-10 02:00:00,atelier,20.61,4.28,,0,ouvré,11.372
9102,2025-03-17 20:00:00,bureau sud,21.78,6.62,38.3,0,ouvré,9.671
5847,2025-02-18 17:00:00,Bureau_Sud,20.84,6.81,37.9,10,ouvré,14.23
1350,2025-01-12 05:00:00,Accueil,20.58,1.25,52.0,0,weekend,10.502
7644,2025-03-05 16:00:00,Salle_Serveur,20.96,11.09,42.1,,ouvré,44.047
6156,2025-02-21 07:00:00,BUREAU NORD,21.82,0.9,37.9,9,ouvré,10.697
5331,2025-02-14 10:00:00,BUREAU NORD,21.22,4.61,47.7,9,ouvré,15.332
9673,2025-03-22 14:00:00,atelier,21.79,11.23,46.9,0,weekend,8.082
10599,2025-03-30 07:00:00,Salle_Serveur,21.17,5.75,47.2,0,weekend,46.851
9060,2025-03-17 11:00:00,accueil ,21.58,7.59,56.7,8,ouvré,12.425
8208,2025-03-10 09:00:00,atelier,21.94,4.28,54.8,7,ouvré,22.807
719,2025-01-06 23:00:00,Salle Serveur,20.64,2.79,45.6,0,ouvré,47.072
152,2025-01-02 06:00:00,Bureau_Sud,19.8,0.38,37.8,6,ouvré,14.769
9420,2025-03-20 11:00:00,accueil ,20.29,7.81,57.7,7,ouvré,12.15
4811,2025-02-10 02:00:00,bureau_nord,20.39,-1.56,45.1,2,ouvré,11.985
3046,2025-01-26 09:00:00,bureau_nord,19.94,3.7,40.6,0,weekend,11.903
263,2025-01-03 04:00:00,Atelier,20.06,-3.23,40.3,8,ouvré,15.335
9506,2025-03-21 05:00:00,bureau_nord,22.0,4.83,49.9,6,ouvré,857.573
6143,2025-02-21 04:00:00,atelier,20.45,-1.9,48.9,3,ouvré,15.185
7584,2025-03-05 04:00:00,Salle Serveur,20.77,-0.68,43.1,0,ouvré,47.646
4490,2025-02-07 09:00:00,accueil ,20.54,2.63,39.2,3,ouvré,11.772
5750,2025-02-17 21:00:00,accueil ,21.33,3.29,42.7,4,ouvré,9.731
3881,2025-02-02 08:00:00,BUREAU NORD,20.12,1.72,44.2,0,weekend,10.345
7216,2025-03-02 03:00:00,BUREAU NORD,21.7,-0.51,42.3,0,weekend,11.433
7895,2025-03-07 18:00:00,accueil ,20.86,8.49,40.9,5,ouvré,9.981
4262,2025-02-05 12:00:00,bureau sud,20.49,6.22,39.2,6,ouvré,18.841
8057,2025-03-09 03:00:00,Bureau_Sud,21.52,2.61,46.6,0,weekend,10.552
7325,2025-03-03 00:00:00,accueil ,21.28,0.12,39.7,7,ouvré,8.116
687,2025-01-06 17:00:00,bureau sud,22.47,3.84,44.6,4,ouvré,16.411
1705,2025-01-15 04:00:00,Accueil,20.42,-1.88,49.4,10,ouvré,10.436
1387,2025-01-12 13:00:00,Bureau_Sud,20.38,7.82,48.9,0,weekend,6.734
1701,2025-01-15 04:00:00,Bureau_Nord,20.89,-1.88,43.8,2,ouvré,10.601
9540,2025-03-21 11:00:00,accueil ,22.4,7.82,41.2,7,ouvré,12.657
1247,2025-01-11 09:00:00,Bureau_Sud,20.67,0.61,43.8,0,weekend,11.192
2621,2025-01-22 20:00:00,bureau_nord,20.19,4.23,49.7,12,ouvré,10.745
8877,2025-03-15 23:00:00,Bureau_Sud,21.55,4.16,46.7,0,weekend,10.118
8882,2025-03-16 00:00:00,bureau sud,20.63,4.99,44.2,0,weekend,9.607
1003,2025-01-09 08:00:00,Atelier,20.95,1.48,51.0,10,ouvré,22.108
399,2025-01-04 07:00:00,Salle Serveur,21.7,0.34,46.6,0,weekend,47.399
1018,2025-01-09 11:00:00,atelier,22.3,4.29,42.9,7,ouvré,31.163
3205,2025-01-27 16:00:00,accueil ,19.91,5.01,55.1,5,ouvré,12.794
9644,2025-03-22 08:00:00,Salle_Serveur,21.09,5.75,43.4,0,weekend,45.34
166,2025-01-02 09:00:00,BUREAU NORD,22.08,0.3,42.6,11,ouvré,14.877
6151,2025-02-21 06:00:00,Bureau_Nord,21.72,1.48,39.2,6,ouvré,12.375
1921,2025-01-17 00:00:00,BUREAU NORD,20.79,0.24,,6,ouvré,10.375
2918,2025-01-25 07:00:00,Atelier,20.74,1.88,38.6,0,weekend,13.607
4150,2025-02-04 13:00:00,Accueil,20.25,7.52,210.3,7,ouvré,13.294
6963,2025-02-28 00:00:00,atelier,21.32,1.71,,12,ouvré,12.128
8093,2025-03-09 10:00:00,Atelier,21.32,4.73,,0,weekend,13.737
1836,2025-01-16 07:00:00,Bureau_Nord,20.89,0.6,48.4,8,ouvré,12.478
6304,2025-02-22 12:00:00,Salle Serveur,20.12,6.95,46.1,0,weekend,46.497
4592,2025-02-08 06:00:00,Bureau_Sud,21.47,-0.58,47.1,0,weekend,12.202
6085,2025-02-20 16:00:00,Accueil,20.83,7.98,41.5,5,ouvré,11.704
8542,2025-03-13 04:00:00,Bureau_Sud,20.2,1.08,52.6,6,ouvré,10.704
9237,2025-03-18 23:00:00,bureau sud,,2.26,45.2,15,ouvré,10.081
10738,2025-03-31 11:00:00,Atelier,19.93,10.73,50.4,7,ouvré,29.701
6327,2025-02-22 17:00:00,Bureau_Sud,22.01,5.42,42.1,0,weekend,9.259
3568,2025-01-30 17:00:00,atelier,20.56,3.79,48.9,6,ouvré,25.522
1595,2025-01-14 06:00:00,Accueil,21.46,-3.43,44.1,6,ouvré,12.13
9625,2025-03-22 04:00:00,Accueil,22.08,2.62,58.7,,weekend,
1635,2025-01-14 14:00:00,accueil ,22.03,6.44,40.1,11,ouvré,11.869
903,2025-01-08 12:00:00,atelier,20.21,5.37,45.4,9,ouvré,32.073
8903,2025-03-16 04:00:00,Atelier,21.27,0.59,43.6,0,weekend,14.283
5945,2025-02-19 12:00:00,accueil ,21.83,6.95,43.7,4,ouvré,13.236
6175,2025-02-21 10:00:00,accueil ,20.0,4.29,45.9,9,ouvré,14.474
7020,2025-02-28 11:00:00,accueil ,21.25,4.26,43.6,6,ouvré,12.946
440,2025-01-04 15:00:00,Accueil,21.38,5.48,49.1,0,weekend,7.694
3740,2025-02-01 03:00:00,accueil ,21.11,-2.03,37.1,0,weekend,10.95
54,2025-01-01 10:00:00,Salle Serveur,20.84,2.63,269.2,0,férié,46.892
2437,2025-01-21 07:00:00,bureau sud,21.53,2.29,42.5,4,ouvré,14.094
8153,2025-03-09 22:00:00,Atelier,20.75,3.34,47.3,0,weekend,13.077
8889,2025-03-16 01:00:00,Salle_Serveur,20.62,2.86,40.4,0,weekend,45.728
7438,2025-03-03 23:00:00,atelier,20.79,1.49,50.2,,ouvré,14.171
10255,2025-03-27 10:00:00,Accueil,20.27,8.66,,15,ouvré,11.417
8402,2025-03-12 00:00:00,Bureau_Sud,20.76,3.37,44.2,10,ouvré,9.748
8444,2025-03-12 08:00:00,Salle_Serveur,21.08,3.6,52.5,0,ouvré,44.89
7505,2025-03-04 12:00:00,accueil ,19.96,6.98,47.1,9,ouvré,13.504
3811,2025-02-01 18:00:00,BUREAU NORD,20.84,4.69,43.2,0,weekend,9.534
288,2025-01-03 09:00:00,atelier,20.32,0.9,43.5,13,ouvré,26.039
6099,2025-02-20 19:00:00,Salle Serveur,22.02,7.68,45.3,0,,45.939
3474,2025-01-29 22:00:00,Salle Serveur,19.7,2.51,,0,ouvré,47.935
10560,2025-03-29 23:00:00,Accueil,20.01,4.26,44.3,0,weekend,7.336
10213,2025-03-27 02:00:00,atelier,21.01,4.17,36.0,11,ouvré,11.869
1918,2025-01-16 23:00:00,Atelier,20.22,1.4,40.4,1,ouvré,13.377
10785,2025-03-31 20:00:00,Accueil,20.7,10.75,48.3,8,ouvré,6.894
4156,2025-02-04 15:00:00,Bureau_Nord,20.25,5.62,27.4,3,ouvré,16.25
6281,2025-02-22 08:00:00,BUREAU NORD,21.06,5.74,40.1,0,weekend,8.894
98,2025-01-01 19:00:00,atelier,21.89,1.79,40.6,,férié,18.182
5279,2025-02-13 23:00:00,Salle Serveur,20.67,0.66,,0,ouvré,48.283
4790,2025-02-09 21:00:00,accueil ,21.08,3.28,34.5,0,weekend,680.337
10210,2025-03-27 01:00:00,accueil ,21.45,2.38,43.4,10,ouvré,8.006
5862,2025-02-18 20:00:00,bureau sud,20.37,5.68,44.8,8,ouvré,10.355
4287,2025-02-05 17:00:00,bureau sud,21.0,5.25,43.5,10,ouvré,13.787
3299,2025-01-28 11:00:00,Salle Serveur,20.83,4.25,39.8,,ouvré,45.866
6362,2025-02-23 00:00:00,bureau sud,21.23,0.14,43.9,0,weekend,12.27
2591,2025-01-22 14:00:00,BUREAU NORD,21.78,6.47,43.0,4,ouvré,16.468
7125,2025-03-01 08:00:00,accueil ,20.51,2.1,42.0,0,weekend,9.386
7730,2025-03-06 09:00:00,accueil ,23.86,6.25,50.1,4,ouvré,10.464
2329,2025-01-20 09:00:00,Salle_Serveur,20.56,2.43,47.5,0,ouvré,47.483
8254,2025-03-10 18:00:00,Salle Serveur,21.34,9.57,44.9,0,ouvré,44.38
896,2025-01-08 11:00:00,BUREAU NORD,20.23,3.67,38.7,3,ouvré,16.651
5274,2025-02-13 22:00:00,Salle Serveur,21.76,1.96,43.5,,ouvré,46.797
544,2025-01-05 12:00:00,Salle_Serveur,21.97,6.29,41.0,0,weekend,44.68
8227,2025-03-10 13:00:00,Bureau_Sud,21.81,9.06,,12,ouvré,18.999
4374,2025-02-06 10:00:00,Salle_Serveur,21.49,4.94,42.8,0,ouvré,46.916
5074,2025-02-12 06:00:00,Salle_Serveur,20.26,-0.6,53.6,0,ouvré,49.474
9666,2025-03-22 13:00:00,BUREAU NORD,22.45,12.35,56.8,0,weekend,6.467
4376,2025-02-06 11:00:00,Bureau_Nord,20.76,5.53,46.5,5,ouvré,15.691
6561,2025-02-24 16:00:00,bureau_nord,21.72,7.14,45.2,5,ouvré,15.221
5952,2025-02-19 14:00:00,Bureau_Sud,22.12,6.28,52.9,11,ouvré,18.959
3563,2025-01-30 16:00:00,Atelier,21.11,4.98,50.4,9,ouvré,27.916
6543,2025-02-24 12:00:00,atelier,21.26,7.95,45.6,3,ouvré,31.842
7982,2025-03-08 12:00:00,Bureau_Sud,20.76,7.73,,0,weekend,7.626
4885,2025-02-10 16:00:00,Accueil,21.05,6.18,57.5,12,ouvré,12.809
10131,2025-03-26 10:00:00,BUREAU NORD,21.05,9.16,44.8,12,ouvré,13.804
7068,2025-02-28 21:00:00,atelier,21.92,3.15,57.6,14,ouvré,13.631
7029,2025-02-28 13:00:00,Salle Serveur,21.52,8.43,49.7,0,ouvré,46.403
5541,2025-02-16 04:00:00,bureau_nord,18.74,-1.24,51.8,0,weekend,12.525
2883,2025-01-25 00:00:00,Atelier,20.97,-0.28,31.5,0,weekend,16.101
2743,2025-01-23 20:00:00,atelier,19.57,4.69,45.3,6,ouvré,15.329
5313,2025-02-14 06:00:00,Atelier,20.14,-0.54,51.2,6,ouvré,17.525
10598,2025-03-30 07:00:00,Atelier,22.34,5.75,32.1,0,weekend,11.323
8353,2025-03-11 14:00:00,Atelier,20.58,7.74,53.4,6,ouvré,30.702
95,2025-01-01 18:00:00,accueil ,,5.44,35.5,6,férié,10.291
3423,2025-01-29 12:00:00,atelier,20.71,6.88,43.5,16,ouvré,32.798
4880,2025-02-10 15:00:00,accueil ,22.08,7.23,56.5,13,ouvré,10.101
1754,2025-01-15 14:00:00,Salle Serveur,21.93,8.19,33.8,0,ouvré,45.955
10074,2025-03-25 22:00:00,Salle Serveur,22.26,5.69,49.2,0,ouvré,45.577
1441,2025-01-13 00:00:00,Bureau_Nord,19.69,-1.35,32.9,8,ouvré,11.606
117,2025-01-01 23:00:00,Bureau_Sud,20.81,1.43,40.4,17,férié,10.635
5373,2025-02-14 18:00:00,atelier,21.69,6.86,55.6,3,ouvré,19.02
786,2025-01-07 13:00:00,BUREAU NORD,21.04,5.17,37.0,7,ouvré,17.441
954,2025-01-08 22:00:00,Salle Serveur,19.96,1.26,47.5,0,ouvré,46.596
6590,2025-02-24 21:00:00,accueil ,20.84,2.77,49.8,8,ouvré,8.371
355,2025-01-03 22:00:00,Accueil,20.56,0.88,48.2,6,ouvré,10.001
3960,2025-02-02 23:00:00,Accueil,21.22,1.43,49.1,0,weekend,9.305
7017,2025-02-28 11:00:00,bureau sud,20.39,4.26,46.0,5,ouvré,18.242
8715,2025-03-14 14:00:00,Accueil,,9.62,197.3,11,ouvré,11.829
3856,2025-02-02 03:00:00,Bureau_Nord,21.32,-1.87,47.0,0,weekend,11.358
10250,2025-03-27 09:00:00,Accueil,21.53,6.96,39.0,7,,11.462
10671,2025-03-30 22:00:00,Bureau_Nord,21.74,7.28,34.2,0,weekend,851.596
481,2025-01-05 00:00:00,BUREAU NORD,22.73,-1.47,54.7,0,weekend,12.634
5938,2025-02-19 11:00:00,atelier,20.82,6.65,45.3,7,ouvré,28.789
4256,2025-02-05 11:00:00,bureau_nord,20.05,2.88,44.6,5,ouvré,18.37
3057,2025-01-26 11:00:00,bureau sud,21.35,3.98,54.9,0,weekend,8.773
7758,2025-03-06 15:00:00,atelier,21.75,10.79,48.4,3,ouvré,27.339
3473,2025-01-29 22:00:00,Atelier,21.78,2.51,44.8,5,ouvré,14.217
5784,2025-02-18 04:00:00,Salle Serveur,21.6,0.05,38.3,0,ouvré,47.529
2387,2025-01-20 21:00:00,bureau sud,20.2,3.73,36.3,8,ouvré,9.476
7511,2025-03-04 14:00:00,BUREAU NORD,22.25,9.38,45.5,0,ouvré,15.339
6119,2025-02-20 23:00:00,Salle_Serveur,20.95,4.46,38.5,0,ouvré,44.966
5186,2025-02-13 05:00:00,Bureau_Nord,19.44,-2.35,52.1,11,ouvré,11.603
2944,2025-01-25 12:00:00,Salle_Serveur,21.56,3.23,42.4,0,weekend,46.657
3883,2025-02-02 08:00:00,Atelier,21.19,1.72,42.8,0,weekend,13.465
4893,2025-02-10 18:00:00,Atelier,19.73,3.61,46.9,6,ouvré,21.69
5109,2025-02-12 13:00:00,Salle_Serveur,,6.25,46.7,0,ouvré,44.574
4152,2025-02-04 14:00:00,Bureau_Sud,20.27,5.2,47.6,10,ouvré,16.993
2247,2025-01-19 17:00:00,bureau sud,21.4,6.27,40.7,0,weekend,8.284
6964,2025-02-28 00:00:00,Salle_Serveur,22.02,1.71,46.8,0,ouvré,48.6
2823,2025-01-24 12:00:00,Atelier,21.14,5.15,,14,ouvré,32.939
8494,2025-03-12 18:00:00,Salle_Serveur,,8.1,39.0,0,ouvré,45.421
9074,2025-03-17 14:00:00,Salle Serveur,21.24,10.57,50.2,0,ouvré,44.12
6633,2025-02-25 06:00:00,atelier,19.73,1.02,,9,ouvré,15.513
4707,2025-02-09 05:00:00,Bureau_Sud,21.78,-0.05,46.0,0,weekend,11.815
1412,2025-01-12 18:00:00,Bureau_Sud,20.31,5.58,38.0,0,weekend,7.928
10070,2025-03-25 21:00:00,accueil ,21.29,6.52,49.3,4,ouvré,7.597
7358,2025-03-03 07:00:00,atelier,21.21,3.11,42.4,9,ouvré,18.349
4861,2025-02-10 12:00:00,Bureau_Nord,20.64,6.76,33.0,8,ouvré,18.53
5626,2025-02-16 21:00:00,bureau_nord,21.67,0.43,45.4,0,weekend,10.272
1980,2025-01-17 11:00:00,Accueil,21.73,4.59,38.1,10,ouvré,13.943
2658,2025-01-23 03:00:00,Atelier,20.82,-2.73,39.5,8,ouvré,14.403
5372,2025-02-14 18:00:00,bureau sud,22.08,6.86,50.8,3,ouvré,12.389
6036,2025-02-20 07:00:00,BUREAU NORD,21.97,0.56,,5,ouvré,13.232
2066,2025-01-18 05:00:00,BUREAU NORD,19.15,-2.11,45.9,0,,11.314
4414,2025-02-06 18:00:00,Salle Serveur,21.33,5.08,45.9,0,ouvré,45.895
5164,2025-02-13 00:00:00,Salle_Serveur,20.81,0.56,41.4,0,ouvré,48.103
2020,2025-01-17 19:00:00,accueil ,22.13,5.55,46.8,5,ouvré,7.991
8754,2025-03-14 22:00:00,Salle_Serveur,20.62,5.39,42.4,0,ouvré,46.199
6377,2025-02-23 03:00:00,bureau sud,20.92,-1.24,37.9,0,weekend,12.611
4438,2025-02-06 23:00:00,Atelier,21.46,0.95,39.7,12,ouvré,15.212
5192,2025-02-13 06:00:00,bureau sud,22.57,1.7,58.8,2,,11.013
3413,2025-01-29 10:00:00,atelier,20.97,5.63,48.0,4,ouvré,27.336
3074,2025-01-26 14:00:00,Salle_Serveur,20.15,6.05,50.2,0,weekend,44.316
8418,2025-03-12 03:00:00,atelier,20.86,1.82,39.5,0,ouvré,13.808
2926,2025-01-25 09:00:00,Bureau_Nord,21.32,5.47,,0,weekend,9.892
10786,2025-03-31 21:00:00,BUREAU NORD,22.02,7.66,43.1,10,ouvré,6.25
9352,2025-03-19 22:00:00,Bureau_Sud,21.17,6.22,40.3,8,ouvré,9.011
883,2025-01-08 08:00:00,Atelier,21.1,-0.05,41.4,10,ouvré,21.945
1559,2025-01-13 23:00:00,Salle Serveur,21.01,-1.22,36.4,0,ouvré,844.52
9285,2025-03-19 08:00:00,accueil ,20.08,4.87,50.0,13,,10.972
1697,2025-01-15 03:00:00,Bureau_Sud,21.04,-4.43,39.0,4,ouvré,13.005
4840,2025-02-10 07:00:00,Accueil,19.95,1.21,53.0,15,ouvré,10.405
4431,2025-02-06 22:00:00,BUREAU NORD,21.66,-0.13,44.5,7,ouvré,
6612,2025-02-25 02:00:00,bureau sud,21.21,0.67,45.7,7,ouvré,9.951
3799,2025-02-01 15:00:00,Salle_Serveur,20.3,6.6,44.1,0,weekend,46.489
2468,2025-01-21 13:00:00,Atelier,21.77,7.98,47.2,12,ouvré,33.823
743,2025-01-07 04:00:00,Atelier,22.06,-1.91,51.1,12,ouvré,15.477
8864,2025-03-15 20:00:00,Salle Serveur,21.15,5.34,,0,weekend,45.28
6059,2025-02-20 11:00:00,Salle_Serveur,21.01,5.94,42.9,0,ouvré,45.644
5856,2025-02-18 19:00:00,Bureau_Nord,20.28,5.9,37.5,8,ouvré,10.156
6413,2025-02-23 10:00:00,Atelier,21.05,6.3,38.0,0,weekend,13.365
1253,2025-01-11 10:00:00,Atelier,21.44,1.98,58.2,0,weekend,15.902
5917,2025-02-19 07:00:00,bureau sud,21.98,0.5,34.7,8,ouvré,14.72
4810,2025-02-10 01:00:00,accueil ,21.27,-0.91,55.7,8,ouvré,12.339
9550,2025-03-21 13:00:00,Accueil,20.28,9.08,46.8,8,ouvré,12.703
3970,2025-02-03 01:00:00,Accueil,21.86,-1.7,47.5,6,ouvré,10.217
332,2025-01-03 18:00:00,bureau sud,22.36,6.84,41.1,12,ouvré,13.541
1190,2025-01-10 21:00:00,accueil ,18.88,1.78,46.6,8,ouvré,9.167
6762,2025-02-26 08:00:00,bureau sud,20.89,3.18,46.6,13,ouvré,12.976
5412,2025-02-15 02:00:00,Bureau_Sud,,-0.81,39.6,0,weekend,13.767
1522,2025-01-13 16:00:00,Bureau_Sud,21.52,4.42,44.4,8,ouvré,16.961
6420,2025-02-23 11:00:00,accueil ,20.99,5.14,40.2,0,weekend,7.657
4700,2025-02-09 03:00:00,accueil ,20.67,-0.84,31.8,0,weekend,10.22
8432,2025-03-12 06:00:00,bureau sud,20.87,3.01,47.8,0,ouvré,11.089
6955,2025-02-27 22:00:00,accueil ,21.66,4.75,44.8,10,ouvré,9.141
8391,2025-03-11 22:00:00,Bureau_Nord,21.38,6.77,39.5,1,ouvré,8.271
10440,2025-03-28 23:00:00,accueil ,20.75,5.65,50.4,8,ouvré,7.116
2822,2025-01-24 12:00:00,Bureau_Sud,20.67,5.15,,10,ouvré,20.388
8667,2025-03-14 05:00:00,bureau sud,21.18,0.43,53.3,10,ouvré,11.088
6253,2025-02-22 02:00:00,atelier,20.34,-0.38,48.6,0,weekend,14.979
9235,2025-03-18 22:00:00,accueil ,22.1,7.39,,9,ouvré,7.862
2141,2025-01-18 20:00:00,Bureau_Nord,20.62,2.71,48.1,,weekend,11.537
5356,2025-02-14 15:00:00,Bureau_Nord,20.65,5.55,41.6,13,ouvré,17.442
6331,2025-02-22 18:00:00,Bureau_Nord,20.67,7.24,39.0,0,weekend,8.403
2290,2025-01-20 01:00:00,accueil ,21.19,-1.1,53.1,8,ouvré,9.362
1462,2025-01-13 04:00:00,Bureau_Sud,20.32,-5.14,39.1,1,ouvré,13.787
8613,2025-03-13 18:00:00,atelier,21.27,4.75,46.0,3,ouvré,20.07
6433,2025-02-23 14:00:00,atelier,20.89,6.6,45.0,0,weekend,13.771
7183,2025-03-01 20:00:00,Atelier,19.83,5.62,42.6,0,,11.14
4559,2025-02-07 23:00:00,Salle Serveur,22.31,-0.58,43.1,0,ouvré,47.771
6125,2025-02-21 00:00:00,accueil ,21.76,-0.92,46.3,9,ouvré,10.709
8159,2025-03-09 23:00:00,Salle_Serveur,21.4,6.84,44.5,0,weekend,44.212
297,2025-01-03 11:00:00,bureau sud,20.21,3.51,45.0,5,ouvré,18.658
10605,2025-03-30 08:00:00,Accueil,21.96,7.9,43.5,0,weekend,6.583
7061,2025-02-28 20:00:00,Bureau_Nord,20.5,6.48,47.3,6,ouvré,8.838
7023,2025-02-28 12:00:00,atelier,21.22,6.81,41.1,13,ouvré,31.394
7203,2025-03-02 00:00:00,atelier,20.37,2.85,42.4,0,weekend,12.674
4299,2025-02-05 19:00:00,Salle Serveur,,2.7,48.8,0,ouvré,46.255
5914,2025-02-19 06:00:00,Salle_Serveur,20.83,-0.43,44.8,0,ouvré,48.279
7804,2025-03-07 00:00:00,Salle_Serveur,21.63,0.95,39.0,0,ouvré,46.967
7935,2025-03-08 02:00:00,accueil ,20.59,2.52,55.0,0,weekend,8.501
4597,2025-02-08 07:00:00,Bureau_Sud,21.43,-0.04,39.8,0,weekend,9.978
9769,2025-03-23 09:00:00,Salle_Serveur,21.19,5.68,51.1,0,weekend,45.287
3025,2025-01-26 04:00:00,accueil ,22.08,-1.33,42.4,0,weekend,11.63
5430,2025-02-15 05:00:00,Accueil,,-0.87,45.7,0,weekend,10.642
4443,2025-02-07 00:00:00,atelier,20.6,-1.06,49.4,3,ouvré,15.286
1469,2025-01-13 05:00:00,Salle_Serveur,20.9,-2.34,41.9,0,ouvré,47.43
3455,2025-01-29 18:00:00,Accueil,21.06,2.1,43.4,6,ouvré,10.848
7035,2025-02-28 14:00:00,accueil ,22.26,8.15,38.1,7,ouvré,13.409
2604,2025-01-22 16:00:00,Salle Serveur,19.63,5.62,41.7,0,ouvré,47.448
1671,2025-01-14 22:00:00,BUREAU NORD,21.08,2.09,55.4,,ouvré,9.54
1936,2025-01-17 03:00:00,bureau_nord,20.64,-1.98,46.5,9,ouvré,12.301
7485,2025-03-04 08:00:00,Accueil,21.16,4.65,44.1,7,ouvré,9.391
2880,2025-01-24 23:00:00,accueil ,20.65,-1.78,34.5,7,ouvré,10.685
4470,2025-02-07 05:00:00,Accueil,21.39,-0.21,47.3,7,ouvré,11.104
6161,2025-02-21 08:00:00,BUREAU NORD,19.64,3.94,42.6,2,ouvré,11.57
5114,2025-02-12 14:00:00,Salle_Serveur,20.7,6.71,39.8,0,ouvré,44.502
10651,2025-03-30 18:00:00,BUREAU NORD,20.01,13.9,47.2,0,weekend,5.689
5130,2025-02-12 17:00:00,accueil ,21.35,7.88,53.9,11,ouvré,9.449
4603,2025-02-08 08:00:00,Atelier,20.33,2.39,39.0,0,weekend,12.24
1256,2025-01-11 11:00:00,BUREAU NORD,21.03,2.84,35.6,0,weekend,10.215
4180,2025-02-04 19:00:00,Accueil,20.2,2.52,50.4,11,ouvré,9.213
5027,2025-02-11 21:00:00,bureau sud,21.76,3.17,41.6,5,ouvré,10.717
1325,2025-01-12 00:00:00,Accueil,21.96,0.62,60.5,,weekend,10.131
173,2025-01-02 10:00:00,atelier,21.3,3.47,52.3,4,ouvré,632.404
8899,2025-03-16 03:00:00,Salle_Serveur,22.08,0.05,39.9,0,weekend,47.565
4607,2025-02-08 09:00:00,Bureau_Sud,22.31,2.31,51.7,0,weekend,9.954
676,2025-01-06 15:00:00,Bureau_Nord,20.28,4.73,37.8,7,ouvré,17.52
6789,2025-02-26 13:00:00,Salle_Serveur,20.15,8.96,43.7,0,ouvré,42.512
1543,2025-01-13 20:00:00,Atelier,20.58,1.21,,5,ouvré,17.077
1304,2025-01-11 20:00:00,Salle Serveur,20.25,2.32,44.2,0,weekend,47.314
383,2025-01-04 04:00:00,atelier,,-2.13,36.1,,weekend,17.404
8166,2025-03-10 01:00:00,bureau_nord,20.0,2.41,39.5,4,ouvré,9.358
5067,2025-02-12 05:00:00,bureau sud,21.62,1.16,57.7,8,ouvré,10.699
1748,2025-01-15 13:00:00,atelier,21.77,3.26,34.8,10,ouvré,34.052
5978,2025-02-19 19:00:00,Atelier,20.17,6.11,38.9,8,ouvré,17.372
10702,2025-03-31 04:00:00,Bureau_Sud,20.7,3.37,41.0,1,ouvré,9.767
8335,2025-03-11 10:00:00,Accueil,20.23,8.65,40.0,11,ouvré,437.443
8404,2025-03-12 00:00:00,Salle_Serveur,22.24,3.37,38.9,0,ouvré,45.854
1770,2025-01-15 17:00:00,accueil ,20.01,6.15,48.7,9,ouvré,10.549
8701,2025-03-14 12:00:00,BUREAU NORD,20.28,8.16,53.0,6,ouvré,15.684
4690,2025-02-09 01:00:00,Accueil,20.31,-0.13,51.1,0,weekend,9.637
246,2025-01-03 01:00:00,bureau_nord,19.61,-0.94,48.4,5,ouvré,10.314
8820,2025-03-15 11:00:00,accueil ,20.96,9.23,39.9,0,weekend,5.361
851,2025-01-08 02:00:00,Bureau_Nord,20.61,-3.64,37.6,6,ouvré,11.278
7534,2025-03-04 18:00:00,Salle_Serveur,20.57,7.33,44.1,0,ouvré,44.483
9010,2025-03-17 01:00:00,accueil ,20.37,2.88,48.9,12,ouvré,8.413
10430,2025-03-28 21:00:00,accueil ,21.25,8.79,48.8,14,ouvré,5.844
6135,2025-02-21 02:00:00,Accueil,21.55,-0.16,48.5,4,ouvré,9.635
5528,2025-02-16 01:00:00,Atelier,19.87,-1.41,58.8,0,weekend,16.049
9899,2025-03-24 11:00:00,Salle Serveur,23.08,10.02,43.8,0,ouvré,44.613
8258,2025-03-10 19:00:00,atelier,21.49,4.34,39.5,13,ouvré,16.74
1022,2025-01-09 12:00:00,bureau sud,19.88,3.04,35.9,8,ouvré,22.721
1478,2025-01-13 07:00:00,atelier,20.77,0.39,42.0,7,ouvré,
4192,2025-02-04 22:00:00,bureau sud,21.42,1.32,40.6,7,ouvré,11.332
9306,2025-03-19 13:00:00,Bureau_Nord,21.02,10.85,42.6,4,ouvré,15.262
3846,2025-02-02 01:00:00,bureau_nord,19.88,-3.36,41.2,0,weekend,13.059
3445,2025-01-29 16:00:00,accueil ,21.42,5.94,49.4,12,ouvré,11.794
1693,2025-01-15 02:00:00,Atelier,22.58,-3.19,50.5,13,ouvré,587.146
8526,2025-03-13 01:00:00,Bureau_Nord,22.04,0.9,36.3,7,ouvré,9.52
4036,2025-02-03 15:00:00,BUREAU NORD,20.51,9.15,50.5,9,ouvré,14.634
5376,2025-02-14 19:00:00,bureau_nord,20.54,4.6,48.1,8,ouvré,9.845
1015,2025-01-09 10:00:00,accueil ,20.77,5.53,50.2,9,ouvré,11.88
8964,2025-03-16 16:00:00,Salle Serveur,20.79,10.95,44.5,0,weekend,41.842
6691,2025-02-25 18:00:00,Bureau_Nord,21.23,7.6,38.6,,ouvré,10.87
9019,2025-03-17 03:00:00,Salle Serveur,20.91,-0.05,32.1,0,ouvré,47.404
7442,2025-03-04 00:00:00,bureau sud,21.4,2.93,40.0,12,ouvré,8.073
3503,2025-01-30 04:00:00,Atelier,20.59,-0.92,33.3,11,ouvré,468.872
5897,2025-02-19 03:00:00,Bureau_Sud,21.17,0.34,,4,ouvré,11.19
7663,2025-03-05 20:00:00,Atelier,20.23,6.78,,6,ouvré,13.704
6747,2025-02-26 05:00:00,bureau sud,22.16,0.06,46.7,11,ouvré,697.988
1555,2025-01-13 22:00:00,accueil ,21.77,1.18,54.0,4,ouvré,7.945
6071,2025-02-20 14:00:00,BUREAU NORD,22.23,8.13,45.4,9,ouvré,16.605
1927,2025-01-17 01:00:00,bureau sud,19.41,-0.94,48.9,10,ouvré,11.188
8191,2025-03-10 06:00:00,bureau_nord,19.9,3.84,52.4,11,ouvré,10.207
8986,2025-03-16 21:00:00,BUREAU NORD,20.86,6.44,45.8,0,weekend,7.732
4325,2025-02-06 00:00:00,accueil ,-999,0.09,,8,ouvré,8.963
2583,2025-01-22 12:00:00,atelier,20.03,6.04,48.1,7,ouvré,
7385,2025-03-03 12:00:00,Accueil,21.73,9.28,,5,ouvré,12.88
1212,2025-01-11 02:00:00,bureau sud,22.86,-1.21,51.1,0,weekend,12.159
8813,2025-03-15 10:00:00,Atelier,21.59,5.42,42.8,0,weekend,13.309
9043,2025-03-17 08:00:00,Atelier,21.27,5.56,39.7,11,ouvré,19.166
1926,2025-01-17 01:00:00,Bureau_Nord,20.07,-0.94,48.3,4,ouvré,11.867
6967,2025-02-28 01:00:00,bureau sud,20.81,0.95,45.1,7,ouvré,10.141
2124,2025-01-18 16:00:00,Salle Serveur,21.43,7.86,44.8,0,weekend,45.914
583,2025-01-05 20:00:00,Atelier,21.03,1.98,36.8,0,weekend,13.879
2795,2025-01-24 06:00:00,accueil ,21.2,-1.43,50.1,4,ouvré,11.586
4174,2025-02-04 18:00:00,Salle_Serveur,20.35,4.85,42.3,0,ouvré,45.997
9919,2025-03-24 15:00:00,Salle_Serveur,19.65,10.15,41.6,0,ouvré,43.313
1027,2025-01-09 13:00:00,Bureau_Sud,21.91,4.31,23.8,4,ouvré,20.578
2095,2025-01-18 10:00:00,accueil ,20.83,1.72,42.8,0,weekend,8.852
8881,2025-03-16 00:00:00,Bureau_Nord,19.12,4.99,46.2,0,weekend,-15.786
8398,2025-03-11 23:00:00,atelier,21.49,4.5,49.5,6,ouvré,12.458
6807,2025-02-26 17:00:00,bureau sud,22.57,7.55,50.8,8,ouvré,14.836
1108,2025-01-10 05:00:00,Atelier,21.35,-1.48,,13,ouvré,15.781
5145,2025-02-12 20:00:00,Accueil,21.05,4.3,45.1,6,ouvré,8.906
9844,2025-03-24 00:00:00,Salle Serveur,21.12,3.74,46.5,0,ouvré,46.111
9228,2025-03-18 21:00:00,atelier,21.38,6.96,52.2,0,ouvré,12.397
2085,2025-01-18 08:00:00,accueil ,19.13,1.51,55.3,0,weekend,9.409
4199,2025-02-04 23:00:00,Salle Serveur,20.91,1.32,37.7,0,ouvré,46.52
192,2025-01-02 14:00:00,bureau sud,21.39,6.33,49.3,11,ouvré,18.118
8466,2025-03-12 13:00:00,bureau_nord,19.23,9.31,48.3,10,ouvré,16.768
1584,2025-01-14 04:00:00,Salle_Serveur,21.04,-1.06,50.0,0,ouvré,48.781
653,2025-01-06 10:00:00,Atelier,20.27,4.33,52.3,12,ouvré,
4898,2025-02-10 19:00:00,Atelier,,7.29,42.8,6,ouvré,15.271
6573,2025-02-24 18:00:00,Atelier,21.01,6.02,47.7,4,ouvré,19.551
10108,2025-03-26 05:00:00,atelier,21.64,5.46,46.1,6,ouvré,13.489
3157,2025-01-27 07:00:00,bureau sud,21.02,-1.67,48.0,,ouvré,14.348
4058,2025-02-03 19:00:00,Atelier,20.51,3.33,40.6,18,ouvré,-37.049
1582,2025-01-14 04:00:00,Bureau_Sud,21.36,-1.06,53.3,6,ouvré,406.072
51,2025-01-01 10:00:00,bureau_nord,20.98,2.63,43.7,9,férié,16.134
5293,2025-02-14 02:00:00,atelier,21.27,-1.46,44.1,9,ouvré,14.867
2765,2025-01-24 00:00:00,accueil ,,-0.68,42.1,1,ouvré,10.053
1036,2025-01-09 15:00:00,Bureau_Nord,21.39,8.57,40.4,4,ouvré,15.66
9194,2025-03-18 14:00:00,Salle_Serveur,20.24,9.5,41.0,,ouvré,45.095
258,2025-01-03 03:00:00,Atelier,20.14,-0.96,34.6,4,ouvré,13.791
9100,2025-03-17 19:00:00,Accueil,,7.1,39.6,15,ouvré,8.814
4586,2025-02-08 05:00:00,bureau_nord,21.28,-0.48,,0,weekend,12.883
2524,2025-01-22 00:00:00,Salle Serveur,20.44,-1.04,57.3,0,ouvré,46.605
4836,2025-02-10 07:00:00,bureau_nord,21.68,1.21,38.1,7,ouvré,
4507,2025-02-07 13:00:00,bureau sud,21.5,5.94,41.9,3,ouvré,19.634
6715,2025-02-25 22:00:00,accueil ,20.33,2.72,37.0,11,,7.043
843,2025-01-08 00:00:00,Atelier,22.75,-0.17,48.7,0,ouvré,12.611
2432,2025-01-21 06:00:00,Bureau_Sud,21.44,2.3,42.1,7,ouvré,12.34
10226,2025-03-27 05:00:00,Bureau_Nord,20.58,3.56,39.3,18,ouvré,10.409
6053,2025-02-20 10:00:00,Atelier,20.34,5.25,39.9,8,ouvré,26.324
3782,2025-02-01 12:00:00,Bureau_Sud,20.49,5.05,44.0,0,weekend,7.876
9265,2025-03-19 04:00:00,Accueil,20.44,1.91,45.6,1,ouvré,9.288
4887,2025-02-10 17:00:00,Bureau_Sud,20.57,6.68,44.9,4,ouvré,14.901
10358,2025-03-28 07:00:00,Atelier,20.41,7.89,34.7,6,ouvré,15.549
2939,2025-01-25 11:00:00,Salle_Serveur,20.94,4.57,41.9,0,weekend,45.916
3637,2025-01-31 07:00:00,bureau sud,22.19,-0.17,45.4,8,ouvré,14.923
4829,2025-02-10 05:00:00,Salle Serveur,20.18,-1.82,38.5,0,ouvré,47.637
4143,2025-02-04 12:00:00,atelier,21.48,4.49,41.1,6,ouvré,31.727
1309,2025-01-11 21:00:00,Salle_Serveur,20.0,0.47,46.7,,weekend,46.693
5028,2025-02-11 21:00:00,atelier,21.13,3.17,44.0,5,ouvré,13.269
319,2025-01-03 15:00:00,Salle Serveur,,5.2,44.5,0,ouvré,46.6
3165,2025-01-27 08:00:00,Accueil,21.07,2.04,53.4,5,ouvré,10.804
9154,2025-03-18 06:00:00,Salle_Serveur,22.77,3.63,50.6,0,ouvré,46.423
9637,2025-03-22 07:00:00,Bureau_Sud,22.55,2.57,54.3,0,weekend,9.933
8490,2025-03-12 17:00:00,accueil ,21.05,9.0,38.4,12,ouvré,9.199
5222,2025-02-13 12:00:00,Bureau_Sud,21.83,4.26,48.4,10,ouvré,19.598
5931,2025-02-19 10:00:00,Bureau_Nord,21.63,5.53,55.7,0,ouvré,
1740,2025-01-15 11:00:00,Accueil,21.53,3.61,47.1,12,ouvré,14.217
1968,2025-01-17 09:00:00,atelier,20.51,2.21,45.1,9,ouvré,26.038
662,2025-01-06 12:00:00,bureau sud,21.08,5.6,50.1,12,ouvré,19.07
7704,2025-03-06 04:00:00,Salle Serveur,21.18,-0.33,49.6,0,ouvré,48.073
5474,2025-02-15 14:00:00,Salle_Serveur,21.5,6.0,43.0,0,weekend,45.53
1311,2025-01-11 22:00:00,Bureau_Nord,22.44,0.87,43.0,0,weekend,10.238
10314,2025-03-27 22:00:00,Salle Serveur,22.38,5.7,42.1,0,ouvré,44.378
6927,2025-02-27 17:00:00,bureau sud,21.2,9.08,38.8,1,ouvré,12.179
8430,2025-03-12 05:00:00,Accueil,19.73,2.21,36.2,16,ouvré,9.582
8423,2025-03-12 04:00:00,Atelier,21.43,-1.04,42.3,8,ouvré,16.048
6853,2025-02-27 02:00:00,atelier,18.47,-0.0,53.2,13,ouvré,14.619
4306,2025-02-05 21:00:00,Bureau_Nord,22.2,1.52,53.3,,ouvré,9.28
799,2025-01-07 15:00:00,Salle Serveur,20.84,6.03,41.8,0,ouvré,44.72
3172,2025-01-27 10:00:00,Bureau_Sud,20.11,2.42,42.0,5,ouvré,16.362
6345,2025-02-22 20:00:00,Accueil,22.0,3.26,63.1,0,weekend,7.714
7701,2025-03-06 04:00:00,Bureau_Nord,21.34,-0.33,47.3,10,ouvré,10.591
538,2025-01-05 11:00:00,atelier,21.03,3.07,52.3,0,weekend,11.273
2781,2025-01-24 04:00:00,Bureau_Nord,20.94,-3.02,43.3,19,ouvré,11.561
5826,2025-02-18 13:00:00,bureau_nord,19.3,7.13,46.1,7,ouvré,17.081
613,2025-01-06 02:00:00,atelier,20.72,-3.24,47.2,11,ouvré,15.742
3153,2025-01-27 06:00:00,Atelier,21.12,-0.06,37.1,1,ouvré,18.074
9963,2025-03-25 00:00:00,Atelier,21.25,4.09,41.8,12,ouvré,11.669
7532,2025-03-04 18:00:00,bureau sud,,7.33,43.7,13,ouvré,10.544
6902,2025-02-27 12:00:00,bureau sud,21.27,8.63,,0,ouvré,16.831
1862,2025-01-16 12:00:00,Bureau_Sud,22.15,2.91,38.6,12,ouvré,19.666
9889,2025-03-24 09:00:00,Salle Serveur,21.67,7.6,48.3,0,ouvré,45.028
2975,2025-01-25 18:00:00,Accueil,21.57,4.89,48.5,0,weekend,7.241
5044,2025-02-12 00:00:00,Salle Serveur,21.19,1.28,40.5,0,ouvré,48.406
8138,2025-03-09 19:00:00,atelier,20.53,7.97,40.5,0,weekend,11.319
5026,2025-02-11 21:00:00,bureau_nord,21.42,3.17,48.4,6,ouvré,8.358
588,2025-01-05 21:00:00,Atelier,20.42,-0.56,35.4,0,weekend,
4534,2025-02-07 18:00:00,Salle_Serveur,20.81,6.93,40.8,0,ouvré,46.0
6525,2025-02-24 08:00:00,accueil ,22.28,4.4,38.2,9,ouvré,9.879
6498,2025-02-24 03:00:00,Atelier,21.54,-1.74,46.3,6,ouvré,16.479
10241,2025-03-27 08:00:00,Bureau_Nord,20.77,4.7,41.6,6,ouvré,11.686
6641,2025-02-25 08:00:00,bureau_nord,21.55,4.84,36.7,7,ouvré,11.762
7569,2025-03-05 01:00:00,Salle Serveur,21.25,2.09,54.1,0,ouvré,48.707
10368,2025-03-28 09:00:00,atelier,19.86,8.54,42.5,6,ouvré,22.514
8733,2025-03-14 18:00:00,atelier,20.22,9.23,37.3,2,ouvré,16.803
7712,2025-03-06 06:00:00,Bureau_Sud,21.35,2.86,47.3,8,ouvré,12.33
2657,2025-01-23 03:00:00,bureau sud,20.91,-2.73,51.5,9,ouvré,10.798
3531,2025-01-30 10:00:00,bureau_nord,21.93,2.61,46.4,10,ouvré,15.99
8915,2025-03-16 06:00:00,accueil ,22.73,2.04,49.9,0,weekend,11.294
8939,2025-03-16 11:00:00,Salle_Serveur,21.7,9.77,45.8,0,weekend,44.565
7393,2025-03-03 14:00:00,atelier,21.38,7.26,32.4,10,ouvré,32.815
1661,2025-01-14 20:00:00,BUREAU NORD,21.17,1.26,,8,ouvré,11.392
5006,2025-02-11 17:00:00,BUREAU NORD,19.63,7.65,,8,ouvré,11.298
4956,2025-02-11 07:00:00,BUREAU NORD,21.9,-0.42,54.8,9,ouvré,12.15
3079,2025-01-26 15:00:00,Salle_Serveur,21.19,7.32,41.8,0,weekend,
5212,2025-02-13 10:00:00,Bureau_Sud,19.95,3.82,42.7,6,ouvré,17.103
4157,2025-02-04 15:00:00,Bureau_Sud,21.56,5.62,51.6,9,ouvré,17.4
5857,2025-02-18 19:00:00,bureau sud,21.34,5.9,42.8,9,ouvré,10.501
7497,2025-03-04 11:00:00,bureau sud,20.96,6.49,41.9,0,ouvré,17.276
9071,2025-03-17 14:00:00,Bureau_Nord,21.59,10.57,32.1,10,ouvré,15.281
8075,2025-03-09 06:00:00,Accueil,21.6,3.22,60.7,0,weekend,8.537
287,2025-01-03 09:00:00,Bureau_Sud,20.97,0.9,47.5,4,ouvré,16.984
521,2025-01-05 08:00:00,Bureau_Nord,21.88,2.15,41.0,0,weekend,9.504
228,2025-01-02 21:00:00,atelier,21.77,2.84,46.7,7,ouvré,14.267
6564,2025-02-24 16:00:00,Salle_Serveur,20.09,7.14,,0,ouvré,46.076
3097,2025-01-26 19:00:00,bureau sud,21.34,3.66,43.0,0,weekend,10.582
3511,2025-01-30 06:00:00,Bureau_Nord,19.74,-2.4,,4,ouvré,12.393
2300,2025-01-20 03:00:00,Accueil,21.38,-2.48,47.4,2,ouvré,11.651
9424,2025-03-20 12:00:00,Salle Serveur,21.25,9.31,43.9,0,ouvré,45.095
9555,2025-03-21 14:00:00,accueil ,21.11,12.42,48.6,6,ouvré,11.285
8134,2025-03-09 18:00:00,Salle Serveur,19.84,7.54,44.7,0,weekend,45.527
9809,2025-03-23 17:00:00,Salle_Serveur,21.75,10.65,41.0,0,weekend,42.829
4094,2025-02-04 02:00:00,Salle_Serveur,22.38,-1.28,46.4,0,ouvré,49.607
4416,2025-02-06 19:00:00,bureau_nord,21.28,6.62,,11,ouvré,13.039
5432,2025-02-15 06:00:00,bureau sud,20.51,0.07,49.4,0,weekend,11.446
5827,2025-02-18 13:00:00,Bureau_Sud,20.24,7.13,37.2,15,ouvré,19.461
2815,2025-01-24 10:00:00,Accueil,21.3,2.88,52.3,2,ouvré,12.28
5746,2025-02-17 21:00:00,BUREAU NORD,20.92,3.29,35.1,7,ouvré,8.674
1963,2025-01-17 08:00:00,atelier,21.24,1.42,,10,ouvré,21.946
10546,2025-03-29 21:00:00,bureau_nord,20.39,6.84,47.4,0,weekend,7.85
2014,2025-01-17 18:00:00,Salle Serveur,19.61,4.84,49.0,0,ouvré,46.713
2729,2025-01-23 17:00:00,Salle_Serveur,21.22,3.29,51.1,0,ouvré,46.071
9065,2025-03-17 12:00:00,accueil ,20.1,8.64,37.1,3,ouvré,11.587
4646,2025-02-08 17:00:00,bureau_nord,19.71,5.39,47.1,0,weekend,6.543
7147,2025-03-01 13:00:00,bureau sud,19.75,7.33,,0,weekend,7.649
3048,2025-01-26 09:00:00,atelier,21.47,3.7,49.1,0,weekend,14.898
8786,2025-03-15 05:00:00,bureau_nord,20.47,3.36,50.9,0,weekend,10.65
6106,2025-02-20 21:00:00,Bureau_Nord,20.29,4.31,47.7,9,ouvré,8.245
6811,2025-02-26 18:00:00,bureau_nord,21.1,7.78,36.9,13,ouvré,10.826
2488,2025-01-21 17:00:00,atelier,20.91,4.38,43.8,7,ouvré,23.753
7689,2025-03-06 01:00:00,Salle Serveur,21.95,1.88,33.0,0,ouvré,46.207
6979,2025-02-28 03:00:00,Salle_Serveur,21.53,2.86,43.2,0,ouvré,48.504
1869,2025-01-16 13:00:00,Salle_Serveur,21.66,4.49,49.3,0,ouvré,45.467
6393,2025-02-23 06:00:00,Atelier,21.63,0.32,44.2,,weekend,
6651,2025-02-25 10:00:00,Bureau_Nord,20.79,5.49,39.9,7,ouvré,14.767
10490,2025-03-29 09:00:00,Accueil,19.62,5.4,47.2,0,,7.124
1711,2025-01-15 06:00:00,bureau_nord,21.39,-1.01,40.7,13,,13.137
3343,2025-01-28 20:00:00,Atelier,19.72,3.04,,4,ouvré,15.051
9076,2025-03-17 15:00:00,bureau_nord,21.3,10.84,45.0,9,ouvré,14.477
751,2025-01-07 06:00:00,BUREAU NORD,23.04,-1.21,51.5,7,ouvré,13.124
10247,2025-03-27 09:00:00,bureau sud,21.15,6.96,,2,ouvré,14.343
9133,2025-03-18 02:00:00,Atelier,21.1,1.17,51.3,8,ouvré,13.132
5306,2025-02-14 05:00:00,bureau_nord,20.72,-0.66,51.4,7,ouvré,13.248
1793,2025-01-15 22:00:00,Atelier,22.21,0.57,42.2,,ouvré,14.933
7235,2025-03-02 06:00:00,Accueil,19.89,1.99,48.6,0,weekend,8.047
6968,2025-02-28 01:00:00,atelier,20.61,0.95,44.9,0,ouvré,14.193
3790,2025-02-01 13:00:00,accueil ,21.91,7.86,50.2,0,weekend,5.846
8816,2025-03-15 11:00:00,Bureau_Nord,19.62,9.23,44.5,0,weekend,6.584
2581,2025-01-22 12:00:00,bureau_nord,20.82,6.04,44.8,10,ouvré,16.96
4435,2025-02-06 22:00:00,accueil ,21.5,-0.13,38.2,2,ouvré,9.955
5408,2025-02-15 01:00:00,atelier,21.53,-3.32,,,weekend,17.038
7743,2025-03-06 12:00:00,atelier,20.45,7.26,,13,ouvré,31.076
555,2025-01-05 14:00:00,accueil ,21.43,5.4,,0,weekend,7.705
222,2025-01-02 20:00:00,Bureau_Sud,20.25,2.93,53.9,10,ouvré,11.671
7634,2025-03-05 14:00:00,Salle_Serveur,20.4,8.98,42.5,0,ouvré,44.407
3888,2025-02-02 09:00:00,Atelier,21.28,1.25,40.0,0,weekend,14.04
6339,2025-02-22 19:00:00,Salle_Serveur,21.42,3.65,58.5,0,weekend,46.108
10572,2025-03-30 02:00:00,Bureau_Sud,21.72,3.93,61.5,0,weekend,9.244
7012,2025-02-28 10:00:00,bureau sud,,5.75,46.9,6,ouvré,15.758
10481,2025-03-29 08:00:00,BUREAU NORD,22.02,4.75,51.8,0,weekend,7.445
493,2025-01-05 02:00:00,atelier,21.16,-1.71,36.6,0,weekend,15.647
485,2025-01-05 00:00:00,Accueil,20.63,-1.47,39.6,0,weekend,9.677
3433,2025-01-29 14:00:00,Atelier,22.01,5.96,39.9,3,ouvré,768.694
4205,2025-02-05 00:00:00,accueil ,21.32,1.11,51.1,15,ouvré,
1005,2025-01-09 08:00:00,Accueil,21.14,1.48,46.9,6,ouvré,10.897
3958,2025-02-02 23:00:00,Atelier,19.65,1.43,49.2,0,weekend,16.545
760,2025-01-07 07:00:00,Accueil,21.65,0.61,37.2,6,ouvré,12.474
10709,2025-03-31 05:00:00,Salle Serveur,20.88,3.52,55.9,0,ouvré,44.814
9179,2025-03-18 11:00:00,Salle Serveur,20.18,8.24,56.7,0,ouvré,44.076
8713,2025-03-14 14:00:00,Atelier,20.98,9.62,40.3,6,ouvré,30.445
4939,2025-02-11 03:00:00,Salle_Serveur,21.93,-0.63,,0,ouvré,49.415
534,2025-01-05 10:00:00,Salle Serveur,19.8,3.11,54.4,0,weekend,47.158
3614,2025-01-31 02:00:00,Salle_Serveur,21.09,-2.31,41.0,0,ouvré,50.021
303,2025-01-03 12:00:00,atelier,20.98,4.62,46.2,5,ouvré,32.325
7557,2025-03-04 23:00:00,Bureau_Sud,19.95,3.01,36.7,0,ouvré,11.526
7439,2025-03-03 23:00:00,Salle Serveur,21.63,1.49,49.4,0,,47.392
7028,2025-02-28 13:00:00,Atelier,20.92,8.43,54.8,8,ouvré,32.303
4067,2025-02-03 21:00:00,Bureau_Sud,20.75,2.46,50.1,5,ouvré,10.364
6464,2025-02-23 20:00:00,Salle_Serveur,20.42,3.15,36.9,0,weekend,47.378
554,2025-01-05 14:00:00,Salle_Serveur,20.53,5.4,43.9,0,weekend,43.053
10701,2025-03-31 04:00:00,Bureau_Nord,21.74,3.37,58.5,5,ouvré,8.469
3186,2025-01-27 13:00:00,bureau_nord,20.56,6.97,42.8,3,ouvré,18.283
10799,2025-03-31 23:00:00,Salle Serveur,21.1,5.01,38.0,0,ouvré,45.907
553,2025-01-05 14:00:00,atelier,21.53,5.4,50.0,0,weekend,11.775
7225,2025-03-02 04:00:00,Accueil,20.94,0.5,36.8,0,weekend,12.092
9965,2025-03-25 00:00:00,Accueil,19.92,4.09,51.4,8,,8.249
2643,2025-01-23 00:00:00,atelier,21.11,-0.91,50.9,8,ouvré,
4551,2025-02-07 22:00:00,bureau_nord,20.56,2.81,44.2,0,ouvré,8.931
9725,2025-03-23 00:00:00,Accueil,21.36,4.36,40.6,0,weekend,8.847
7863,2025-03-07 12:00:00,Atelier,20.83,8.32,,8,ouvré,31.633
4011,2025-02-03 10:00:00,bureau_nord,22.17,4.19,47.2,8,ouvré,16.149
7329,2025-03-03 01:00:00,Salle_Serveur,21.33,-0.8,50.4,0,ouvré,48.496
2661,2025-01-23 04:00:00,BUREAU NORD,19.97,-1.01,52.8,6,ouvré,12.445
732,2025-01-07 02:00:00,bureau sud,20.65,-3.55,51.4,4,ouvré,14.699
7330,2025-03-03 01:00:00,Accueil,20.44,-0.8,40.1,5,ouvré,9.611
10316,2025-03-27 23:00:00,BUREAU NORD,20.9,5.86,52.4,12,ouvré,9.007
9141,2025-03-18 04:00:00,BUREAU NORD,19.73,3.18,43.1,15,ouvré,9.051
9054,2025-03-17 10:00:00,Salle Serveur,20.72,7.72,35.2,0,ouvré,45.52
2285,2025-01-20 00:00:00,Accueil,20.53,-0.06,39.5,8,ouvré,8.388
1849,2025-01-16 09:00:00,Salle_Serveur,21.75,1.85,40.7,0,ouvré,47.246
8761,2025-03-15 00:00:00,bureau_nord,20.05,1.98,46.1,0,weekend,9.836
10477,2025-03-29 07:00:00,bureau sud,21.14,4.05,40.9,0,weekend,9.305
7021,2025-02-28 12:00:00,BUREAU NORD,21.92,6.81,35.1,2,ouvré,16.278
4904,2025-02-10 20:00:00,Salle_Serveur,21.46,3.51,37.0,0,ouvré,411.179
3107,2025-01-26 21:00:00,bureau sud,21.62,1.03,51.2,,weekend,10.71
1242,2025-01-11 08:00:00,Bureau_Sud,19.28,1.54,47.5,0,weekend,11.642
8530,2025-03-13 01:00:00,Accueil,20.75,0.9,50.5,4,ouvré,8.463
3785,2025-02-01 12:00:00,Accueil,20.4,5.05,52.0,0,weekend,7.376
753,2025-01-07 06:00:00,atelier,20.16,-1.21,,0,ouvré,17.26
6739,2025-02-26 03:00:00,Salle_Serveur,21.82,-2.21,42.5,0,ouvré,48.862
147,2025-01-02 05:00:00,bureau sud,21.33,-0.76,45.6,7,ouvré,12.644
1925,2025-01-17 00:00:00,accueil ,21.13,0.24,41.1,6,ouvré,9.422
2700,2025-01-23 11:00:00,accueil ,21.83,3.64,50.9,14,ouvré,13.079
5785,2025-02-18 04:00:00,accueil ,21.51,0.05,43.3,7,,10.572
9199,2025-03-18 15:00:00,Salle_Serveur,21.29,13.1,45.0,0,ouvré,41.592
1232,2025-01-11 06:00:00,Bureau_Sud,21.42,0.64,43.3,0,weekend,11.525
9784,2025-03-23 12:00:00,Salle Serveur,20.72,8.33,35.2,0,weekend,43.89
9314,2025-03-19 14:00:00,Salle_Serveur,,9.15,48.8,0,ouvré,44.213
8745,2025-03-14 20:00:00,Accueil,22.18,5.09,52.6,7,ouvré,7.636
96,2025-01-01 19:00:00,BUREAU NORD,21.16,1.79,51.3,11,férié,12.246
10411,2025-03-28 18:00:00,BUREAU NORD,22.25,9.89,44.6,8,ouvré,11.287
5592,2025-02-16 14:00:00,Bureau_Sud,20.34,8.9,48.2,0,weekend,
3292,2025-01-28 10:00:00,Bureau_Sud,21.05,2.36,44.6,8,ouvré,17.985
9926,2025-03-24 17:00:00,BUREAU NORD,21.45,10.5,43.4,13,,10.113
4079,2025-02-03 23:00:00,Salle_Serveur,22.28,-1.05,47.8,0,ouvré,47.568
6232,2025-02-21 22:00:00,Bureau_Sud,20.77,4.47,38.5,9,ouvré,9.208
4764,2025-02-09 16:00:00,Salle Serveur,19.65,4.84,53.1,0,weekend,45.475
9262,2025-03-19 04:00:00,Bureau_Sud,21.68,1.91,44.7,11,ouvré,9.829
9293,2025-03-19 10:00:00,atelier,22.19,6.58,39.8,9,ouvré,26.553
9833,2025-03-23 22:00:00,atelier,,6.09,41.9,0,weekend,11.762
4862,2025-02-10 12:00:00,bureau sud,21.04,6.76,55.6,8,ouvré,18.35
3431,2025-01-29 14:00:00,Bureau_Nord,20.6,5.96,34.4,5,ouvré,17.385
5256,2025-02-13 19:00:00,Bureau_Nord,20.36,4.67,47.3,12,ouvré,-5.439
5180,2025-02-13 03:00:00,accueil ,21.7,0.01,39.8,5,ouvré,10.375
215,2025-01-02 18:00:00,accueil ,20.47,2.76,42.0,,ouvré,12.406
10105,2025-03-26 04:00:00,accueil ,21.96,2.8,66.3,7,ouvré,10.088
6154,2025-02-21 06:00:00,Salle Serveur,20.18,1.48,38.7,0,ouvré,47.796
9245,2025-03-19 00:00:00,accueil ,21.17,3.17,43.4,6,ouvré,9.999
3234,2025-01-27 22:00:00,Salle_Serveur,19.82,2.24,38.5,0,ouvré,47.115
7731,2025-03-06 10:00:00,bureau_nord,20.84,4.59,33.1,15,ouvré,15.479
321,2025-01-03 16:00:00,bureau_nord,21.76,5.74,41.6,,ouvré,15.06
5648,2025-02-17 01:00:00,Atelier,21.4,0.59,39.0,13,ouvré,14.838
10206,2025-03-27 01:00:00,bureau_nord,21.23,2.38,40.5,14,ouvré,9.996
1025,2025-01-09 12:00:00,Accueil,21.03,3.04,41.2,8,ouvré,13.398
2178,2025-01-19 03:00:00,Atelier,20.62,-5.38,40.7,0,weekend,17.299
9539,2025-03-21 11:00:00,Salle_Serveur,21.1,7.82,,0,ouvré,44.759
2108,2025-01-18 13:00:00,Atelier,20.42,3.39,29.6,0,weekend,15.716
7510,2025-03-04 13:00:00,accueil ,20.76,7.12,37.8,3,ouvré,12.617
4803,2025-02-10 00:00:00,atelier,21.73,0.09,42.0,9,ouvré,15.177
9931,2025-03-24 18:00:00,bureau_nord,20.94,9.27,40.6,5,ouvré,9.372
1794,2025-01-15 22:00:00,Salle Serveur,20.11,0.57,40.0,0,ouvré,48.629
9107,2025-03-17 21:00:00,bureau sud,21.46,3.95,,10,ouvré,10.913
512,2025-01-05 06:00:00,bureau sud,21.09,-0.9,,0,weekend,12.451
436,2025-01-04 15:00:00,BUREAU NORD,,5.48,61.0,0,weekend,8.289
5321,2025-02-14 08:00:00,bureau_nord,19.9,2.04,48.5,9,ouvré,11.678
3989,2025-02-03 05:00:00,Salle_Serveur,20.34,-0.49,46.4,0,ouvré,49.74
781,2025-01-07 12:00:00,Bureau_Nord,,5.32,50.9,0,ouvré,17.292
2358,2025-01-20 15:00:00,Atelier,21.4,7.17,49.0,3,ouvré,30.531
6054,2025-02-20 10:00:00,Salle Serveur,21.3,5.25,40.9,0,ouvré,46.704
10754,2025-03-31 14:00:00,Salle_Serveur,20.04,10.83,41.6,0,ouvré,44.291
862,2025-01-08 04:00:00,bureau sud,20.42,-0.99,47.8,6,ouvré,12.042
1768,2025-01-15 17:00:00,Atelier,20.71,6.15,38.2,13,ouvré,25.596
6373,2025-02-23 02:00:00,atelier,20.84,0.19,43.4,0,weekend,13.271
5839,2025-02-18 15:00:00,Salle_Serveur,20.37,6.76,37.3,0,ouvré,44.365
5123,2025-02-12 16:00:00,Atelier,20.8,3.99,39.1,9,ouvré,28.846
2534,2025-01-22 02:00:00,Salle_Serveur,20.66,0.09,47.6,0,ouvré,46.543
204,2025-01-02 16:00:00,Salle_Serveur,20.02,5.47,34.7,0,ouvré,45.207
6637,2025-02-25 07:00:00,Bureau_Sud,20.94,-1.01,40.5,3,ouvré,14.217
7314,2025-03-02 22:00:00,Salle Serveur,20.52,4.21,44.0,0,weekend,45.139
3398,2025-01-29 07:00:00,Atelier,21.47,0.35,43.8,12,ouvré,20.119
2558,2025-01-22 07:00:00,atelier,19.9,1.84,53.0,10,ouvré,19.934
9119,2025-03-17 23:00:00,Salle Serveur,20.5,3.74,51.4,0,ouvré,467.894
116,2025-01-01 23:00:00,BUREAU NORD,21.23,1.43,48.8,9,férié,9.277
9198,2025-03-18 15:00:00,Atelier,22.03,13.1,44.8,0,ouvré,26.806
5665,2025-02-17 04:00:00,accueil ,21.07,-1.05,49.3,7,ouvré,12.226
10040,2025-03-25 15:00:00,accueil ,19.96,10.81,45.6,6,ouvré,10.37
2838,2025-01-24 15:00:00,Atelier,21.43,5.14,45.2,5,ouvré,30.883
4359,2025-02-06 07:00:00,Salle Serveur,21.06,-0.46,50.8,0,ouvré,47.274
10428,2025-03-28 21:00:00,atelier,22.18,8.79,45.9,6,ouvré,11.373
1723,2025-01-15 08:00:00,atelier,20.17,1.03,44.4,13,ouvré,
10469,2025-03-29 05:00:00,Salle Serveur,21.58,4.06,43.2,0,weekend,46.274
9023,2025-03-17 04:00:00,Atelier,20.48,1.23,43.0,15,ouvré,13.174
3919,2025-02-02 15:00:00,Salle_Serveur,21.4,5.65,53.4,0,weekend,47.032
778,2025-01-07 11:00:00,Atelier,20.05,5.79,44.4,4,ouvré,30.363
1037,2025-01-09 15:00:00,bureau sud,20.28,8.57,42.4,1,ouvré,15.633
6436,2025-02-23 15:00:00,BUREAU NORD,19.98,8.15,52.6,0,weekend,7.512
2277,2025-01-19 23:00:00,bureau sud,21.14,-1.19,,0,weekend,11.196
5332,2025-02-14 10:00:00,Bureau_Sud,20.7,4.61,42.1,5,ouvré,17.222
1546,2025-01-13 21:00:00,Bureau_Nord,21.27,-0.94,39.5,1,ouvré,12.729
1880,2025-01-16 15:00:00,accueil ,22.7,7.68,46.1,12,ouvré,11.304
8803,2025-03-15 08:00:00,atelier,21.07,5.56,39.1,0,weekend,14.85
5108,2025-02-12 13:00:00,atelier,21.81,6.25,51.2,10,ouvré,
7275,2025-03-02 14:00:00,accueil ,20.12,9.3,50.9,0,weekend,6.366
1193,2025-01-10 22:00:00,atelier,20.6,0.35,59.2,16,ouvré,13.67
8311,2025-03-11 06:00:00,BUREAU NORD,21.99,1.18,38.8,7,ouvré,10.291
5654,2025-02-17 02:00:00,Salle_Serveur,18.86,0.02,37.0,0,ouvré,48.924
7075,2025-02-28 22:00:00,accueil ,21.35,2.03,49.6,6,ouvré,7.8
7664,2025-03-05 20:00:00,Salle Serveur,20.54,6.78,39.3,0,ouvré,45.577
5298,2025-02-14 03:00:00,atelier,20.7,-2.54,46.6,4,ouvré,16.408
4706,2025-02-09 05:00:00,bureau_nord,21.68,-0.05,,0,weekend,10.272
4318,2025-02-05 23:00:00,Atelier,21.74,-1.37,41.8,7,ouvré,15.438
4147,2025-02-04 13:00:00,Bureau_Sud,20.68,7.52,,7,ouvré,18.812
3304,2025-01-28 12:00:00,Salle Serveur,21.02,5.88,42.3,,ouvré,46.235
25,2025-01-01 04:00:00,accueil ,20.66,-2.25,,5,férié,11.649
3229,2025-01-27 21:00:00,Salle Serveur,20.82,1.58,38.4,0,ouvré,47.471
8712,2025-03-14 14:00:00,Bureau_Sud,20.68,9.62,35.5,6,ouvré,17.151
2386,2025-01-20 21:00:00,bureau_nord,21.66,3.73,38.4,13,ouvré,11.523
8350,2025-03-11 13:00:00,Accueil,19.96,7.73,40.2,5,ouvré,13.025
5272,2025-02-13 22:00:00,Bureau_Sud,21.6,1.96,47.8,,ouvré,10.193
3253,2025-01-28 02:00:00,atelier,22.47,0.11,45.5,3,ouvré,14.375
1394,2025-01-12 14:00:00,Salle_Serveur,20.48,3.38,37.2,,weekend,46.108
2176,2025-01-19 03:00:00,BUREAU NORD,20.49,-5.38,48.2,0,weekend,12.753
482,2025-01-05 00:00:00,bureau sud,21.44,-1.47,49.0,0,weekend,11.673
4619,2025-02-08 11:00:00,Salle_Serveur,20.27,3.46,41.8,0,weekend,46.737
4289,2025-02-05 17:00:00,Salle_Serveur,21.89,5.25,48.4,0,ouvré,46.298
9787,2025-03-23 13:00:00,Bureau_Sud,21.53,11.3,57.1,0,weekend,7.273
2172,2025-01-19 02:00:00,bureau sud,,-3.03,39.8,0,weekend,13.044
1875,2025-01-16 14:00:00,Accueil,20.46,7.88,55.8,12,ouvré,11.49
9950,2025-03-24 21:00:00,Accueil,20.96,7.14,42.5,17,ouvré,6.901
1324,2025-01-12 00:00:00,Salle Serveur,22.37,0.62,35.3,0,weekend,46.889
9619,2025-03-22 03:00:00,Salle_Serveur,-999,4.31,57.4,0,weekend,45.701
3163,2025-01-27 08:00:00,atelier,,2.04,48.6,13,ouvré,21.096
8480,2025-03-12 15:00:00,Accueil,21.65,8.06,,8,ouvré,10.363
4940,2025-02-11 03:00:00,Accueil,20.51,-0.63,40.3,4,ouvré,9.375
7636,2025-03-05 15:00:00,bureau_nord,20.48,10.11,46.6,5,ouvré,13.591
9297,2025-03-19 11:00:00,bureau sud,20.85,7.07,43.0,,ouvré,18.316
8446,2025-03-12 09:00:00,Bureau_Nord,20.21,5.67,46.4,11,ouvré,14.209
5790,2025-02-18 05:00:00,accueil ,19.83,-0.29,41.2,15,ouvré,10.195
5709,2025-02-17 13:00:00,Salle_Serveur,21.49,6.5,48.8,,ouvré,46.253
6949,2025-02-27 21:00:00,Salle_Serveur,21.77,5.39,50.6,0,ouvré,45.933
10740,2025-03-31 11:00:00,accueil ,20.05,10.73,37.0,6,ouvré,11.921
2956,2025-01-25 15:00:00,bureau_nord,21.12,3.2,40.8,0,weekend,9.923
234,2025-01-02 22:00:00,Salle Serveur,21.11,-1.11,51.9,0,ouvré,47.266
4505,2025-02-07 12:00:00,accueil ,20.06,6.44,42.2,1,ouvré,13.738
1715,2025-01-15 06:00:00,Accueil,20.66,-1.01,51.5,8,ouvré,11.027
1041,2025-01-09 16:00:00,BUREAU NORD,21.06,5.65,38.0,8,ouvré,15.498
8345,2025-03-11 12:00:00,Accueil,19.86,8.49,46.7,4,,11.713
7601,2025-03-05 08:00:00,bureau_nord,20.92,4.51,41.3,9,ouvré,11.111
3847,2025-02-02 01:00:00,bureau sud,21.98,-3.36,42.8,0,weekend,14.613
9843,2025-03-24 00:00:00,atelier,19.86,3.74,44.0,15,ouvré,12.903
1442,2025-01-13 00:00:00,Bureau_Sud,21.63,-1.35,47.9,9,ouvré,13.038
5295,2025-02-14 02:00:00,accueil ,21.12,-1.46,40.9,4,ouvré,11.388
3981,2025-02-03 04:00:00,bureau_nord,21.06,-0.1,43.8,7,ouvré,11.525
8287,2025-03-11 01:00:00,bureau sud,20.93,5.02,42.9,5,ouvré,9.615
9853,2025-03-24 02:00:00,atelier,19.34,4.93,47.1,13,ouvré,10.863
9677,2025-03-22 15:00:00,Bureau_Sud,20.91,10.98,46.5,0,weekend,7.057
5199,2025-02-13 07:00:00,Salle_Serveur,20.98,-0.58,40.5,0,ouvré,48.068
2222,2025-01-19 12:00:00,bureau sud,20.34,4.27,,0,weekend,9.072
7422,2025-03-03 20:00:00,bureau sud,20.39,6.32,36.6,7,ouvré,8.327
1073,2025-01-09 22:00:00,atelier,21.48,3.46,57.8,,ouvré,14.29
2045,2025-01-18 00:00:00,Accueil,20.63,-1.68,61.0,0,weekend,9.85
7611,2025-03-05 10:00:00,Bureau_Nord,19.54,5.45,55.1,9,ouvré,15.532
7165,2025-03-01 16:00:00,Accueil,22.29,6.46,46.2,0,weekend,7.797
4860,2025-02-10 11:00:00,accueil ,20.88,5.54,46.5,5,ouvré,11.676
8347,2025-03-11 13:00:00,Bureau_Sud,20.77,7.73,48.1,6,ouvré,19.403
3838,2025-02-01 23:00:00,atelier,20.21,0.71,60.7,0,weekend,
3589,2025-01-30 21:00:00,Salle Serveur,19.42,0.94,50.5,0,ouvré,48.078
1830,2025-01-16 05:00:00,Accueil,,-0.72,49.1,7,ouvré,10.121
6748,2025-02-26 05:00:00,Atelier,20.61,0.06,49.9,12,ouvré,16.138
1181,2025-01-10 20:00:00,bureau_nord,19.17,3.96,50.2,0,ouvré,11.915
2063,2025-01-18 04:00:00,Atelier,19.2,-1.67,39.6,0,weekend,15.216
9016,2025-03-17 03:00:00,BUREAU NORD,20.94,-0.05,51.2,4,ouvré,11.27
7988,2025-03-08 13:00:00,atelier,21.45,9.08,,0,weekend,12.389
6052,2025-02-20 10:00:00,bureau sud,21.45,5.25,45.7,12,ouvré,15.343
2607,2025-01-22 17:00:00,Bureau_Sud,21.37,5.23,53.0,6,ouvré,16.14
7549,2025-03-04 21:00:00,Salle Serveur,20.64,6.47,32.9,0,ouvré,46.057
4735,2025-02-09 10:00:00,Accueil,22.87,4.09,43.0,0,weekend,7.686
2656,2025-01-23 03:00:00,BUREAU NORD,20.77,-2.73,43.3,2,ouvré,12.003
9711,2025-03-22 22:00:00,Bureau_Nord,21.46,6.19,46.3,0,weekend,628.997
10747,2025-03-31 13:00:00,Bureau_Sud,20.63,12.14,48.8,7,ouvré,14.43
5525,2025-02-16 00:00:00,accueil ,21.61,1.04,42.0,0,weekend,10.696
8206,2025-03-10 09:00:00,bureau_nord,21.19,4.28,43.6,16,ouvré,13.727
789,2025-01-07 13:00:00,Salle_Serveur,21.52,5.17,49.5,0,ouvré,44.693
1184,2025-01-10 20:00:00,Salle_Serveur,20.11,3.96,36.6,0,ouvré,45.681
4136,2025-02-04 11:00:00,Bureau_Nord,20.27,4.74,45.0,7,ouvré,17.561
8817,2025-03-15 11:00:00,bureau sud,21.81,9.23,37.7,0,weekend,6.448
853,2025-01-08 02:00:00,atelier,20.55,-3.64,48.2,12,ouvré,14.558
8823,2025-03-15 12:00:00,atelier,20.21,8.82,43.7,0,weekend,10.217
10199,2025-03-26 23:00:00,Salle_Serveur,18.24,2.25,32.8,0,ouvré,46.382
4275,2025-02-05 14:00:00,accueil ,21.01,6.89,49.6,7,ouvré,11.758
5102,2025-02-12 12:00:00,Bureau_Sud,20.19,3.5,41.7,5,ouvré,19.802
6941,2025-02-27 20:00:00,BUREAU NORD,21.73,6.27,47.5,12,ouvré,7.74
4814,2025-02-10 02:00:00,Salle Serveur,21.11,-1.56,39.0,0,ouvré,46.696
5848,2025-02-18 17:00:00,atelier,20.45,6.81,44.6,9,ouvré,22.001
1101,2025-01-10 04:00:00,Bureau_Nord,21.14,0.91,36.4,9,ouvré,470.235
3875,2025-02-02 06:00:00,Accueil,,-0.31,44.3,0,weekend,11.981
1243,2025-01-11 08:00:00,Atelier,,1.54,45.3,0,weekend,12.836
2170,2025-01-19 01:00:00,Accueil,20.22,-1.24,49.0,0,weekend,10.286
9904,2025-03-24 12:00:00,Salle Serveur,20.17,8.56,54.6,0,ouvré,43.387
164,2025-01-02 08:00:00,Salle Serveur,20.19,-0.17,54.3,0,ouvré,48.058
323,2025-01-03 16:00:00,atelier,21.44,5.74,39.8,8,ouvré,29.109
2246,2025-01-19 17:00:00,BUREAU NORD,20.95,6.27,44.2,0,weekend,8.17
6227,2025-02-21 21:00:00,bureau sud,18.88,5.23,,8,ouvré,9.964
10538,2025-03-29 19:00:00,atelier,22.75,10.44,,0,weekend,9.883
5127,2025-02-12 17:00:00,bureau sud,21.64,7.88,48.6,9,ouvré,12.583
558,2025-01-05 15:00:00,Atelier,21.63,6.7,40.3,0,weekend,11.221
2843,2025-01-24 16:00:00,atelier,19.39,2.64,38.3,5,ouvré,29.564
9156,2025-03-18 07:00:00,Bureau_Nord,19.81,5.21,40.2,1,ouvré,10.798
2570,2025-01-22 09:00:00,Accueil,21.22,2.34,43.8,0,ouvré,13.598
4455,2025-02-07 02:00:00,accueil ,20.71,-2.96,47.0,12,ouvré,10.102
2705,2025-01-23 12:00:00,accueil ,20.82,5.17,36.6,0,ouvré,14.542
1708,2025-01-15 05:00:00,Atelier,20.73,0.06,47.2,12,ouvré,16.101
1797,2025-01-15 23:00:00,Bureau_Sud,21.95,-0.69,59.3,0,ouvré,10.868
4756,2025-02-09 15:00:00,BUREAU NORD,20.58,5.87,41.5,0,weekend,9.307
7934,2025-03-08 02:00:00,Salle Serveur,21.06,2.52,44.9,0,weekend,47.636
10579,2025-03-30 03:00:00,Salle Serveur,21.22,3.61,52.7,0,weekend,45.996
1583,2025-01-14 04:00:00,Atelier,21.46,-1.06,54.0,9,ouvré,14.594
2614,2025-01-22 18:00:00,Salle Serveur,22.18,4.56,37.9,0,ouvré,45.937
7313,2025-03-02 22:00:00,atelier,19.65,4.21,46.9,0,weekend,14.35
6731,2025-02-26 02:00:00,bureau_nord,21.13,0.3,45.8,7,ouvré,10.925
4062,2025-02-03 20:00:00,bureau sud,21.32,3.02,40.6,12,ouvré,11.922
7648,2025-03-05 17:00:00,atelier,20.63,7.86,55.6,,ouvré,23.621
7161,2025-03-01 16:00:00,bureau_nord,21.21,6.46,41.0,0,weekend,8.985
3698,2025-01-31 19:00:00,Atelier,21.04,3.09,29.8,12,ouvré,19.253
8759,2025-03-14 23:00:00,Salle Serveur,21.7,5.45,42.9,0,ouvré,44.782
3667,2025-01-31 13:00:00,bureau sud,20.31,6.39,42.7,4,ouvré,18.853
1941,2025-01-17 04:00:00,Bureau_Nord,21.01,-2.23,39.8,18,ouvré,10.642
335,2025-01-03 18:00:00,Accueil,21.34,6.84,35.7,4,ouvré,8.857
4977,2025-02-11 11:00:00,Bureau_Sud,20.82,3.48,47.1,5,ouvré,18.232
4841,2025-02-10 08:00:00,BUREAU NORD,21.45,2.59,39.7,10,ouvré,13.26
591,2025-01-05 22:00:00,BUREAU NORD,22.51,0.48,50.4,0,weekend,10.481
3410,2025-01-29 09:00:00,accueil ,20.82,1.1,,6,ouvré,13.231
3797,2025-02-01 15:00:00,bureau sud,21.76,6.6,37.1,0,weekend,8.945
10611,2025-03-30 10:00:00,bureau_nord,20.96,8.94,37.5,0,weekend,6.524
1646,2025-01-14 17:00:00,Bureau_Nord,19.21,4.59,46.9,3,ouvré,14.701
8151,2025-03-09 22:00:00,BUREAU NORD,22.03,3.34,50.1,0,weekend,8.916
368,2025-01-04 01:00:00,atelier,20.97,-1.4,41.9,0,weekend,14.535
8740,2025-03-14 19:00:00,Accueil,21.57,8.64,,10,ouvré,6.881
6860,2025-02-27 03:00:00,Accueil,19.86,0.55,42.8,12,ouvré,11.269
9645,2025-03-22 08:00:00,accueil ,20.24,5.75,44.5,0,weekend,7.346
8968,2025-03-16 17:00:00,Atelier,21.88,9.26,36.0,0,weekend,11.154
10394,2025-03-28 14:00:00,Salle Serveur,20.31,9.79,47.2,0,ouvré,45.217
10796,2025-03-31 23:00:00,bureau_nord,21.6,5.01,46.4,6,ouvré,8.753
10148,2025-03-26 13:00:00,Atelier,19.19,9.95,33.7,8,ouvré,30.241
9704,2025-03-22 20:00:00,Salle_Serveur,21.6,5.73,43.9,0,weekend,45.391
10123,2025-03-26 08:00:00,Atelier,,6.84,48.1,8,ouvré,19.273
10424,2025-03-28 20:00:00,Salle Serveur,19.92,7.86,40.8,0,ouvré,43.499
4747,2025-02-09 13:00:00,Bureau_Sud,20.84,5.65,43.1,0,weekend,8.086
3520,2025-01-30 07:00:00,Accueil,21.93,-0.89,45.1,,ouvré,12.923
8819,2025-03-15 11:00:00,Salle Serveur,,9.23,46.5,0,weekend,43.901
6652,2025-02-25 10:00:00,bureau sud,20.83,5.49,41.9,8,ouvré,768.626
5802,2025-02-18 08:00:00,bureau sud,21.86,3.37,41.7,13,ouvré,13.006
9744,2025-03-23 04:00:00,Salle Serveur,21.15,2.19,41.6,0,weekend,46.551
7120,2025-03-01 07:00:00,accueil ,21.02,0.84,50.9,0,weekend,11.324
1357,2025-01-12 07:00:00,bureau sud,20.51,1.17,36.3,0,weekend,10.694
3648,2025-01-31 09:00:00,Atelier,22.06,3.66,50.5,,ouvré,24.571
9412,2025-03-20 10:00:00,bureau sud,21.07,7.74,,15,ouvré,16.498
7917,2025-03-07 23:00:00,bureau sud,20.88,2.58,42.7,9,ouvré,10.379
10777,2025-03-31 19:00:00,bureau sud,20.68,8.74,48.9,12,ouvré,9.747
875,2025-01-08 06:00:00,Accueil,20.46,-1.61,54.2,16,ouvré,
6607,2025-02-25 01:00:00,bureau sud,21.81,0.57,62.9,13,ouvré,10.152
1817,2025-01-16 03:00:00,Bureau_Sud,21.95,-3.23,39.3,5,ouvré,12.07
6674,2025-02-25 14:00:00,Salle_Serveur,20.93,5.28,45.8,0,ouvré,45.12
8392,2025-03-11 22:00:00,Bureau_Sud,20.88,6.77,44.2,7,ouvré,-13.898
4269,2025-02-05 13:00:00,Salle Serveur,19.55,8.03,42.6,0,ouvré,45.143
8720,2025-03-14 15:00:00,Accueil,20.49,12.02,55.9,2,ouvré,10.716
9829,2025-03-23 21:00:00,Salle Serveur,21.17,5.9,47.3,0,weekend,45.283
10444,2025-03-29 00:00:00,Salle_Serveur,21.66,3.13,49.7,0,weekend,46.009
57,2025-01-01 11:00:00,bureau sud,20.43,5.86,47.2,14,férié,17.9
10379,2025-03-28 11:00:00,Salle_Serveur,20.5,9.76,52.2,0,ouvré,43.867
7999,2025-03-08 15:00:00,Salle_Serveur,21.13,8.87,,0,weekend,44.627
8961,2025-03-16 16:00:00,Bureau_Nord,21.39,10.95,42.7,0,weekend,5.538
5506,2025-02-15 21:00:00,Bureau_Nord,21.49,5.68,42.5,0,weekend,8.819
2458,2025-01-21 11:00:00,Atelier,21.52,5.26,49.0,3,ouvré,30.874
9144,2025-03-18 04:00:00,Salle_Serveur,,3.18,52.7,0,ouvré,44.75
6883,2025-02-27 08:00:00,Atelier,21.27,1.48,32.4,7,ouvré,21.987
2798,2025-01-24 07:00:00,atelier,21.4,-1.32,50.3,8,ouvré,20.727
8729,2025-03-14 17:00:00,Salle_Serveur,20.89,9.07,45.7,0,ouvré,44.813
6188,2025-02-21 13:00:00,Atelier,20.63,6.77,45.8,9,ouvré,32.969
1088,2025-01-10 01:00:00,atelier,20.06,-1.76,46.4,,ouvré,14.861
5241,2025-02-13 16:00:00,BUREAU NORD,19.65,9.07,41.5,9,ouvré,14.298
4304,2025-02-05 20:00:00,Salle Serveur,20.82,6.24,,0,ouvré,45.96
8998,2025-03-16 23:00:00,Atelier,21.38,3.78,45.0,,weekend,13.698
3294,2025-01-28 10:00:00,Salle_Serveur,21.04,2.36,42.4,0,ouvré,45.809
6806,2025-02-26 17:00:00,bureau_nord,20.86,7.55,43.5,8,ouvré,12.226
2968,2025-01-25 17:00:00,Atelier,20.9,5.23,44.9,0,weekend,13.42
2233,2025-01-19 14:00:00,atelier,21.29,5.33,52.9,0,weekend,11.382
7705,2025-03-06 04:00:00,Accueil,20.15,-0.33,49.0,5,ouvré,9.06
63,2025-01-01 12:00:00,atelier,20.74,5.72,55.8,6,férié,32.829
709,2025-01-06 21:00:00,Salle Serveur,20.39,1.24,37.6,0,ouvré,
622,2025-01-06 04:00:00,Bureau_Sud,20.32,-0.41,55.1,4,ouvré,11.497
6773,2025-02-26 10:00:00,Atelier,21.72,5.13,45.4,7,ouvré,27.312
4611,2025-02-08 10:00:00,BUREAU NORD,21.81,2.45,52.3,0,weekend,10.748
527,2025-01-05 09:00:00,Bureau_Sud,20.29,3.38,45.2,,weekend,9.842
6972,2025-02-28 02:00:00,bureau sud,21.88,0.35,48.0,15,ouvré,10.573
1097,2025-01-10 03:00:00,Bureau_Sud,21.08,-2.81,40.6,2,ouvré,12.874
3850,2025-02-02 01:00:00,accueil ,22.18,-3.36,47.3,0,weekend,11.261
5932,2025-02-19 10:00:00,bureau sud,21.31,5.53,34.8,1,ouvré,16.158
2860,2025-01-24 19:00:00,Accueil,22.64,4.7,,7,ouvré,9.41
1099,2025-01-10 03:00:00,Salle_Serveur,21.85,-2.81,47.2,0,ouvré,49.517
1887,2025-01-16 17:00:00,Bureau_Sud,21.4,4.61,39.4,11,ouvré,14.746
6734,2025-02-26 02:00:00,Salle_Serveur,19.84,0.3,50.4,0,ouvré,47.014
2092,2025-01-18 10:00:00,bureau sud,20.89,1.72,47.0,0,weekend,11.481
2073,2025-01-18 06:00:00,atelier,20.95,-2.35,44.0,0,weekend,17.347
2271,2025-01-19 22:00:00,BUREAU NORD,20.93,1.09,,0,weekend,10.995
8259,2025-03-10 19:00:00,Salle_Serveur,20.92,4.34,44.9,0,ouvré,46.416
9752,2025-03-23 06:00:00,Bureau_Sud,21.84,3.7,,0,,10.636
8188,2025-03-10 05:00:00,atelier,22.29,1.18,48.6,8,ouvré,15.49
10746,2025-03-31 13:00:00,BUREAU NORD,20.79,12.14,42.5,8,ouvré,14.02
8012,2025-03-08 18:00:00,Bureau_Sud,19.75,6.86,51.3,0,weekend,9.048
5694,2025-02-17 10:00:00,Salle Serveur,21.92,7.09,51.5,0,ouvré,44.528
361,2025-01-04 00:00:00,BUREAU NORD,20.0,-0.29,45.2,0,weekend,10.672
908,2025-01-08 13:00:00,atelier,20.92,4.26,40.7,10,ouvré,35.035
922,2025-01-08 16:00:00,Bureau_Sud,21.41,7.53,47.4,1,ouvré,15.765
7388,2025-03-03 13:00:00,Atelier,21.16,6.84,44.0,13,ouvré,31.458
9821,2025-03-23 20:00:00,bureau_nord,20.83,8.55,48.2,0,weekend,8.927
5545,2025-02-16 04:00:00,accueil ,19.92,-1.24,48.7,0,weekend,11.075
5752,2025-02-17 22:00:00,Bureau_Sud,22.04,1.66,,6,ouvré,11.633
5309,2025-02-14 05:00:00,Salle_Serveur,19.81,-0.66,41.7,0,ouvré,47.125
798,2025-01-07 15:00:00,atelier,19.74,6.03,36.2,6,ouvré,31.089
4422,2025-02-06 20:00:00,bureau sud,20.72,3.39,,10,ouvré,11.298
7710,2025-03-06 05:00:00,Accueil,20.48,1.26,47.5,12,ouvré,7.55
8205,2025-03-10 08:00:00,accueil ,20.62,4.21,30.6,6,ouvré,11.444
596,2025-01-05 23:00:00,bureau_nord,-999,-2.17,54.2,0,weekend,12.956
6643,2025-02-25 08:00:00,atelier,21.42,4.84,55.7,1,ouvré,21.503
259,2025-01-03 03:00:00,Salle_Serveur,21.79,-0.96,54.6,0,ouvré,46.909
7022,2025-02-28 12:00:00,Bureau_Sud,20.44,6.81,39.2,5,ouvré,17.97
5048,2025-02-12 01:00:00,Atelier,20.55,-1.21,43.2,14,ouvré,13.869
9760,2025-03-23 07:00:00,accueil ,21.0,5.53,50.2,0,weekend,7.932
8059,2025-03-09 03:00:00,Salle_Serveur,21.41,2.61,33.7,0,weekend,47.312
10248,2025-03-27 09:00:00,atelier,19.68,6.96,50.2,10,ouvré,22.357
4159,2025-02-04 15:00:00,Salle Serveur,20.83,5.62,38.5,0,ouvré,44.24
6487,2025-02-24 01:00:00,Bureau_Sud,20.16,0.48,45.5,12,ouvré,10.745
10142,2025-03-26 12:00:00,Bureau_Sud,21.44,10.67,45.9,14,ouvré,17.877
108,2025-01-01 21:00:00,Atelier,22.1,0.19,51.2,11,férié,14.54
9646,2025-03-22 09:00:00,bureau_nord,21.76,6.17,45.7,0,weekend,7.906
10375,2025-03-28 10:00:00,accueil ,20.83,8.56,54.1,4,ouvré,9.076
1225,2025-01-11 04:00:00,accueil ,21.25,-1.4,43.8,0,weekend,10.962
9456,2025-03-20 19:00:00,Bureau_Nord,23.29,7.83,47.8,10,ouvré,10.613
7006,2025-02-28 09:00:00,BUREAU NORD,20.38,3.82,44.0,6,ouvré,13.359
8743,2025-03-14 20:00:00,Atelier,21.59,5.09,30.3,4,ouvré,12.768
2537,2025-01-22 03:00:00,bureau sud,22.8,-0.87,44.8,16,ouvré,10.743
5517,2025-02-15 23:00:00,bureau sud,19.79,0.98,36.8,0,weekend,12.223
3886,2025-02-02 09:00:00,bureau_nord,21.96,1.25,46.8,0,weekend,11.211
9699,2025-03-22 19:00:00,Salle Serveur,20.92,9.64,42.1,0,weekend,43.027
8539,2025-03-13 03:00:00,Salle_Serveur,20.66,2.11,49.8,0,ouvré,46.472
9741,2025-03-23 04:00:00,Bureau_Nord,19.8,2.19,51.5,0,weekend,8.409
1382,2025-01-12 12:00:00,Bureau_Sud,19.91,1.97,32.8,0,weekend,10.052
508,2025-01-05 05:00:00,atelier,21.99,-0.69,35.3,0,weekend,15.015
10756,2025-03-31 15:00:00,bureau_nord,19.96,10.5,48.0,6,ouvré,15.218
4884,2025-02-10 16:00:00,Salle_Serveur,22.17,6.18,47.8,0,ouvré,44.033
2052,2025-01-18 02:00:00,Bureau_Sud,20.46,-1.9,50.5,0,weekend,12.817
7162,2025-03-01 16:00:00,Bureau_Sud,20.52,6.46,41.6,0,weekend,8.805
10219,2025-03-27 03:00:00,Salle Serveur,21.08,3.54,39.3,0,ouvré,45.694
5444,2025-02-15 08:00:00,Salle Serveur,20.87,1.76,53.8,0,weekend,46.539
2695,2025-01-23 10:00:00,accueil ,21.0,5.36,54.1,0,ouvré,12.508
9681,2025-03-22 16:00:00,BUREAU NORD,21.02,12.97,40.7,0,weekend,7.538
6166,2025-02-21 09:00:00,BUREAU NORD,20.66,1.42,38.4,8,ouvré,15.199
9518,2025-03-21 07:00:00,atelier,20.72,3.71,43.6,7,ouvré,
7209,2025-03-02 01:00:00,Salle_Serveur,18.45,0.76,40.7,0,weekend,47.726
41,2025-01-01 08:00:00,bureau_nord,21.8,1.89,46.4,11,férié,14.139
5773,2025-02-18 02:00:00,Atelier,19.82,-0.2,43.6,12,ouvré,13.895
10504,2025-03-29 12:00:00,Salle_Serveur,20.63,8.87,49.0,0,weekend,44.216
2089,2025-01-18 09:00:00,Salle_Serveur,21.5,1.38,39.7,0,weekend,
5793,2025-02-18 06:00:00,Atelier,21.52,1.69,32.1,11,ouvré,14.387
5311,2025-02-14 06:00:00,BUREAU NORD,21.12,-0.54,46.3,6,ouvré,12.936
2104,2025-01-18 12:00:00,Salle_Serveur,21.13,5.98,46.5,0,weekend,47.206
2072,2025-01-18 06:00:00,Bureau_Sud,19.73,-2.35,48.7,0,weekend,12.836
7342,2025-03-03 04:00:00,Bureau_Sud,20.03,-0.6,42.3,14,ouvré,11.709
10515,2025-03-29 14:00:00,Accueil,20.43,12.94,53.3,0,weekend,690.037
8956,2025-03-16 15:00:00,BUREAU NORD,21.1,10.81,46.8,0,weekend,6.363
9063,2025-03-17 12:00:00,Atelier,18.7,8.64,41.4,2,ouvré,31.428
850,2025-01-08 01:00:00,Accueil,20.17,-2.23,41.3,7,ouvré,10.39
4631,2025-02-08 14:00:00,bureau_nord,20.63,7.6,43.3,0,weekend,6.37
9962,2025-03-25 00:00:00,Bureau_Sud,20.47,4.09,38.4,11,ouvré,9.152
6403,2025-02-23 08:00:00,atelier,-999,2.98,48.1,0,weekend,15.292
4832,2025-02-10 06:00:00,Bureau_Sud,20.41,2.85,52.7,13,ouvré,11.583
9477,2025-03-20 23:00:00,bureau sud,20.25,4.37,45.0,10,ouvré,8.25
7481,2025-03-04 08:00:00,BUREAU NORD,19.29,4.65,42.0,10,ouvré,11.643
3071,2025-01-26 14:00:00,bureau_nord,21.78,6.05,35.8,0,weekend,8.621
6378,2025-02-23 03:00:00,atelier,21.46,-1.24,44.6,0,weekend,15.405
5855,2025-02-18 18:00:00,Accueil,21.35,6.05,51.6,11,ouvré,10.674
5928,2025-02-19 09:00:00,atelier,20.43,4.68,50.6,2,ouvré,23.184
9491,2025-03-21 02:00:00,BUREAU NORD,21.79,3.59,36.1,9,ouvré,11.416
10023,2025-03-25 12:00:00,Atelier,20.15,8.84,45.2,6,ouvré,30.706
3597,2025-01-30 23:00:00,bureau sud,21.32,2.82,38.9,3,ouvré,10.558
7180,2025-03-01 19:00:00,accueil ,21.03,6.58,37.7,0,weekend,6.22
5156,2025-02-12 23:00:00,bureau_nord,22.16,2.77,36.6,14,ouvré,9.089
7892,2025-03-07 18:00:00,Bureau_Sud,21.77,8.49,51.6,9,ouvré,11.182
9561,2025-03-21 16:00:00,Bureau_Nord,19.47,9.88,42.9,5,ouvré,13.451
2663,2025-01-23 04:00:00,Atelier,20.98,-1.01,35.2,11,ouvré,15.847
2199,2025-01-19 07:00:00,Salle Serveur,20.94,-2.25,49.1,0,weekend,48.149
5004,2025-02-11 16:00:00,Salle Serveur,21.46,4.91,46.8,0,ouvré,44.773
3353,2025-01-28 22:00:00,Atelier,20.63,0.91,44.4,6,ouvré,14.612
221,2025-01-02 20:00:00,bureau_nord,20.34,2.93,44.6,8,ouvré,11.435
3342,2025-01-28 20:00:00,bureau sud,19.62,3.04,42.6,6,ouvré,10.041
2654,2025-01-23 02:00:00,Salle Serveur,19.98,-1.72,42.9,0,ouvré,49.138
5596,2025-02-16 15:00:00,Bureau_Nord,20.17,8.66,38.6,0,weekend,7.819
7833,2025-03-07 06:00:00,Atelier,21.16,-0.09,,10,ouvré,17.531
3359,2025-01-28 23:00:00,Salle_Serveur,21.03,-2.31,38.1,0,ouvré,48.352
5050,2025-02-12 01:00:00,Accueil,20.95,-1.21,46.8,,ouvré,11.142
10325,2025-03-28 00:00:00,Accueil,20.89,4.84,44.5,,ouvré,8.899
9229,2025-03-18 21:00:00,Salle_Serveur,21.29,6.96,46.9,0,ouvré,44.168
8386,2025-03-11 21:00:00,BUREAU NORD,20.56,6.42,41.4,14,ouvré,8.857
1965,2025-01-17 08:00:00,Accueil,21.19,1.42,45.4,9,ouvré,12.198
10715,2025-03-31 06:00:00,accueil ,21.56,4.37,49.9,8,ouvré,7.097
1430,2025-01-12 21:00:00,accueil ,22.04,2.69,48.9,0,weekend,6.815
9501,2025-03-21 04:00:00,bureau_nord,20.49,0.01,41.0,9,ouvré,11.903
9695,2025-03-22 18:00:00,Accueil,20.81,8.8,44.6,0,weekend,7.564
1796,2025-01-15 23:00:00,bureau_nord,20.92,-0.69,,4,ouvré,541.752
4420,2025-02-06 19:00:00,accueil ,20.42,6.62,45.7,10,ouvré,8.107
3031,2025-01-26 06:00:00,BUREAU NORD,19.74,0.23,43.8,0,weekend,11.182
3152,2025-01-27 06:00:00,Bureau_Sud,20.26,-0.06,43.2,5,ouvré,12.687
6326,2025-02-22 17:00:00,Bureau_Nord,21.14,5.42,,0,weekend,8.084
5726,2025-02-17 17:00:00,BUREAU NORD,20.19,5.78,45.1,14,ouvré,12.525
10730,2025-03-31 09:00:00,Accueil,21.3,3.65,53.8,9,ouvré,12.424
3399,2025-01-29 07:00:00,Salle Serveur,19.36,0.35,44.7,0,ouvré,49.089
8389,2025-03-11 21:00:00,Salle Serveur,20.79,6.42,38.9,0,ouvré,45.512
852,2025-01-08 02:00:00,bureau sud,22.2,-3.64,41.9,6,ouvré,13.709
4524,2025-02-07 16:00:00,Salle_Serveur,21.76,5.92,37.0,0,ouvré,46.456
2405,2025-01-21 00:00:00,accueil ,21.18,-0.74,44.7,14,ouvré,10.491
647,2025-01-06 09:00:00,Bureau_Sud,20.5,2.57,40.4,5,ouvré,16.436
2135,2025-01-18 18:00:00,Accueil,20.26,4.93,43.7,0,weekend,8.746
7605,2025-03-05 08:00:00,accueil ,19.95,4.51,50.9,9,ouvré,10.559
5602,2025-02-16 16:00:00,bureau sud,20.66,6.76,40.5,,weekend,7.546
10088,2025-03-26 01:00:00,Atelier,21.43,3.77,49.6,7,ouvré,12.792
5334,2025-02-14 10:00:00,Salle Serveur,20.58,4.61,51.0,0,ouvré,46.622
2379,2025-01-20 19:00:00,Salle Serveur,20.91,4.11,52.4,0,ouvré,47.389
1271,2025-01-11 14:00:00,BUREAU NORD,22.06,5.34,45.6,0,weekend,7.376
1281,2025-01-11 16:00:00,bureau_nord,20.58,4.9,40.4,0,weekend,7.521
2936,2025-01-25 11:00:00,BUREAU NORD,20.24,4.57,47.8,0,weekend,9.373
2875,2025-01-24 22:00:00,accueil ,20.32,-1.27,,10,ouvré,10.514
7846,2025-03-07 09:00:00,BUREAU NORD,20.22,4.13,51.0,11,ouvré,14.273
3550,2025-01-30 13:00:00,Accueil,20.79,8.75,31.5,12,ouvré,11.013
6851,2025-02-27 02:00:00,Bureau_Nord,20.74,-0.0,37.2,,ouvré,9.957
9508,2025-03-21 05:00:00,atelier,20.21,4.83,50.6,14,ouvré,13.223
10451,2025-03-29 02:00:00,Bureau_Nord,21.66,3.64,,0,weekend,10.476
8711,2025-03-14 14:00:00,bureau_nord,22.11,9.62,43.9,11,ouvré,14.927
6575,2025-02-24 18:00:00,accueil ,21.91,6.02,45.0,4,ouvré,9.235
9089,2025-03-17 17:00:00,Salle Serveur,21.18,9.76,37.7,0,ouvré,42.79
8372,2025-03-11 18:00:00,bureau sud,21.3,9.5,47.2,6,ouvré,11.386
8689,2025-03-14 09:00:00,Salle Serveur,20.16,7.6,44.0,0,ouvré,45.396
4630,2025-02-08 13:00:00,accueil ,20.62,5.91,52.5,0,weekend,6.359
5810,2025-02-18 09:00:00,accueil ,21.39,6.18,51.0,3,ouvré,10.671
7386,2025-03-03 13:00:00,Bureau_Nord,21.86,6.84,41.6,7,ouvré,16.272
9551,2025-03-21 14:00:00,BUREAU NORD,20.47,12.42,39.4,15,ouvré,13.907
9341,2025-03-19 20:00:00,bureau_nord,,8.96,40.9,7,ouvré,8.976
5082,2025-02-12 08:00:00,bureau sud,20.38,3.94,52.6,9,ouvré,13.152
3722,2025-02-01 00:00:00,Bureau_Sud,20.56,-0.04,50.0,0,weekend,10.229
9415,2025-03-20 10:00:00,Accueil,20.69,7.74,44.6,7,ouvré,10.018
2298,2025-01-20 03:00:00,atelier,21.09,-2.48,39.9,7,ouvré,16.569
9162,2025-03-18 08:00:00,bureau sud,21.46,8.07,45.2,4,ouvré,12.867
8980,2025-03-16 19:00:00,Accueil,20.24,8.69,39.0,0,weekend,8.166
10020,2025-03-25 11:00:00,accueil ,21.77,7.65,31.7,9,ouvré,11.419
7040,2025-02-28 15:00:00,Accueil,21.5,7.72,30.1,,ouvré,11.667
2257,2025-01-19 19:00:00,Bureau_Sud,22.37,4.24,35.0,0,weekend,9.209
7248,2025-03-02 09:00:00,Atelier,19.96,2.86,54.1,0,weekend,12.772
1459,2025-01-13 03:00:00,Salle_Serveur,20.83,-2.27,33.6,0,ouvré,50.191
10542,2025-03-29 20:00:00,Bureau_Sud,21.29,7.77,43.7,0,weekend,9.323
9332,2025-03-19 18:00:00,bureau sud,21.69,9.66,,11,ouvré,11.238
9624,2025-03-22 04:00:00,Salle Serveur,20.06,2.62,43.6,0,weekend,46.166
783,2025-01-07 12:00:00,Atelier,21.18,5.32,48.4,9,ouvré,32.857
7553,2025-03-04 22:00:00,Atelier,19.68,3.5,47.4,,ouvré,13.029
7931,2025-03-08 02:00:00,BUREAU NORD,20.59,2.52,38.9,0,weekend,11.11
2374,2025-01-20 18:00:00,Salle_Serveur,22.03,5.51,38.6,0,ouvré,45.212
8642,2025-03-14 00:00:00,Bureau_Sud,21.23,3.91,55.6,3,ouvré,9.768
491,2025-01-05 02:00:00,BUREAU NORD,19.55,-1.71,47.6,0,weekend,12.029
10335,2025-03-28 02:00:00,Accueil,20.27,2.48,43.7,5,ouvré,8.369
7128,2025-03-01 09:00:00,atelier,21.43,5.91,48.3,0,weekend,11.514
7859,2025-03-07 11:00:00,Salle Serveur,21.04,6.28,46.5,0,ouvré,-29.533
6457,2025-02-23 19:00:00,Bureau_Sud,,7.29,48.4,0,weekend,9.078
573,2025-01-05 18:00:00,Atelier,21.9,6.36,48.3,,weekend,11.966
10266,2025-03-27 13:00:00,bureau_nord,21.13,9.86,45.1,11,ouvré,15.694
6794,2025-02-26 14:00:00,Salle Serveur,20.29,8.85,39.5,0,ouvré,865.67
6775,2025-02-26 10:00:00,Accueil,20.57,5.13,44.1,8,ouvré,13.325
6951,2025-02-27 22:00:00,Bureau_Nord,21.79,4.75,39.7,8,ouvré,9.935
6375,2025-02-23 02:00:00,accueil ,20.99,0.19,54.4,0,weekend,10.147
3139,2025-01-27 03:00:00,Salle_Serveur,23.01,-1.49,,0,ouvré,47.936
3141,2025-01-27 04:00:00,bureau_nord,21.22,-0.97,46.3,10,ouvré,13.426
10370,2025-03-28 09:00:00,accueil ,20.05,8.54,42.8,11,ouvré,9.756
7694,2025-03-06 02:00:00,Salle_Serveur,21.58,1.73,48.7,0,ouvré,47.119
615,2025-01-06 02:00:00,Accueil,20.75,-3.24,47.7,7,ouvré,10.828
3935,2025-02-02 18:00:00,accueil ,21.68,4.73,49.0,0,weekend,8.414
9163,2025-03-18 08:00:00,Atelier,20.87,8.07,50.9,8,ouvré,18.82
3463,2025-01-29 20:00:00,atelier,20.37,2.78,44.7,7,ouvré,15.819
4627,2025-02-08 13:00:00,bureau sud,21.67,5.91,39.8,0,weekend,8.258
9252,2025-03-19 02:00:00,bureau sud,21.22,2.28,38.3,9,ouvré,9.619
8253,2025-03-10 18:00:00,atelier,21.9,9.57,38.9,9,ouvré,18.1
2683,2025-01-23 08:00:00,atelier,20.91,0.71,46.7,12,ouvré,23.224
2154,2025-01-18 22:00:00,Salle Serveur,20.71,-1.57,40.8,,weekend,49.764
5901,2025-02-19 04:00:00,bureau_nord,19.76,0.32,53.5,,ouvré,10.328
6347,2025-02-22 21:00:00,bureau sud,21.11,1.98,48.9,0,weekend,11.201
1044,2025-01-09 16:00:00,Salle_Serveur,20.62,5.65,35.8,0,ouvré,45.477
9273,2025-03-19 06:00:00,atelier,20.17,6.67,57.3,10,ouvré,13.134
6524,2025-02-24 08:00:00,Salle Serveur,20.97,4.4,41.3,0,ouvré,45.147
5207,2025-02-13 09:00:00,Bureau_Sud,20.24,2.09,56.1,11,ouvré,16.798
7552,2025-03-04 22:00:00,Bureau_Sud,20.45,3.5,47.6,5,ouvré,9.597
4118,2025-02-04 07:00:00,atelier,21.34,0.67,46.1,6,ouvré,19.041
9050,2025-03-17 09:00:00,accueil ,19.75,5.87,48.5,13,ouvré,11.389
3553,2025-01-30 14:00:00,Atelier,21.81,3.51,43.4,14,ouvré,34.717
10765,2025-03-31 16:00:00,accueil ,21.64,12.59,,11,ouvré,9.816
9253,2025-03-19 02:00:00,Atelier,22.2,2.28,52.3,4,ouvré,12.949
9492,2025-03-21 02:00:00,bureau sud,22.18,3.59,44.2,6,ouvré,10.519
2874,2025-01-24 22:00:00,Salle Serveur,19.79,-1.27,47.7,0,ouvré,
4871,2025-02-10 14:00:00,BUREAU NORD,21.32,7.05,44.0,2,ouvré,17.093
8451,2025-03-12 10:00:00,BUREAU NORD,21.88,6.5,,9,ouvré,13.947
5342,2025-02-14 12:00:00,Bureau_Sud,20.77,6.15,45.9,8,ouvré,20.093
7318,2025-03-02 23:00:00,Atelier,21.25,2.0,,0,weekend,14.186
5527,2025-02-16 01:00:00,bureau sud,21.49,-1.41,41.4,,weekend,
7555,2025-03-04 22:00:00,accueil ,22.37,3.5,51.9,17,ouvré,7.568
10315,2025-03-27 22:00:00,Accueil,22.07,5.7,52.9,11,ouvré,7.629
523,2025-01-05 08:00:00,atelier,21.53,2.15,40.8,0,weekend,12.399
4526,2025-02-07 17:00:00,BUREAU NORD,19.77,7.12,48.5,8,ouvré,10.77
6611,2025-02-25 02:00:00,bureau_nord,19.52,0.67,49.2,8,ouvré,10.337
931,2025-01-08 18:00:00,Bureau_Nord,21.62,6.01,55.4,11,ouvré,12.72
10187,2025-03-26 21:00:00,bureau sud,21.06,6.52,54.8,9,ouvré,9.441
10259,2025-03-27 11:00:00,Salle_Serveur,21.17,9.43,45.7,0,ouvré,42.162
113,2025-01-01 22:00:00,Atelier,19.8,3.6,34.1,9,férié,12.474
8214,2025-03-10 10:00:00,Salle_Serveur,20.34,5.71,,0,ouvré,45.061
6514,2025-02-24 06:00:00,Salle Serveur,20.36,1.02,52.9,0,ouvré,-37.505
4630,2025-02-08 13:00:00,accueil ,20.62,5.91,52.5,0,weekend,6.359
7058,2025-02-28 19:00:00,atelier,20.22,4.34,33.3,1,ouvré,18.579
2132,2025-01-18 18:00:00,Bureau_Sud,20.38,4.93,49.4,0,weekend,8.185
7401,2025-03-03 16:00:00,Bureau_Nord,21.2,10.55,37.3,10,ouvré,800.593
6311,2025-02-22 14:00:00,Bureau_Nord,20.0,8.82,45.2,0,weekend,8.886
7544,2025-03-04 20:00:00,Salle Serveur,20.9,5.08,51.0,0,ouvré,45.572
2692,2025-01-23 10:00:00,bureau sud,20.74,5.36,39.2,9,ouvré,16.46
2662,2025-01-23 04:00:00,bureau sud,21.89,-1.01,50.5,4,ouvré,11.172
9586,2025-03-21 21:00:00,Bureau_Nord,20.03,5.98,47.8,6,ouvré,8.367
6899,2025-02-27 11:00:00,Salle Serveur,20.44,5.22,39.6,0,ouvré,46.02
3425,2025-01-29 12:00:00,Accueil,20.85,6.88,53.8,7,ouvré,-32.308
4676,2025-02-08 23:00:00,bureau_nord,21.59,0.37,46.2,0,weekend,11.202
8656,2025-03-14 03:00:00,BUREAU NORD,20.59,1.51,55.5,5,ouvré,10.613
8280,2025-03-10 23:00:00,Accueil,20.83,3.86,45.8,11,ouvré,7.721
1423,2025-01-12 20:00:00,atelier,20.2,2.12,44.6,0,weekend,13.971
9337,2025-03-19 19:00:00,bureau sud,20.11,7.73,48.5,12,ouvré,12.244
589,2025-01-05 21:00:00,Salle_Serveur,19.86,-0.56,44.7,0,weekend,47.403
6367,2025-02-23 01:00:00,Bureau_Sud,19.42,0.46,46.0,0,weekend,11.806
5636,2025-02-16 23:00:00,BUREAU NORD,21.04,1.19,46.9,0,weekend,10.447
413,2025-01-04 10:00:00,atelier,20.84,2.55,37.1,0,weekend,15.391
5606,2025-02-16 17:00:00,bureau_nord,-999,8.38,37.0,0,weekend,8.901
5415,2025-02-15 02:00:00,Accueil,21.02,-0.81,28.9,0,weekend,11.989
2191,2025-01-19 06:00:00,BUREAU NORD,20.59,1.13,43.5,0,weekend,9.628
3500,2025-01-30 03:00:00,Accueil,21.37,-1.61,32.4,1,ouvré,12.359
9980,2025-03-25 03:00:00,accueil ,22.06,1.94,44.8,11,ouvré,
5844,2025-02-18 16:00:00,Salle_Serveur,21.64,6.88,42.8,0,ouvré,44.612
4947,2025-02-11 05:00:00,bureau sud,20.77,1.55,,12,ouvré,10.241
167,2025-01-02 09:00:00,Bureau_Sud,21.29,0.3,45.5,1,ouvré,15.33
124,2025-01-02 00:00:00,Salle Serveur,22.05,-2.4,56.3,,ouvré,48.936
7164,2025-03-01 16:00:00,Salle Serveur,21.66,6.46,37.0,0,weekend,45.498
2114,2025-01-18 14:00:00,Salle_Serveur,20.7,4.5,38.9,0,weekend,46.967
9460,2025-03-20 19:00:00,accueil ,21.31,7.83,48.5,9,ouvré,379.716
4635,2025-02-08 14:00:00,accueil ,22.68,7.6,37.0,0,weekend,6.727
5502,2025-02-15 20:00:00,Bureau_Sud,23.22,4.27,50.5,0,weekend,9.31
8871,2025-03-15 22:00:00,Bureau_Nord,21.04,5.66,49.3,0,weekend,
10077,2025-03-25 23:00:00,bureau sud,,2.94,55.1,4,ouvré,11.19
5940,2025-02-19 11:00:00,accueil ,21.88,6.65,57.5,9,ouvré,10.759
708,2025-01-06 21:00:00,Atelier,20.19,1.24,,8,ouvré,13.807
3906,2025-02-02 13:00:00,bureau_nord,20.69,6.65,43.7,0,weekend,8.469
727,2025-01-07 01:00:00,Bureau_Sud,19.78,0.21,37.3,12,ouvré,9.856
3056,2025-01-26 11:00:00,Bureau_Nord,20.75,3.98,47.7,0,weekend,8.778
6690,2025-02-25 17:00:00,accueil ,-999,6.34,44.2,6,ouvré,11.924
9817,2025-03-23 19:00:00,bureau sud,21.58,10.0,49.4,0,weekend,6.556
3695,2025-01-31 18:00:00,accueil ,21.65,4.73,,13,ouvré,9.81
4327,2025-02-06 01:00:00,Bureau_Sud,20.65,-1.38,47.4,10,ouvré,9.485
8906,2025-03-16 05:00:00,bureau_nord,20.81,0.35,49.6,0,weekend,12.952
4563,2025-02-08 00:00:00,Atelier,21.53,-0.74,,0,weekend,15.064
9333,2025-03-19 18:00:00,atelier,19.83,9.66,50.5,15,ouvré,18.545
9576,2025-03-21 19:00:00,Bureau_Nord,22.73,9.08,49.3,0,ouvré,7.96
1,2025-01-01 00:00:00,BUREAU NORD,20.86,-0.77,44.3,10,férié,10.746
737,2025-01-07 03:00:00,Bureau_Sud,20.79,-1.38,42.7,3,ouvré,12.361
7907,2025-03-07 21:00:00,bureau sud,19.77,6.86,47.5,9,ouvré,8.717
8044,2025-03-09 00:00:00,Salle Serveur,20.53,4.36,,0,weekend,45.956
10208,2025-03-27 01:00:00,atelier,21.64,2.38,50.3,8,ouvré,12.859
475,2025-01-04 22:00:00,accueil ,20.01,1.2,46.0,0,weekend,8.252
3419,2025-01-29 11:00:00,Salle_Serveur,21.98,3.34,44.5,,ouvré,44.752
2234,2025-01-19 14:00:00,Salle_Serveur,20.93,5.33,40.9,,weekend,42.761
10609,2025-03-30 09:00:00,Salle_Serveur,20.61,6.19,44.2,0,weekend,44.329
6591,2025-02-24 22:00:00,bureau_nord,20.25,2.37,41.6,6,ouvré,11.14
9000,2025-03-16 23:00:00,accueil ,19.43,3.78,44.9,0,weekend,7.993
5764,2025-02-18 00:00:00,Salle Serveur,20.99,1.22,41.9,0,ouvré,48.146
8373,2025-03-11 18:00:00,Atelier,21.67,9.5,44.7,8,ouvré,19.271
3843,2025-02-02 00:00:00,Atelier,20.91,-1.87,53.3,0,weekend,16.189
5233,2025-02-13 14:00:00,Atelier,,4.15,42.3,9,ouvré,34.943
6977,2025-02-28 03:00:00,Bureau_Sud,19.7,2.86,45.5,,ouvré,9.326
4153,2025-02-04 14:00:00,atelier,21.77,5.2,30.4,5,ouvré,
1527,2025-01-13 17:00:00,bureau sud,21.42,4.54,38.5,8,ouvré,15.259
7741,2025-03-06 12:00:00,BUREAU NORD,20.56,7.26,45.6,4,ouvré,17.39
6146,2025-02-21 05:00:00,Bureau_Nord,22.78,-1.41,,6,ouvré,10.79
4475,2025-02-07 06:00:00,accueil ,22.55,-0.01,46.7,5,ouvré,11.61
7875,2025-03-07 14:00:00,Accueil,19.05,10.9,48.0,5,ouvré,11.736
3331,2025-01-28 18:00:00,bureau_nord,21.05,4.86,50.1,14,ouvré,11.966
10597,2025-03-30 07:00:00,Bureau_Sud,,5.75,45.9,0,weekend,10.008
7764,2025-03-06 16:00:00,Salle_Serveur,,7.54,50.6,0,ouvré,415.361
4354,2025-02-06 06:00:00,Salle_Serveur,19.44,-1.31,38.3,0,ouvré,49.427
547,2025-01-05 13:00:00,Bureau_Sud,21.88,4.83,48.8,,weekend,8.431
8100,2025-03-09 11:00:00,accueil ,19.55,8.24,,0,weekend,8.438
10495,2025-03-29 10:00:00,Accueil,19.66,8.19,50.8,0,weekend,6.903
8756,2025-03-14 23:00:00,BUREAU NORD,20.83,5.45,48.4,9,ouvré,7.846
6108,2025-02-20 21:00:00,atelier,20.99,4.31,40.9,9,ouvré,13.268
8181,2025-03-10 04:00:00,Bureau_Nord,21.5,2.81,57.7,9,ouvré,9.903
9973,2025-03-25 02:00:00,atelier,21.22,2.76,53.8,,ouvré,11.247
6579,2025-02-24 19:00:00,Salle_Serveur,21.4,6.75,47.5,,ouvré,45.582
5578,2025-02-16 11:00:00,Atelier,21.17,7.16,46.0,0,weekend,10.818
955,2025-01-08 22:00:00,Accueil,22.42,1.26,34.6,12,ouvré,9.858
10086,2025-03-26 01:00:00,Bureau_Nord,20.88,3.77,41.0,5,ouvré,9.568
9771,2025-03-23 10:00:00,BUREAU NORD,21.0,9.42,,0,weekend,7.742
9554,2025-03-21 14:00:00,Salle_Serveur,20.13,12.42,43.4,0,ouvré,43.658
3162,2025-01-27 08:00:00,Bureau_Sud,19.52,2.04,44.7,8,ouvré,13.898
1045,2025-01-09 16:00:00,Accueil,20.99,5.65,41.9,3,ouvré,12.547
7199,2025-03-01 23:00:00,Salle Serveur,20.96,1.24,39.7,0,weekend,45.917
5471,2025-02-15 14:00:00,bureau_nord,21.36,6.0,45.9,0,weekend,9.323
7086,2025-03-01 01:00:00,BUREAU NORD,21.55,2.86,44.3,0,weekend,10.183
6799,2025-02-26 15:00:00,Salle_Serveur,21.69,8.08,36.1,0,ouvré,44.232
1994,2025-01-17 14:00:00,Salle Serveur,20.83,5.85,58.7,0,ouvré,45.478
3221,2025-01-27 20:00:00,Bureau_Nord,21.73,1.95,44.3,5,ouvré,12.422
3391,2025-01-29 06:00:00,bureau_nord,20.98,0.03,47.6,6,ouvré,10.174
10575,2025-03-30 02:00:00,accueil ,20.88,3.93,36.8,0,weekend,8.511
10138,2025-03-26 11:00:00,Atelier,,8.99,44.5,5,ouvré,29.128
5268,2025-02-13 21:00:00,atelier,21.38,4.73,40.4,9,ouvré,14.948
8454,2025-03-12 10:00:00,Salle_Serveur,21.11,6.5,47.6,0,ouvré,45.701
418,2025-01-04 11:00:00,atelier,21.69,4.13,,0,weekend,13.247
4026,2025-02-03 13:00:00,Bureau_Nord,21.51,4.92,44.3,7,ouvré,19.629
2316,2025-01-20 07:00:00,BUREAU NORD,20.8,-1.25,53.8,1,ouvré,12.26
8694,2025-03-14 10:00:00,Salle_Serveur,22.48,5.3,52.2,0,ouvré,45.232
10443,2025-03-29 00:00:00,atelier,21.84,3.13,47.7,0,weekend,13.663
8518,2025-03-12 23:00:00,atelier,20.99,1.47,45.6,3,ouvré,14.919
6974,2025-02-28 02:00:00,Salle Serveur,20.81,0.35,44.3,0,ouvré,
2212,2025-01-19 10:00:00,Bureau_Sud,21.65,3.32,53.2,0,weekend,9.33
9907,2025-03-24 13:00:00,bureau sud,21.94,8.84,45.8,8,ouvré,841.362
6528,2025-02-24 09:00:00,atelier,20.93,3.83,46.3,5,ouvré,24.117
6778,2025-02-26 11:00:00,atelier,20.46,5.45,51.3,8,ouvré,30.426
8171,2025-03-10 02:00:00,Bureau_Nord,22.4,4.28,44.7,,ouvré,9.404
7474,2025-03-04 06:00:00,Salle_Serveur,21.09,-0.08,46.2,0,ouvré,47.397
6793,2025-02-26 14:00:00,atelier,21.07,8.85,44.3,10,ouvré,31.802
3392,2025-01-29 06:00:00,Bureau_Sud,19.92,0.03,56.6,4,ouvré,13.24
7444,2025-03-04 00:00:00,Salle_Serveur,21.73,2.93,48.2,0,ouvré,46.564
979,2025-01-09 03:00:00,Salle Serveur,20.57,-0.79,49.6,0,ouvré,47.988
5318,2025-02-14 07:00:00,atelier,20.41,0.65,45.4,13,ouvré,17.913
5780,2025-02-18 03:00:00,Accueil,21.97,-1.71,41.4,10,ouvré,10.469
7568,2025-03-05 01:00:00,Atelier,22.88,2.09,42.7,13,ouvré,12.926
10113,2025-03-26 06:00:00,atelier,,2.11,35.0,13,ouvré,17.403
6074,2025-02-20 14:00:00,Salle_Serveur,20.92,8.13,49.0,0,ouvré,44.602
7013,2025-02-28 10:00:00,atelier,21.32,5.75,50.4,15,ouvré,27.09
3908,2025-02-02 13:00:00,Atelier,21.04,6.65,47.8,0,weekend,12.06
6371,2025-02-23 02:00:00,bureau_nord,19.62,0.19,43.7,0,weekend,10.704
6386,2025-02-23 05:00:00,BUREAU NORD,21.68,1.28,48.0,,weekend,11.12
4985,2025-02-11 12:00:00,accueil ,21.8,6.18,37.7,7,ouvré,11.507
701,2025-01-06 20:00:00,bureau_nord,20.02,3.19,45.5,8,ouvré,10.456
3609,2025-01-31 01:00:00,Salle_Serveur,20.56,-0.7,51.5,0,ouvré,48.391
609,2025-01-06 01:00:00,Salle_Serveur,20.43,-1.94,39.4,0,ouvré,48.283
5132,2025-02-12 18:00:00,Bureau_Sud,22.33,4.79,38.6,2,ouvré,11.842
29,2025-01-01 05:00:00,Salle Serveur,22.79,-0.5,41.9,0,férié,46.949
9215,2025-03-18 18:00:00,accueil ,21.61,9.59,42.4,5,,7.813
1689,2025-01-15 01:00:00,Salle_Serveur,21.49,-0.12,39.0,,ouvré,48.489
10258,2025-03-27 11:00:00,atelier,21.53,9.43,53.7,6,ouvré,29.364
1766,2025-01-15 17:00:00,Bureau_Nord,21.0,6.15,55.2,16,ouvré,10.742
8704,2025-03-14 12:00:00,Salle Serveur,20.89,8.16,38.1,0,ouvré,44.462
8615,2025-03-13 18:00:00,accueil ,20.53,4.75,50.2,9,ouvré,11.418
235,2025-01-02 22:00:00,Accueil,21.3,-1.11,54.8,12,ouvré,10.534
8150,2025-03-09 21:00:00,Accueil,20.23,6.29,44.9,0,weekend,6.338
8260,2025-03-10 19:00:00,Accueil,21.37,4.34,,15,ouvré,10.389
5627,2025-02-16 21:00:00,Bureau_Sud,20.32,0.43,57.1,0,weekend,10.055
5540,2025-02-16 03:00:00,Accueil,21.2,-2.61,44.2,0,weekend,10.762
5729,2025-02-17 17:00:00,Salle_Serveur,19.79,5.78,47.2,0,ouvré,45.318
5341,2025-02-14 12:00:00,BUREAU NORD,20.03,6.15,54.6,3,ouvré,17.618
2036,2025-01-17 23:00:00,Bureau_Nord,20.48,2.1,49.7,6,ouvré,9.66
1953,2025-01-17 06:00:00,atelier,22.01,0.89,47.1,13,ouvré,15.832
8632,2025-03-13 22:00:00,bureau sud,20.71,5.83,46.6,3,ouvré,9.607
7215,2025-03-02 02:00:00,accueil ,,2.21,,0,weekend,9.051
10271,2025-03-27 14:00:00,Bureau_Nord,21.52,11.03,43.2,7,ouvré,13.8
5812,2025-02-18 10:00:00,Bureau_Sud,21.03,2.88,44.3,11,ouvré,16.003
5644,2025-02-17 00:00:00,Salle_Serveur,22.11,0.58,41.8,0,ouvré,47.459
5381,2025-02-14 20:00:00,bureau_nord,19.72,4.06,32.4,10,ouvré,12.036
4129,2025-02-04 09:00:00,Salle_Serveur,20.73,2.75,33.8,0,ouvré,46.288
4919,2025-02-10 23:00:00,Salle_Serveur,19.41,0.09,46.6,0,ouvré,48.001
10454,2025-03-29 02:00:00,Salle Serveur,18.77,3.64,,0,weekend,48.062
9298,2025-03-19 11:00:00,Atelier,20.39,7.07,37.6,11,ouvré,29.67
7956,2025-03-08 07:00:00,Bureau_Nord,22.5,3.26,34.2,0,weekend,10.371
7769,2025-03-06 17:00:00,Salle_Serveur,20.59,8.0,36.5,0,ouvré,45.235
9776,2025-03-23 11:00:00,BUREAU NORD,21.18,9.91,42.9,0,weekend,6.36
10612,2025-03-30 10:00:00,bureau sud,21.65,8.94,44.0,0,weekend,7.494
2412,2025-01-21 02:00:00,Bureau_Sud,21.27,-4.73,,0,ouvré,13.6
6239,2025-02-21 23:00:00,Salle Serveur,,1.08,42.7,0,ouvré,47.667
312,2025-01-03 14:00:00,bureau sud,20.77,7.03,52.0,16,ouvré,19.261
1293,2025-01-11 18:00:00,Atelier,21.65,6.3,,0,weekend,10.436
8189,2025-03-10 05:00:00,Salle_Serveur,20.03,1.18,52.4,0,ouvré,48.674
10253,2025-03-27 10:00:00,Atelier,20.81,8.66,50.1,10,ouvré,24.907
10249,2025-03-27 09:00:00,Salle_Serveur,21.82,6.96,51.9,0,ouvré,43.445
2619,2025-01-22 19:00:00,Salle_Serveur,21.02,2.86,48.7,0,ouvré,47.278
9612,2025-03-22 02:00:00,bureau sud,21.03,1.94,40.0,0,weekend,10.786
6193,2025-02-21 14:00:00,Atelier,21.01,9.08,51.9,5,ouvré,32.802
2323,2025-01-20 08:00:00,atelier,22.2,-0.32,44.9,9,ouvré,23.821
10662,2025-03-30 20:00:00,bureau sud,20.87,9.68,40.5,0,weekend,6.623
5906,2025-02-19 05:00:00,Bureau_Nord,19.6,-1.75,41.5,11,ouvré,10.213
5167,2025-02-13 01:00:00,bureau sud,20.97,-0.13,42.7,7,ouvré,
2990,2025-01-25 21:00:00,Accueil,19.98,1.1,47.7,0,weekend,9.674
5735,2025-02-17 18:00:00,accueil ,,8.69,41.9,6,ouvré,7.502
273,2025-01-03 06:00:00,atelier,20.93,-0.58,45.2,10,ouvré,17.457
8861,2025-03-15 20:00:00,BUREAU NORD,19.53,5.34,48.8,0,weekend,9.34
9445,2025-03-20 16:00:00,Accueil,20.45,10.68,,12,ouvré,9.513
5009,2025-02-11 17:00:00,Salle Serveur,20.39,7.65,51.6,0,ouvré,43.67
7326,2025-03-03 01:00:00,Bureau_Nord,21.98,-0.8,55.4,3,ouvré,12.123
4918,2025-02-10 23:00:00,atelier,20.19,0.09,36.9,13,ouvré,15.138
1389,2025-01-12 13:00:00,Salle Serveur,20.84,7.82,31.5,0,weekend,45.588
1283,2025-01-11 16:00:00,atelier,21.43,4.9,47.9,0,weekend,11.786
9429,2025-03-20 13:00:00,Salle_Serveur,22.2,8.18,42.5,0,ouvré,43.923
2576,2025-01-22 11:00:00,Bureau_Nord,21.84,4.48,37.0,12,ouvré,16.963
8220,2025-03-10 11:00:00,accueil ,20.49,7.05,41.8,,ouvré,12.898
4202,2025-02-05 00:00:00,bureau sud,20.75,1.11,55.6,4,ouvré,9.906
7428,2025-03-03 21:00:00,atelier,20.85,5.65,,7,ouvré,12.666
6701,2025-02-25 20:00:00,Bureau_Nord,21.31,5.76,41.3,11,ouvré,8.622
4656,2025-02-08 19:00:00,BUREAU NORD,20.96,2.9,47.9,0,weekend,9.777
520,2025-01-05 07:00:00,accueil ,21.56,-0.72,45.6,0,weekend,9.076
10229,2025-03-27 05:00:00,Salle_Serveur,21.27,3.56,54.1,0,ouvré,44.873
2976,2025-01-25 19:00:00,BUREAU NORD,20.81,2.75,38.0,0,weekend,
1909,2025-01-16 21:00:00,Salle_Serveur,20.78,2.65,34.2,0,ouvré,47.392
1424,2025-01-12 20:00:00,Salle Serveur,20.87,2.12,38.3,0,weekend,46.155
9868,2025-03-24 05:00:00,Atelier,22.19,3.08,48.1,4,ouvré,13.371
9812,2025-03-23 18:00:00,Bureau_Sud,19.53,8.05,40.7,0,weekend,9.043
4149,2025-02-04 13:00:00,Salle Serveur,20.57,7.52,47.3,,ouvré,44.55
9117,2025-03-17 23:00:00,bureau sud,18.81,3.74,51.5,4,ouvré,9.702
2999,2025-01-25 23:00:00,Salle Serveur,19.86,0.47,48.7,0,weekend,48.604
257,2025-01-03 03:00:00,Bureau_Sud,21.38,-0.96,49.2,9,ouvré,10.53
6523,2025-02-24 08:00:00,atelier,21.02,4.4,56.6,10,ouvré,21.342
1228,2025-01-11 05:00:00,atelier,22.06,-3.76,42.0,0,weekend,16.475
3067,2025-01-26 13:00:00,Bureau_Sud,21.87,5.66,36.9,0,weekend,8.849
10267,2025-03-27 13:00:00,Bureau_Sud,20.61,9.86,49.3,7,ouvré,15.767
6542,2025-02-24 12:00:00,Bureau_Sud,21.51,7.95,46.1,10,ouvré,19.329
5194,2025-02-13 06:00:00,Salle_Serveur,20.93,1.7,40.3,0,ouvré,47.468
7374,2025-03-03 10:00:00,Salle_Serveur,20.76,7.32,45.2,0,ouvré,44.669
10773,2025-03-31 18:00:00,Atelier,21.09,11.76,40.9,3,ouvré,17.999
5100,2025-02-12 11:00:00,Accueil,20.78,5.9,50.1,12,ouvré,13.238
8499,2025-03-12 19:00:00,Salle Serveur,,6.98,39.3,0,ouvré,44.666
10467,2025-03-29 05:00:00,Bureau_Sud,21.7,4.06,36.1,0,weekend,9.383
5413,2025-02-15 02:00:00,atelier,22.27,-0.81,44.8,0,weekend,16.317
5073,2025-02-12 06:00:00,atelier,21.07,-0.6,,6,ouvré,-14.893
3642,2025-01-31 08:00:00,bureau sud,21.47,0.48,49.3,0,ouvré,14.502
5395,2025-02-14 22:00:00,accueil ,20.2,1.67,31.2,6,ouvré,9.436
5158,2025-02-12 23:00:00,atelier,22.59,2.77,46.7,4,ouvré,13.332
5056,2025-02-12 03:00:00,bureau_nord,20.71,-0.04,56.6,10,ouvré,8.136
10149,2025-03-26 13:00:00,Salle_Serveur,21.74,9.95,51.8,0,ouvré,397.593
10721,2025-03-31 08:00:00,Bureau_Nord,20.66,6.26,47.1,8,ouvré,13.154
4214,2025-02-05 02:00:00,Salle Serveur,20.88,-0.24,43.0,0,ouvré,49.238
3016,2025-01-26 03:00:00,BUREAU NORD,20.03,-0.6,48.1,0,weekend,11.641
1795,2025-01-15 22:00:00,Accueil,20.88,0.57,43.9,3,ouvré,9.118
10085,2025-03-26 00:00:00,Accueil,20.67,4.51,49.0,8,ouvré,8.242
5907,2025-02-19 05:00:00,Bureau_Sud,20.82,-1.75,48.3,7,ouvré,14.17
6062,2025-02-20 12:00:00,bureau sud,22.1,4.64,46.3,0,ouvré,18.08
1518,2025-01-13 15:00:00,atelier,22.23,4.59,44.5,5,ouvré,30.699
8080,2025-03-09 07:00:00,Accueil,20.1,4.31,39.2,0,weekend,8.935
3087,2025-01-26 17:00:00,Bureau_Sud,20.47,3.53,44.5,0,weekend,8.566
10583,2025-03-30 04:00:00,Atelier,20.44,3.71,35.5,0,weekend,13.483
7742,2025-03-06 12:00:00,bureau sud,21.69,7.26,45.1,14,ouvré,18.837
6414,2025-02-23 10:00:00,Salle_Serveur,20.71,6.3,,0,weekend,44.85
5637,2025-02-16 23:00:00,bureau sud,20.64,1.19,37.5,0,weekend,11.602
5374,2025-02-14 18:00:00,Salle_Serveur,21.4,6.86,47.7,0,ouvré,44.138
1009,2025-01-09 09:00:00,Salle Serveur,21.23,3.59,47.9,0,ouvré,46.194
3713,2025-01-31 22:00:00,Atelier,20.76,2.92,31.0,10,ouvré,13.882
1580,2025-01-14 03:00:00,accueil ,23.54,-3.05,42.3,1,ouvré,10.539
7255,2025-03-02 10:00:00,accueil ,20.4,4.95,49.9,0,weekend,7.165
8008,2025-03-08 17:00:00,Atelier,22.07,8.82,46.2,0,weekend,10.8
3758,2025-02-01 07:00:00,Atelier,21.73,-0.53,52.5,0,weekend,15.657
8867,2025-03-15 21:00:00,bureau sud,20.22,3.45,43.9,0,weekend,9.797
194,2025-01-02 14:00:00,Salle_Serveur,20.23,6.33,34.4,0,ouvré,44.996
3845,2025-02-02 00:00:00,Accueil,21.4,-1.87,39.8,0,weekend,13.183
1784,2025-01-15 20:00:00,Salle_Serveur,19.28,2.6,37.7,0,ouvré,48.452
7361,2025-03-03 08:00:00,bureau_nord,22.34,5.46,45.5,7,ouvré,11.925
1017,2025-01-09 11:00:00,Bureau_Sud,20.48,4.29,37.7,6,ouvré,17.443
2801,2025-01-24 08:00:00,BUREAU NORD,21.42,-1.0,40.8,10,ouvré,13.853
10297,2025-03-27 19:00:00,bureau sud,21.99,8.13,51.8,9,ouvré,11.729
8421,2025-03-12 04:00:00,bureau_nord,20.24,-1.04,44.9,9,ouvré,10.695
3472,2025-01-29 22:00:00,Bureau_Sud,19.61,2.51,,7,ouvré,9.89
3066,2025-01-26 13:00:00,BUREAU NORD,20.29,5.66,39.9,0,weekend,9.195
3634,2025-01-31 06:00:00,Salle Serveur,21.44,2.05,47.1,0,ouvré,47.72
2526,2025-01-22 01:00:00,bureau_nord,21.62,-1.03,48.2,,ouvré,9.218
5230,2025-02-13 13:00:00,accueil ,20.27,6.2,55.1,6,ouvré,13.512
7297,2025-03-02 19:00:00,Bureau_Sud,22.2,8.24,50.7,0,weekend,9.929
10133,2025-03-26 10:00:00,atelier,22.04,9.16,39.6,7,ouvré,24.729
9461,2025-03-20 20:00:00,bureau_nord,19.16,7.77,44.9,5,ouvré,9.024
7143,2025-03-01 12:00:00,Atelier,20.77,7.1,39.7,0,weekend,11.42
6205,2025-02-21 16:00:00,Accueil,22.04,8.04,46.5,5,ouvré,10.052
7056,2025-02-28 19:00:00,bureau_nord,19.66,4.34,43.0,4,ouvré,10.025
950,2025-01-08 21:00:00,Accueil,21.73,0.92,46.3,10,ouvré,10.49
3053,2025-01-26 10:00:00,Atelier,19.72,2.35,45.5,0,weekend,15.432
9059,2025-03-17 11:00:00,Salle Serveur,20.8,7.59,36.7,0,ouvré,44.757
5982,2025-02-19 20:00:00,Bureau_Sud,20.73,4.39,55.0,6,ouvré,12.593
7693,2025-03-06 02:00:00,atelier,20.95,1.73,43.2,13,ouvré,12.873
1440,2025-01-12 23:00:00,accueil ,21.69,1.88,48.0,0,weekend,8.975
9839,2025-03-23 23:00:00,Salle Serveur,21.63,5.25,47.1,0,weekend,45.296
9610,2025-03-22 01:00:00,accueil ,21.67,3.46,49.6,0,weekend,8.886
2671,2025-01-23 06:00:00,BUREAU NORD,20.44,-1.41,45.1,6,ouvré,11.155
8758,2025-03-14 23:00:00,Atelier,20.44,5.45,41.3,12,ouvré,431.836
2168,2025-01-19 01:00:00,atelier,21.55,-1.24,54.6,0,weekend,16.235
239,2025-01-02 23:00:00,Salle_Serveur,21.32,1.8,48.2,0,ouvré,46.378
7654,2025-03-05 18:00:00,Salle Serveur,20.95,8.99,46.8,0,ouvré,41.899
9627,2025-03-22 05:00:00,Bureau_Sud,20.02,2.22,47.4,0,weekend,10.674
6134,2025-02-21 02:00:00,Salle_Serveur,21.39,-0.16,50.2,0,ouvré,48.284
6847,2025-02-27 01:00:00,bureau sud,21.79,0.99,47.9,3,ouvré,10.005
1398,2025-01-12 15:00:00,atelier,21.09,4.93,37.9,0,weekend,12.791
2150,2025-01-18 21:00:00,Accueil,20.97,3.67,,0,weekend,7.695
8996,2025-03-16 23:00:00,BUREAU NORD,20.07,3.78,37.8,0,weekend,9.415
2118,2025-01-18 15:00:00,atelier,20.73,5.08,,0,weekend,11.63
5873,2025-02-18 22:00:00,atelier,20.41,1.19,53.8,12,ouvré,14.758
5428,2025-02-15 05:00:00,Atelier,22.35,-0.87,43.8,0,weekend,15.524
8790,2025-03-15 05:00:00,accueil ,22.71,3.36,51.9,0,weekend,8.206
8036,2025-03-08 23:00:00,bureau_nord,21.04,2.83,42.8,0,weekend,9.982
4474,2025-02-07 06:00:00,Salle Serveur,20.04,-0.01,49.5,0,ouvré,48.746
7985,2025-03-08 12:00:00,Accueil,22.29,7.73,46.6,0,weekend,7.931
2891,2025-01-25 02:00:00,bureau_nord,21.5,1.12,39.3,0,weekend,10.88
1173,2025-01-10 18:00:00,Atelier,20.68,3.48,44.8,6,ouvré,21.968
5319,2025-02-14 07:00:00,Salle_Serveur,,0.65,45.6,0,ouvré,573.755
6191,2025-02-21 14:00:00,Bureau_Nord,21.12,9.08,47.1,5,ouvré,15.343
904,2025-01-08 12:00:00,Salle_Serveur,20.32,5.37,42.9,,ouvré,46.019
10544,2025-03-29 20:00:00,Salle_Serveur,21.58,7.77,44.4,0,weekend,43.099
7112,2025-03-01 06:00:00,bureau sud,20.46,1.61,44.8,0,weekend,10.45
5603,2025-02-16 16:00:00,Atelier,21.29,6.76,54.9,0,weekend,12.071
722,2025-01-07 00:00:00,bureau sud,19.77,-0.1,46.9,6,ouvré,11.189
1631,2025-01-14 14:00:00,BUREAU NORD,20.84,6.44,48.5,12,ouvré,17.01
1449,2025-01-13 01:00:00,Salle_Serveur,20.83,-1.05,46.0,0,ouvré,48.332
4560,2025-02-07 23:00:00,accueil ,20.86,-0.58,41.3,5,ouvré,319.729
16,2025-01-01 03:00:00,BUREAU NORD,20.94,-2.91,49.5,5,férié,11.75
8663,2025-03-14 04:00:00,Atelier,20.94,3.03,49.4,12,ouvré,12.636
3664,2025-01-31 12:00:00,Salle Serveur,20.8,4.31,51.0,0,ouvré,45.32
6338,2025-02-22 19:00:00,atelier,21.11,3.65,34.8,0,weekend,13.288
953,2025-01-08 22:00:00,Atelier,21.13,1.26,40.8,6,ouvré,13.985
356,2025-01-03 23:00:00,bureau_nord,21.8,-0.33,44.9,0,ouvré,10.915
9132,2025-03-18 02:00:00,bureau sud,20.34,1.17,45.8,1,ouvré,9.836
8361,2025-03-11 16:00:00,BUREAU NORD,20.03,9.3,55.7,12,ouvré,12.396
9455,2025-03-20 18:00:00,Accueil,21.25,8.77,44.9,2,ouvré,9.223
4444,2025-02-07 00:00:00,Salle_Serveur,21.51,-1.06,54.6,0,ouvré,49.84
978,2025-01-09 03:00:00,Atelier,21.6,-0.79,42.6,1,ouvré,14.628
791,2025-01-07 14:00:00,bureau_nord,20.97,6.11,47.3,6,ouvré,18.122
4739,2025-02-09 11:00:00,Salle Serveur,19.1,4.46,40.1,0,weekend,47.45
8997,2025-03-16 23:00:00,Bureau_Sud,20.33,3.78,49.4,0,weekend,10.858
7227,2025-03-02 05:00:00,Bureau_Sud,20.07,3.03,60.8,0,weekend,10.563
3649,2025-01-31 09:00:00,Salle Serveur,19.8,3.66,40.6,0,ouvré,47.381
5565,2025-02-16 08:00:00,accueil ,21.58,2.01,45.9,0,weekend,9.785
2542,2025-01-22 04:00:00,bureau sud,20.52,-1.5,39.1,11,ouvré,12.312
8288,2025-03-11 01:00:00,Atelier,20.37,5.02,42.0,17,ouvré,13.45
3271,2025-01-28 06:00:00,bureau_nord,21.3,-1.62,36.4,6,ouvré,10.917
5979,2025-02-19 19:00:00,Salle Serveur,21.5,6.11,39.1,0,ouvré,46.718
9300,2025-03-19 11:00:00,Accueil,-999,7.07,42.3,,ouvré,11.164
2157,2025-01-18 23:00:00,bureau sud,19.9,2.27,,0,weekend,10.516
4812,2025-02-10 02:00:00,bureau sud,20.91,-1.56,37.0,,ouvré,12.099
5110,2025-02-12 13:00:00,Accueil,21.2,6.25,49.8,2,ouvré,13.154
997,2025-01-09 07:00:00,bureau sud,19.76,-0.4,49.6,2,ouvré,12.832
5195,2025-02-13 06:00:00,Accueil,21.53,1.7,40.6,6,ouvré,9.997
7711,2025-03-06 06:00:00,Bureau_Nord,20.62,2.86,39.8,10,ouvré,9.686
4951,2025-02-11 06:00:00,BUREAU NORD,22.28,-0.03,43.3,13,ouvré,13.918
6895,2025-02-27 10:00:00,accueil ,21.81,4.35,49.1,4,ouvré,12.993
4637,2025-02-08 15:00:00,Bureau_Sud,20.73,7.76,39.1,0,weekend,8.524
1024,2025-01-09 12:00:00,Salle Serveur,22.04,3.04,52.4,0,ouvré,45.278
4059,2025-02-03 19:00:00,Salle_Serveur,21.24,3.33,40.2,0,ouvré,45.458
8780,2025-03-15 03:00:00,accueil ,20.27,1.55,35.7,0,weekend,9.401
1065,2025-01-09 20:00:00,accueil ,20.66,3.47,43.8,9,ouvré,8.384
4258,2025-02-05 11:00:00,atelier,20.51,2.88,43.2,6,ouvré,31.114
2332,2025-01-20 10:00:00,bureau sud,21.29,3.07,54.8,6,ouvré,16.981
2640,2025-01-22 23:00:00,Accueil,20.84,-0.34,45.6,10,ouvré,10.593
9641,2025-03-22 08:00:00,bureau_nord,21.01,5.75,51.5,0,weekend,9.794
8981,2025-03-16 20:00:00,BUREAU NORD,21.2,6.48,58.8,0,weekend,8.379
5249,2025-02-13 17:00:00,Salle Serveur,21.95,4.93,40.3,0,ouvré,45.863
4966,2025-02-11 09:00:00,Bureau_Nord,,2.34,31.3,13,ouvré,14.67
9519,2025-03-21 07:00:00,Salle_Serveur,21.27,3.71,42.9,0,ouvré,46.304
7394,2025-03-03 14:00:00,Salle_Serveur,20.71,7.26,42.4,0,ouvré,46.998
934,2025-01-08 18:00:00,Salle Serveur,20.41,6.01,46.7,0,ouvré,47.417
4229,2025-02-05 05:00:00,Salle_Serveur,22.52,0.34,44.9,0,ouvré,47.991
7407,2025-03-03 17:00:00,Bureau_Sud,20.94,7.2,53.0,,ouvré,13.866
4892,2025-02-10 18:00:00,Bureau_Sud,-999,3.61,41.3,10,ouvré,14.366
7633,2025-03-05 14:00:00,atelier,20.03,8.98,36.9,0,ouvré,30.85
8154,2025-03-09 22:00:00,Salle_Serveur,22.01,3.34,41.0,0,weekend,45.569
1499,2025-01-13 11:00:00,Salle_Serveur,19.75,4.0,38.4,0,ouvré,46.873
10319,2025-03-27 23:00:00,Salle Serveur,20.42,5.86,44.2,0,ouvré,45.45
8052,2025-03-09 02:00:00,Bureau_Sud,21.55,0.17,42.4,0,weekend,10.799
7658,2025-03-05 19:00:00,Atelier,20.76,7.69,38.8,7,ouvré,15.623
4132,2025-02-04 10:00:00,Bureau_Sud,,4.33,39.5,0,ouvré,16.475
3371,2025-01-29 02:00:00,Bureau_Nord,20.74,-1.81,48.7,3,ouvré,11.624
4445,2025-02-07 00:00:00,accueil ,20.06,-1.06,50.4,,ouvré,10.378
5208,2025-02-13 09:00:00,atelier,20.7,2.09,43.4,3,ouvré,25.553
9632,2025-03-22 06:00:00,bureau sud,20.72,3.13,44.6,,weekend,9.477
998,2025-01-09 07:00:00,Atelier,19.51,-0.4,53.8,3,ouvré,19.002
8472,2025-03-12 14:00:00,bureau sud,19.66,9.5,45.7,10,ouvré,18.205
9056,2025-03-17 11:00:00,bureau_nord,19.89,7.59,44.7,5,ouvré,15.309
10574,2025-03-30 02:00:00,Salle Serveur,20.76,3.93,47.7,0,weekend,45.304
6655,2025-02-25 10:00:00,accueil ,20.57,5.49,45.8,,ouvré,12.332
6644,2025-02-25 08:00:00,Salle Serveur,22.18,4.84,44.9,0,ouvré,654.377
5871,2025-02-18 22:00:00,BUREAU NORD,19.09,1.19,36.5,10,ouvré,9.015
3438,2025-01-29 15:00:00,Atelier,22.02,5.04,42.6,6,ouvré,30.773
10083,2025-03-26 00:00:00,atelier,19.07,4.51,49.5,7,ouvré,12.383
2101,2025-01-18 12:00:00,BUREAU NORD,21.37,5.98,44.7,0,weekend,8.606
2908,2025-01-25 05:00:00,atelier,21.2,-1.1,48.6,0,weekend,15.569
6988,2025-02-28 05:00:00,Atelier,19.39,1.27,39.6,0,ouvré,14.273
3857,2025-02-02 03:00:00,bureau sud,20.64,-1.87,51.4,0,weekend,12.867
10340,2025-03-28 03:00:00,Accueil,20.93,3.71,42.6,5,ouvré,7.3
5632,2025-02-16 22:00:00,bureau sud,21.49,2.03,39.9,0,weekend,10.567
6310,2025-02-22 13:00:00,accueil ,20.59,7.55,43.2,0,weekend,9.266
6631,2025-02-25 06:00:00,Bureau_Nord,20.36,1.02,51.1,15,ouvré,10.791
3853,2025-02-02 02:00:00,atelier,20.12,-1.4,46.2,0,weekend,15.059
9989,2025-03-25 05:00:00,Salle Serveur,21.05,3.02,43.9,0,ouvré,47.087
4795,2025-02-09 22:00:00,accueil ,21.12,1.3,45.1,0,weekend,10.03
10092,2025-03-26 02:00:00,Bureau_Sud,21.11,2.7,34.6,5,ouvré,10.018
8342,2025-03-11 12:00:00,Bureau_Sud,20.47,8.49,33.2,6,ouvré,17.215
10757,2025-03-31 15:00:00,Bureau_Sud,20.59,10.5,49.8,6,ouvré,16.064
7747,2025-03-06 13:00:00,bureau sud,22.5,8.78,46.2,,ouvré,18.726
7619,2025-03-05 11:00:00,Salle Serveur,19.52,6.1,37.5,0,ouvré,45.172
1210,2025-01-11 01:00:00,Accueil,21.17,-0.49,44.2,0,weekend,9.398
5763,2025-02-18 00:00:00,atelier,21.02,1.22,39.7,11,ouvré,13.816
4447,2025-02-07 01:00:00,Bureau_Sud,21.61,-1.62,44.3,6,ouvré,11.997
6920,2025-02-27 15:00:00,Accueil,20.47,9.48,37.0,8,ouvré,10.365
7025,2025-02-28 12:00:00,Accueil,20.3,6.81,49.8,9,ouvré,13.426
9473,2025-03-20 22:00:00,atelier,21.55,8.65,46.8,7,ouvré,9.383
5734,2025-02-17 18:00:00,Salle Serveur,19.93,8.69,50.2,0,ouvré,43.922
3212,2025-01-27 18:00:00,bureau sud,21.81,5.34,27.9,7,ouvré,13.35
10174,2025-03-26 18:00:00,Salle Serveur,21.83,10.82,60.5,0,ouvré,43.12
6695,2025-02-25 18:00:00,Accueil,,7.6,42.5,5,ouvré,9.237
10102,2025-03-26 04:00:00,bureau sud,21.1,2.8,38.0,6,ouvré,11.343
6981,2025-02-28 04:00:00,Bureau_Nord,22.28,0.42,37.6,6,ouvré,11.753
1827,2025-01-16 05:00:00,bureau sud,20.41,-0.72,50.2,9,ouvré,12.503
7333,2025-03-03 02:00:00,atelier,20.81,2.22,48.0,5,ouvré,13.839
2030,2025-01-17 21:00:00,Accueil,20.89,0.68,39.1,16,ouvré,9.6
4850,2025-02-10 09:00:00,Accueil,21.29,2.37,36.5,,ouvré,12.784
6709,2025-02-25 21:00:00,Salle_Serveur,20.33,1.9,49.8,0,ouvré,48.158
9342,2025-03-19 20:00:00,bureau sud,20.29,8.96,50.5,13,ouvré,9.609
4236,2025-02-05 07:00:00,Bureau_Nord,19.7,1.84,44.0,7,ouvré,13.378
4476,2025-02-07 07:00:00,BUREAU NORD,-999,-0.1,45.7,5,ouvré,11.58
8309,2025-03-11 05:00:00,Salle Serveur,19.79,3.08,45.9,0,ouvré,46.59
6723,2025-02-26 00:00:00,Atelier,20.94,1.7,47.0,4,ouvré,13.368
7995,2025-03-08 14:00:00,accueil ,21.27,8.66,43.4,0,weekend,4.794
7171,2025-03-01 18:00:00,BUREAU NORD,20.06,8.23,,0,weekend,6.606
10261,2025-03-27 12:00:00,BUREAU NORD,20.66,7.85,38.8,10,ouvré,15.577
6319,2025-02-22 15:00:00,Salle_Serveur,18.37,6.38,42.7,0,weekend,45.352
7090,2025-03-01 01:00:00,Accueil,20.92,2.86,44.1,0,weekend,8.507
1272,2025-01-11 14:00:00,bureau sud,21.16,5.34,34.4,0,weekend,9.591
9084,2025-03-17 16:00:00,Salle Serveur,20.83,9.27,40.8,0,ouvré,44.415
5062,2025-02-12 04:00:00,Bureau_Sud,20.37,-0.13,37.3,8,ouvré,12.516
9353,2025-03-19 22:00:00,Atelier,20.74,6.22,48.1,9,ouvré,11.147
4281,2025-02-05 16:00:00,Bureau_Nord,20.32,7.8,45.3,8,ouvré,15.224
7041,2025-02-28 16:00:00,BUREAU NORD,21.32,8.61,33.2,5,ouvré,13.291
6985,2025-02-28 04:00:00,accueil ,21.05,0.42,50.0,8,ouvré,10.721
1964,2025-01-17 08:00:00,Salle_Serveur,21.58,1.42,42.1,0,ouvré,48.109
10745,2025-03-31 12:00:00,accueil ,22.39,9.19,43.4,16,ouvré,12.35
645,2025-01-06 08:00:00,Accueil,20.35,1.37,48.6,8,ouvré,11.434
6276,2025-02-22 07:00:00,BUREAU NORD,21.93,3.49,41.5,0,weekend,8.853
2299,2025-01-20 03:00:00,Salle Serveur,19.61,-2.48,44.9,0,ouvré,47.53
3151,2025-01-27 06:00:00,bureau_nord,20.3,-0.06,31.6,6,ouvré,13.209
6557,2025-02-24 15:00:00,Bureau_Sud,21.61,7.61,,1,ouvré,16.936
9236,2025-03-18 23:00:00,Bureau_Nord,20.76,2.26,49.8,11,ouvré,502.567
9267,2025-03-19 05:00:00,bureau sud,19.49,3.8,51.4,4,ouvré,10.701
9031,2025-03-17 06:00:00,Bureau_Nord,21.78,3.83,55.8,10,ouvré,11.269
6481,2025-02-24 00:00:00,bureau_nord,21.43,-0.03,49.1,8,ouvré,8.938
9996,2025-03-25 07:00:00,Bureau_Nord,21.21,4.89,50.7,10,ouvré,377.777
5389,2025-02-14 21:00:00,Salle Serveur,21.56,2.45,41.1,0,ouvré,46.255
4549,2025-02-07 21:00:00,Salle_Serveur,21.43,-0.49,33.8,0,ouvré,47.457
1439,2025-01-12 23:00:00,Salle_Serveur,21.1,1.88,,0,weekend,48.255
441,2025-01-04 16:00:00,Bureau_Nord,19.74,6.03,43.1,0,weekend,8.601
2408,2025-01-21 01:00:00,atelier,22.57,-1.33,42.0,5,ouvré,15.378
8210,2025-03-10 09:00:00,Accueil,22.07,4.28,46.1,4,ouvré,11.498
3129,2025-01-27 01:00:00,Salle_Serveur,21.25,0.2,45.8,0,ouvré,46.689
5120,2025-02-12 15:00:00,Accueil,22.36,6.53,45.3,9,ouvré,11.465
3015,2025-01-26 02:00:00,Accueil,20.97,-0.38,46.0,0,weekend,8.712
3414,2025-01-29 10:00:00,Salle Serveur,21.54,5.63,44.5,0,ouvré,45.85
2878,2025-01-24 23:00:00,atelier,21.42,-1.78,45.9,3,ouvré,14.895
9848,2025-03-24 01:00:00,atelier,20.94,3.75,56.6,14,ouvré,12.407
7194,2025-03-01 22:00:00,Salle Serveur,18.39,2.79,44.0,0,weekend,48.2
8346,2025-03-11 13:00:00,bureau_nord,21.05,7.73,38.1,8,ouvré,15.909
7975,2025-03-08 10:00:00,accueil ,21.38,6.88,42.5,0,weekend,6.664
4193,2025-02-04 22:00:00,Atelier,19.98,1.32,42.7,3,ouvré,796.522
1395,2025-01-12 14:00:00,accueil ,19.2,3.38,43.4,0,weekend,
7153,2025-03-01 14:00:00,atelier,20.97,8.81,48.8,0,weekend,9.791
8829,2025-03-15 13:00:00,Salle_Serveur,21.33,8.85,42.0,,weekend,46.715
2127,2025-01-18 17:00:00,bureau sud,20.7,5.33,43.2,0,weekend,9.14
10426,2025-03-28 21:00:00,BUREAU NORD,20.91,8.79,37.4,12,ouvré,6.964
9890,2025-03-24 09:00:00,accueil ,18.61,7.6,46.8,5,ouvré,10.998
10251,2025-03-27 10:00:00,Bureau_Nord,20.36,8.66,56.6,9,ouvré,12.731
1564,2025-01-14 00:00:00,Salle_Serveur,21.72,-2.39,45.1,0,ouvré,48.529
7450,2025-03-04 01:00:00,Accueil,20.85,2.14,,11,ouvré,8.407
2938,2025-01-25 11:00:00,Atelier,21.44,4.57,44.2,0,weekend,12.922
5822,2025-02-18 12:00:00,bureau sud,22.2,7.14,51.1,12,ouvré,
1613,2025-01-14 10:00:00,Atelier,22.01,3.49,50.5,6,ouvré,27.387
7384,2025-03-03 12:00:00,Salle_Serveur,21.78,9.28,39.6,0,ouvré,43.92
685,2025-01-06 16:00:00,accueil ,21.27,5.83,40.2,2,ouvré,11.368
10571,2025-03-30 02:00:00,bureau_nord,21.43,3.93,47.3,0,weekend,9.735
9731,2025-03-23 02:00:00,BUREAU NORD,-999,1.84,34.3,0,weekend,9.708
5478,2025-02-15 15:00:00,atelier,20.27,8.65,44.2,0,weekend,13.488
967,2025-01-09 01:00:00,Bureau_Sud,20.05,1.93,52.2,9,ouvré,9.725
7000,2025-02-28 07:00:00,accueil ,20.25,2.63,38.5,9,ouvré,10.767
8336,2025-03-11 11:00:00,bureau_nord,,6.75,,2,ouvré,13.627
10410,2025-03-28 17:00:00,Accueil,21.27,12.8,31.2,7,,6.714
2737,2025-01-23 19:00:00,Bureau_Sud,22.0,3.26,50.1,3,ouvré,11.49
3760,2025-02-01 07:00:00,Accueil,20.7,-0.53,54.3,0,weekend,11.283
6819,2025-02-26 19:00:00,Salle_Serveur,20.86,6.95,51.9,0,ouvré,45.475
6609,2025-02-25 01:00:00,Salle Serveur,20.31,0.57,60.1,0,ouvré,46.021
1674,2025-01-14 22:00:00,Salle_Serveur,,2.09,37.6,0,ouvré,48.418
9698,2025-03-22 19:00:00,atelier,19.81,9.64,49.6,0,weekend,10.316
6654,2025-02-25 10:00:00,Salle_Serveur,21.48,5.49,45.9,0,ouvré,44.559
9807,2025-03-23 17:00:00,Bureau_Sud,19.81,10.65,39.9,,weekend,6.896
8442,2025-03-12 08:00:00,Bureau_Sud,,3.6,,,ouvré,12.963
1463,2025-01-13 04:00:00,Atelier,21.67,-5.14,43.4,3,ouvré,17.019
7904,2025-03-07 20:00:00,Salle_Serveur,20.64,6.46,34.7,0,ouvré,46.38
4931,2025-02-11 02:00:00,Bureau_Nord,21.61,-0.1,53.1,3,ouvré,712.037
1751,2025-01-15 14:00:00,bureau_nord,20.33,8.19,46.2,6,ouvré,17.051
802,2025-01-07 16:00:00,bureau sud,21.11,5.75,42.1,8,ouvré,16.008
7168,2025-03-01 17:00:00,Atelier,20.6,7.22,47.6,0,weekend,10.177
10200,2025-03-26 23:00:00,accueil ,21.01,2.25,42.6,12,ouvré,8.585
3309,2025-01-28 13:00:00,Salle Serveur,22.01,5.93,47.5,0,ouvré,45.03
3491,2025-01-30 02:00:00,Bureau_Nord,20.49,-2.41,41.0,11,ouvré,11.832
3169,2025-01-27 09:00:00,Salle_Serveur,21.33,2.56,33.2,0,ouvré,46.812
2035,2025-01-17 22:00:00,Accueil,20.67,0.52,38.9,3,ouvré,10.222
9574,2025-03-21 18:00:00,Salle Serveur,20.11,6.73,39.2,0,ouvré,45.319
2571,2025-01-22 10:00:00,Bureau_Nord,22.11,3.35,40.1,13,ouvré,16.741
4333,2025-02-06 02:00:00,atelier,21.5,-2.85,42.4,9,ouvré,16.215
7142,2025-03-01 12:00:00,Bureau_Sud,21.6,7.1,49.2,0,weekend,8.632
5594,2025-02-16 14:00:00,Salle Serveur,21.71,8.9,35.4,0,weekend,44.511
8991,2025-03-16 22:00:00,bureau_nord,21.49,4.82,45.6,0,weekend,11.044
8492,2025-03-12 18:00:00,bureau sud,20.1,8.1,54.2,8,ouvré,11.541
9798,2025-03-23 15:00:00,atelier,21.15,10.54,50.0,0,weekend,12.163
9738,2025-03-23 03:00:00,atelier,21.42,3.72,39.8,0,weekend,12.008
507,2025-01-05 05:00:00,bureau sud,19.96,-0.69,44.5,0,weekend,11.784
4886,2025-02-10 17:00:00,Bureau_Nord,22.14,6.68,49.0,,ouvré,12.177
5755,2025-02-17 22:00:00,accueil ,19.95,1.66,48.5,5,,11.015
6672,2025-02-25 14:00:00,bureau sud,20.61,5.28,44.8,6,ouvré,18.178
1686,2025-01-15 01:00:00,bureau_nord,21.92,-0.12,47.8,14,,8.531
3927,2025-02-02 17:00:00,bureau sud,22.3,5.27,40.6,0,weekend,8.629
8815,2025-03-15 10:00:00,accueil ,20.48,5.42,43.0,0,weekend,8.869
6213,2025-02-21 18:00:00,Atelier,19.64,5.82,37.3,6,ouvré,20.89
18,2025-01-01 03:00:00,Atelier,20.65,-2.91,44.8,9,férié,15.615
4996,2025-02-11 15:00:00,Bureau_Nord,21.09,7.49,38.6,2,ouvré,15.617
3986,2025-02-03 05:00:00,BUREAU NORD,21.07,-0.49,46.2,9,ouvré,10.837
7585,2025-03-05 04:00:00,accueil ,20.83,-0.68,51.0,0,ouvré,10.291
2789,2025-01-24 05:00:00,Salle Serveur,21.32,-1.44,52.9,0,ouvré,48.637
9077,2025-03-17 15:00:00,Bureau_Sud,21.65,10.84,47.9,11,ouvré,14.129
9914,2025-03-24 14:00:00,Salle Serveur,,10.86,49.4,0,ouvré,41.496
1155,2025-01-10 14:00:00,accueil ,21.58,4.9,49.0,5,ouvré,13.84
6587,2025-02-24 21:00:00,bureau sud,21.13,2.77,46.8,4,ouvré,11.903
3078,2025-01-26 15:00:00,Atelier,21.22,7.32,45.3,0,weekend,10.886
4576,2025-02-08 03:00:00,bureau_nord,22.06,-2.58,40.6,0,weekend,11.464
8337,2025-03-11 11:00:00,Bureau_Sud,20.89,6.75,45.9,10,ouvré,17.768
7343,2025-03-03 04:00:00,Atelier,21.08,-0.6,36.1,7,ouvré,14.158
8639,2025-03-13 23:00:00,Salle Serveur,22.35,2.47,40.9,0,ouvré,46.948
8769,2025-03-15 01:00:00,Salle_Serveur,21.38,3.56,37.8,0,weekend,46.157
4184,2025-02-04 20:00:00,Salle Serveur,21.69,4.4,45.0,0,ouvré,47.281
8839,2025-03-15 15:00:00,Salle Serveur,20.83,8.22,50.1,0,weekend,42.393
8417,2025-03-12 03:00:00,bureau sud,21.25,1.82,44.5,2,ouvré,8.935
2754,2025-01-23 22:00:00,Salle_Serveur,21.49,0.37,,0,ouvré,47.83
1163,2025-01-10 16:00:00,Atelier,22.27,4.55,45.1,,ouvré,27.854
8179,2025-03-10 03:00:00,Salle Serveur,21.81,1.43,45.2,0,ouvré,47.573
7597,2025-03-05 07:00:00,bureau sud,21.57,3.64,49.6,2,ouvré,10.8
3167,2025-01-27 09:00:00,Bureau_Sud,20.62,2.56,50.3,2,ouvré,16.125
8646,2025-03-14 01:00:00,BUREAU NORD,20.71,2.31,43.9,2,ouvré,9.174
9388,2025-03-20 05:00:00,Atelier,20.7,5.23,43.7,14,ouvré,14.782
3673,2025-01-31 14:00:00,atelier,21.68,7.61,55.1,1,ouvré,31.664
7334,2025-03-03 02:00:00,Salle_Serveur,19.45,2.22,37.9,0,ouvré,47.712
5519,2025-02-15 23:00:00,Salle_Serveur,20.47,0.98,46.8,0,weekend,48.889
6681,2025-02-25 16:00:00,BUREAU NORD,19.8,7.84,43.5,17,ouvré,14.339
4108,2025-02-04 05:00:00,atelier,21.19,-0.32,57.0,5,ouvré,15.224
910,2025-01-08 13:00:00,accueil ,20.26,4.26,55.1,9,ouvré,14.092
8933,2025-03-16 10:00:00,atelier,21.51,7.49,41.2,0,weekend,12.46
10704,2025-03-31 04:00:00,Salle Serveur,21.6,3.37,44.7,0,ouvré,46.266
517,2025-01-05 07:00:00,bureau sud,22.2,-0.72,44.2,0,weekend,13.832
10228,2025-03-27 05:00:00,Atelier,22.02,3.56,44.5,9,ouvré,15.005
5095,2025-02-12 10:00:00,Accueil,19.75,1.7,43.3,4,ouvré,12.274
3512,2025-01-30 06:00:00,bureau sud,21.95,-2.4,50.5,7,ouvré,13.723
2004,2025-01-17 16:00:00,Salle Serveur,20.73,4.74,51.3,0,ouvré,44.481
9661,2025-03-22 12:00:00,bureau_nord,21.04,9.39,53.9,0,weekend,6.003
1730,2025-01-15 09:00:00,accueil ,20.73,3.08,47.0,10,ouvré,11.521
8476,2025-03-12 15:00:00,BUREAU NORD,20.62,8.06,59.3,8,ouvré,14.565
3027,2025-01-26 05:00:00,bureau sud,20.18,-1.67,50.9,0,weekend,13.577
1548,2025-01-13 21:00:00,Atelier,19.95,-0.94,48.1,11,ouvré,15.591
5614,2025-02-16 18:00:00,Salle_Serveur,21.48,8.88,45.4,0,weekend,44.16
7858,2025-03-07 11:00:00,Atelier,20.4,6.28,47.2,4,ouvré,31.66
894,2025-01-08 10:00:00,Salle Serveur,,-0.85,49.4,0,ouvré,49.931
10269,2025-03-27 13:00:00,Salle_Serveur,21.45,9.86,49.5,0,ouvré,43.589
2427,2025-01-21 05:00:00,Bureau_Sud,20.61,-2.14,48.6,11,ouvré,13.462
3929,2025-02-02 17:00:00,Salle_Serveur,20.65,5.27,38.3,0,weekend,44.783
7087,2025-03-01 01:00:00,Bureau_Sud,20.74,2.86,50.9,0,weekend,10.632
506,2025-01-05 05:00:00,BUREAU NORD,21.77,-0.69,44.5,0,weekend,9.878
3488,2025-01-30 01:00:00,atelier,21.69,-3.74,43.9,9,ouvré,17.48
10691,2025-03-31 02:00:00,Bureau_Nord,21.34,1.95,41.8,9,ouvré,10.477
5072,2025-02-12 06:00:00,Bureau_Sud,19.38,-0.6,45.2,5,ouvré,12.149
6909,2025-02-27 13:00:00,Salle Serveur,20.76,7.52,38.7,0,ouvré,45.24
3050,2025-01-26 09:00:00,accueil ,22.95,3.7,,0,weekend,842.785
9174,2025-03-18 10:00:00,Salle Serveur,21.51,6.54,41.9,0,ouvré,44.425
2112,2025-01-18 14:00:00,bureau sud,21.34,4.5,40.7,0,weekend,9.6
8541,2025-03-13 04:00:00,BUREAU NORD,21.42,1.08,41.5,7,ouvré,9.595
4571,2025-02-08 02:00:00,bureau_nord,22.58,-1.12,49.7,0,weekend,11.898
4883,2025-02-10 16:00:00,atelier,22.12,6.18,39.5,8,ouvré,26.476
8753,2025-03-14 22:00:00,Atelier,20.01,5.39,34.2,10,ouvré,12.066
6969,2025-02-28 01:00:00,Salle Serveur,20.84,0.95,30.2,0,ouvré,47.708
5888,2025-02-19 01:00:00,atelier,20.83,-1.05,47.0,10,ouvré,15.429
2812,2025-01-24 10:00:00,Bureau_Sud,20.75,2.88,53.0,15,ouvré,17.53
77,2025-01-01 15:00:00,bureau sud,21.34,5.97,40.6,9,férié,19.347
1075,2025-01-09 22:00:00,Accueil,21.17,3.46,38.3,3,ouvré,7.628
5698,2025-02-17 11:00:00,Atelier,22.02,4.6,44.7,5,ouvré,30.791
8882,2025-03-16 00:00:00,bureau sud,20.63,4.99,44.2,0,weekend,9.607
5963,2025-02-19 16:00:00,atelier,20.83,5.43,43.5,15,ouvré,26.305
3434,2025-01-29 14:00:00,Salle_Serveur,21.49,5.96,46.1,0,ouvré,45.734
9511,2025-03-21 06:00:00,Bureau_Nord,20.28,4.19,39.1,0,ouvré,9.288
630,2025-01-06 05:00:00,accueil ,22.84,-2.04,37.5,8,ouvré,12.307
7910,2025-03-07 21:00:00,accueil ,21.47,6.86,42.4,13,ouvré,
3146,2025-01-27 05:00:00,Bureau_Nord,,-1.44,46.5,11,ouvré,11.838
6157,2025-02-21 07:00:00,bureau sud,22.01,0.9,33.6,8,ouvré,13.837
2113,2025-01-18 14:00:00,Atelier,21.6,4.5,45.6,0,weekend,13.852
7795,2025-03-06 22:00:00,accueil ,21.03,4.08,50.2,16,ouvré,8.929
7312,2025-03-02 22:00:00,Bureau_Sud,20.76,4.21,45.7,0,weekend,8.992
8959,2025-03-16 15:00:00,Salle Serveur,20.78,10.81,53.0,0,weekend,45.487
6626,2025-02-25 05:00:00,bureau_nord,20.09,0.45,51.8,1,ouvré,10.622
642,2025-01-06 08:00:00,bureau sud,19.79,1.37,36.5,6,ouvré,14.447
8920,2025-03-16 07:00:00,accueil ,20.37,5.96,39.7,0,weekend,7.097
10014,2025-03-25 10:00:00,Salle Serveur,20.33,8.28,51.1,0,ouvré,44.663
6218,2025-02-21 19:00:00,Atelier,21.68,8.55,42.7,4,ouvré,15.634
6999,2025-02-28 07:00:00,Salle Serveur,20.77,2.63,48.5,0,ouvré,47.92
6216,2025-02-21 19:00:00,bureau_nord,22.48,8.55,45.3,11,ouvré,9.142
4954,2025-02-11 06:00:00,Salle Serveur,20.41,-0.03,36.9,0,ouvré,46.903
1050,2025-01-09 17:00:00,Accueil,20.39,6.21,43.5,,ouvré,9.797
3181,2025-01-27 12:00:00,BUREAU NORD,20.97,4.98,,,ouvré,17.724
5711,2025-02-17 14:00:00,Bureau_Nord,21.84,7.55,47.7,3,ouvré,17.866
7565,2025-03-05 00:00:00,Accueil,20.51,3.43,36.0,9,ouvré,7.782
9892,2025-03-24 10:00:00,Bureau_Sud,21.93,8.15,45.0,3,ouvré,14.076
9689,2025-03-22 17:00:00,Salle_Serveur,21.58,10.78,53.9,0,weekend,42.253
5804,2025-02-18 08:00:00,Salle_Serveur,20.88,3.37,50.4,0,ouvré,45.208
10323,2025-03-28 00:00:00,atelier,17.91,4.84,32.8,8,ouvré,13.803
1621,2025-01-14 12:00:00,BUREAU NORD,21.77,3.56,45.9,13,ouvré,18.789
2543,2025-01-22 04:00:00,atelier,21.67,-1.5,45.4,4,ouvré,14.726
1513,2025-01-13 14:00:00,atelier,20.96,5.96,52.8,4,ouvré,32.724
8767,2025-03-15 01:00:00,Bureau_Sud,,3.56,46.8,0,weekend,10.202
611,2025-01-06 02:00:00,BUREAU NORD,19.95,-3.24,,0,ouvré,12.219
10301,2025-03-27 20:00:00,bureau_nord,21.13,8.12,49.4,9,ouvré,8.179
6412,2025-02-23 10:00:00,bureau sud,19.9,6.3,42.5,0,weekend,9.147
1244,2025-01-11 08:00:00,Salle_Serveur,20.54,1.54,42.9,0,weekend,47.302
879,2025-01-08 07:00:00,Salle Serveur,21.19,1.81,42.7,0,ouvré,46.588
5442,2025-02-15 08:00:00,Bureau_Sud,21.33,1.76,45.8,0,weekend,10.749
10310,2025-03-27 21:00:00,Accueil,21.73,7.54,42.7,5,ouvré,6.682
721,2025-01-07 00:00:00,bureau_nord,21.03,-0.1,41.8,5,ouvré,12.327
9732,2025-03-23 02:00:00,bureau sud,21.74,1.84,55.6,0,weekend,12.441
10140,2025-03-26 11:00:00,accueil ,20.65,8.99,41.5,5,ouvré,11.321
8078,2025-03-09 07:00:00,Atelier,21.47,4.31,49.9,0,weekend,11.941
9204,2025-03-18 16:00:00,Salle_Serveur,20.96,9.16,40.5,0,ouvré,43.744
10348,2025-03-28 05:00:00,atelier,19.77,5.12,40.1,,ouvré,12.634
7302,2025-03-02 20:00:00,Bureau_Sud,20.47,6.38,41.6,0,weekend,10.235
2669,2025-01-23 05:00:00,Salle Serveur,21.95,-0.04,53.8,0,ouvré,48.263
10645,2025-03-30 16:00:00,Accueil,21.12,12.12,49.2,0,weekend,3.992
1673,2025-01-14 22:00:00,atelier,20.29,2.09,56.8,7,ouvré,14.966
341,2025-01-03 20:00:00,Bureau_Nord,20.07,2.81,25.3,2,ouvré,9.826
2435,2025-01-21 06:00:00,Accueil,21.24,2.3,44.4,0,ouvré,10.408
7456,2025-03-04 03:00:00,Bureau_Nord,21.16,-0.41,37.4,12,ouvré,9.985
6687,2025-02-25 17:00:00,bureau sud,20.38,6.34,,5,ouvré,12.32
7949,2025-03-08 05:00:00,Salle_Serveur,20.85,-0.87,44.4,,weekend,49.016
3072,2025-01-26 14:00:00,bureau sud,20.81,6.05,33.9,0,weekend,6.995
1001,2025-01-09 08:00:00,bureau_nord,21.8,1.48,52.7,3,ouvré,13.383
7242,2025-03-02 08:00:00,bureau sud,20.59,4.9,54.5,0,weekend,8.916
7276,2025-03-02 15:00:00,BUREAU NORD,20.07,8.26,50.6,0,weekend,7.582
3918,2025-02-02 15:00:00,atelier,19.66,5.65,45.9,0,weekend,12.524
1922,2025-01-17 00:00:00,bureau sud,20.06,0.24,57.8,5,ouvré,10.808
8163,2025-03-10 00:00:00,atelier,20.11,3.28,43.6,8,ouvré,12.203
7005,2025-02-28 08:00:00,accueil ,20.63,3.39,47.8,13,ouvré,9.112
947,2025-01-08 21:00:00,Bureau_Sud,21.43,0.92,45.3,8,ouvré,11.376
3108,2025-01-26 21:00:00,Atelier,22.32,1.03,35.4,0,weekend,13.962
1457,2025-01-13 03:00:00,bureau sud,19.67,-2.27,43.7,,ouvré,12.342
4085,2025-02-04 00:00:00,Accueil,20.57,-0.52,,7,ouvré,10.6
9346,2025-03-19 21:00:00,BUREAU NORD,20.55,6.01,40.4,1,ouvré,7.157
3346,2025-01-28 21:00:00,BUREAU NORD,22.41,3.09,58.2,3,ouvré,11.127
9990,2025-03-25 05:00:00,accueil ,21.53,3.02,42.4,14,ouvré,9.549
7966,2025-03-08 09:00:00,Bureau_Nord,20.88,6.8,42.2,0,weekend,7.492
8878,2025-03-15 23:00:00,atelier,21.15,4.16,50.4,0,weekend,11.667
989,2025-01-09 05:00:00,Salle Serveur,21.6,-2.83,40.8,0,ouvré,49.889
4469,2025-02-07 05:00:00,Salle Serveur,20.69,-0.21,39.8,,ouvré,48.623
2553,2025-01-22 06:00:00,atelier,22.16,1.64,45.5,7,ouvré,16.464
6490,2025-02-24 01:00:00,Accueil,20.06,0.48,,5,ouvré,9.216
9789,2025-03-23 13:00:00,Salle Serveur,22.05,11.3,49.2,0,weekend,41.657
3428,2025-01-29 13:00:00,Atelier,22.07,5.7,52.6,10,ouvré,33.596
5361,2025-02-14 16:00:00,Bureau_Nord,19.62,6.63,43.0,10,ouvré,14.448
579,2025-01-05 19:00:00,Salle Serveur,20.53,4.05,51.7,0,weekend,46.879
1279,2025-01-11 15:00:00,Salle_Serveur,20.35,5.72,37.3,,weekend,44.606
4748,2025-02-09 13:00:00,atelier,20.47,5.65,39.7,0,weekend,13.554
7200,2025-03-01 23:00:00,Accueil,21.18,1.24,46.6,0,weekend,9.27
10488,2025-03-29 09:00:00,atelier,20.99,5.4,41.0,0,weekend,14.0
5099,2025-02-12 11:00:00,Salle_Serveur,21.72,5.9,40.9,0,ouvré,46.98
5807,2025-02-18 09:00:00,bureau sud,20.41,6.18,53.8,7,ouvré,15.086
9978,2025-03-25 03:00:00,Atelier,20.69,1.94,51.4,5,ouvré,14.06
6727,2025-02-26 01:00:00,bureau sud,20.25,1.72,49.8,5,ouvré,10.136
8591,2025-03-13 14:00:00,Bureau_Nord,20.03,7.44,49.0,14,ouvré,15.732
581,2025-01-05 20:00:00,BUREAU NORD,20.49,1.98,45.6,0,weekend,9.621
6827,2025-02-26 21:00:00,Bureau_Sud,20.54,2.77,40.3,11,ouvré,10.644
1637,2025-01-14 15:00:00,Bureau_Sud,20.7,6.77,46.1,10,ouvré,17.035
6656,2025-02-25 11:00:00,Bureau_Nord,20.68,6.01,41.0,7,ouvré,15.266
1648,2025-01-14 17:00:00,Atelier,20.97,4.59,53.1,15,ouvré,23.225
2910,2025-01-25 05:00:00,accueil ,20.8,-1.1,56.6,0,weekend,10.923
5685,2025-02-17 08:00:00,Accueil,21.27,4.08,59.3,5,ouvré,9.872
1239,2025-01-11 07:00:00,Salle_Serveur,20.81,0.85,48.9,0,weekend,48.657
2039,2025-01-17 23:00:00,Salle_Serveur,21.27,2.1,38.9,0,ouvré,45.856
5494,2025-02-15 18:00:00,Salle_Serveur,20.92,5.95,38.5,0,weekend,44.247
9570,2025-03-21 17:00:00,Accueil,21.93,9.38,38.3,4,ouvré,8.648
4489,2025-02-07 09:00:00,Salle Serveur,21.26,2.63,42.1,0,ouvré,48.064
1064,2025-01-09 20:00:00,Salle Serveur,20.54,3.47,44.4,0,ouvré,46.768
8748,2025-03-14 21:00:00,Atelier,21.87,6.79,37.7,3,ouvré,11.406
3,2025-01-01 00:00:00,atelier,21.1,-0.77,36.2,5,férié,13.798
8824,2025-03-15 12:00:00,Salle Serveur,20.76,8.82,43.1,0,weekend,45.308
5292,2025-02-14 02:00:00,Bureau_Sud,19.51,-1.46,46.3,,ouvré,12.529
8013,2025-03-08 18:00:00,atelier,21.66,6.86,47.8,0,weekend,10.677
7395,2025-03-03 14:00:00,accueil ,21.86,7.26,48.5,12,ouvré,11.4
7214,2025-03-02 02:00:00,Salle Serveur,21.5,2.21,43.6,0,weekend,46.399
968,2025-01-09 01:00:00,atelier,21.05,1.93,53.4,12,ouvré,14.281
10687,2025-03-31 01:00:00,Bureau_Sud,22.8,7.18,45.8,5,ouvré,8.655
3106,2025-01-26 21:00:00,Bureau_Nord,20.83,1.03,34.0,0,weekend,773.157
7130,2025-03-01 09:00:00,accueil ,20.67,5.91,45.9,0,weekend,8.186
6296,2025-02-22 11:00:00,BUREAU NORD,22.01,6.49,40.5,0,weekend,7.919
2770,2025-01-24 01:00:00,Accueil,20.99,-1.71,49.7,7,ouvré,11.231
3207,2025-01-27 17:00:00,bureau sud,20.72,5.88,45.4,7,ouvré,13.832
3551,2025-01-30 14:00:00,Bureau_Nord,21.94,3.51,39.8,12,ouvré,18.201
912,2025-01-08 14:00:00,Bureau_Sud,19.63,7.14,54.4,6,ouvré,16.633
6638,2025-02-25 07:00:00,atelier,21.39,-1.01,48.6,2,ouvré,20.44
8883,2025-03-16 00:00:00,Atelier,20.49,4.99,,0,weekend,11.045
8047,2025-03-09 01:00:00,Bureau_Sud,20.59,2.85,37.4,0,weekend,11.228
6596,2025-02-24 23:00:00,bureau_nord,19.16,1.32,48.2,5,ouvré,9.713
2196,2025-01-19 07:00:00,bureau_nord,20.78,-2.25,45.1,0,weekend,11.8
10767,2025-03-31 17:00:00,Bureau_Sud,21.43,13.27,41.8,3,ouvré,10.62
9856,2025-03-24 03:00:00,BUREAU NORD,20.05,1.2,43.8,5,ouvré,11.827
10753,2025-03-31 14:00:00,Atelier,20.62,10.83,46.0,6,ouvré,29.687
8135,2025-03-09 18:00:00,accueil ,20.31,7.54,50.8,0,weekend,6.769
6879,2025-02-27 07:00:00,Salle_Serveur,22.33,1.48,52.8,0,ouvré,48.064
4708,2025-02-09 05:00:00,atelier,21.01,-0.05,55.3,0,weekend,16.01
6384,2025-02-23 04:00:00,Salle_Serveur,,-0.86,35.0,0,weekend,48.328
4697,2025-02-09 03:00:00,bureau sud,20.31,-0.84,45.1,0,weekend,12.417
2760,2025-01-23 23:00:00,accueil ,21.38,0.18,39.6,8,ouvré,9.489
7623,2025-03-05 12:00:00,atelier,19.41,8.85,38.4,10,ouvré,29.636
793,2025-01-07 14:00:00,Atelier,22.25,6.11,48.1,16,ouvré,32.802
5720,2025-02-17 15:00:00,Accueil,20.43,8.23,42.4,8,ouvré,11.551
6204,2025-02-21 16:00:00,Salle Serveur,20.38,8.04,30.3,0,ouvré,45.409
1188,2025-01-10 21:00:00,atelier,19.97,1.78,39.9,10,ouvré,13.991
10748,2025-03-31 13:00:00,atelier,22.02,12.14,39.2,9,ouvré,28.953
7690,2025-03-06 01:00:00,Accueil,20.24,1.88,41.1,7,ouvré,8.959
6865,2025-02-27 04:00:00,Accueil,21.55,0.58,48.4,8,ouvré,9.903
2633,2025-01-22 22:00:00,atelier,21.11,1.2,46.7,,ouvré,14.188
4799,2025-02-09 23:00:00,Salle_Serveur,20.9,1.53,48.4,0,weekend,47.341
2725,2025-01-23 16:00:00,Accueil,20.82,4.79,43.7,10,ouvré,10.642
6562,2025-02-24 16:00:00,bureau sud,20.46,7.14,44.7,9,ouvré,15.685
5552,2025-02-16 06:00:00,Bureau_Sud,-999,0.71,44.7,0,weekend,10.936
7301,2025-03-02 20:00:00,BUREAU NORD,20.6,6.38,42.4,0,weekend,8.838
358,2025-01-03 23:00:00,Atelier,20.48,-0.33,62.6,3,ouvré,14.045
8960,2025-03-16 15:00:00,Accueil,21.21,10.81,49.4,0,weekend,5.481
1223,2025-01-11 04:00:00,Atelier,19.01,-1.4,38.2,0,weekend,16.776
5965,2025-02-19 16:00:00,accueil ,-999,5.43,48.2,3,ouvré,10.983
1436,2025-01-12 23:00:00,Bureau_Nord,20.05,1.88,50.7,0,weekend,9.38
7413,2025-03-03 18:00:00,atelier,22.94,8.27,,13,ouvré,19.44
9530,2025-03-21 09:00:00,Accueil,22.39,6.22,46.0,4,ouvré,9.566
5722,2025-02-17 16:00:00,bureau sud,20.65,5.37,45.4,5,ouvré,17.137
5942,2025-02-19 12:00:00,Bureau_Sud,22.31,6.95,42.2,15,ouvré,18.814
1031,2025-01-09 14:00:00,Bureau_Nord,22.42,6.69,51.1,5,ouvré,16.488
8572,2025-03-13 10:00:00,Bureau_Sud,20.4,6.48,42.1,12,ouvré,14.785
9178,2025-03-18 11:00:00,Atelier,20.65,8.24,42.9,21,ouvré,29.465
3521,2025-01-30 08:00:00,bureau_nord,21.09,1.15,48.0,11,ouvré,14.699
7293,2025-03-02 18:00:00,atelier,20.98,6.04,46.9,0,weekend,13.492
920,2025-01-08 15:00:00,Accueil,21.93,7.01,49.5,20,ouvré,10.743
10499,2025-03-29 11:00:00,Salle Serveur,19.75,10.13,39.2,0,weekend,42.787
2232,2025-01-19 14:00:00,Bureau_Sud,20.6,5.33,38.0,,weekend,8.436
2650,2025-01-23 01:00:00,accueil ,19.55,-0.94,56.6,12,ouvré,10.527
7707,2025-03-06 05:00:00,bureau sud,20.44,1.26,39.9,6,ouvré,12.606
5390,2025-02-14 21:00:00,accueil ,20.07,2.45,46.7,,ouvré,8.644
483,2025-01-05 00:00:00,atelier,21.15,-1.47,43.4,0,weekend,16.094
2719,2025-01-23 15:00:00,Salle_Serveur,20.45,4.4,42.9,0,ouvré,45.45
4837,2025-02-10 07:00:00,bureau sud,21.77,1.21,39.3,19,ouvré,594.641
294,2025-01-03 10:00:00,Salle Serveur,20.25,1.85,,0,ouvré,47.829
7447,2025-03-04 01:00:00,bureau sud,21.0,2.14,50.4,18,ouvré,11.004
4080,2025-02-03 23:00:00,Accueil,21.13,-1.05,30.8,,ouvré,
406,2025-01-04 09:00:00,Bureau_Nord,21.25,3.25,43.7,0,weekend,9.481
7643,2025-03-05 16:00:00,atelier,,11.09,48.5,3,ouvré,24.325
140,2025-01-02 03:00:00,accueil ,20.07,-3.06,45.0,8,ouvré,11.338
8106,2025-03-09 13:00:00,bureau_nord,20.53,7.64,50.9,0,weekend,7.956
7602,2025-03-05 08:00:00,bureau sud,21.35,4.51,34.3,6,ouvré,11.942
10038,2025-03-25 15:00:00,Atelier,21.32,10.81,50.8,11,ouvré,27.915
1775,2025-01-15 18:00:00,Accueil,21.88,2.99,,9,ouvré,9.991
5492,2025-02-15 18:00:00,bureau sud,20.85,5.95,40.2,0,weekend,8.627
3759,2025-02-01 07:00:00,Salle_Serveur,20.87,-0.53,41.6,0,weekend,48.496
2629,2025-01-22 21:00:00,Salle Serveur,21.59,4.13,55.8,0,ouvré,45.595
298,2025-01-03 11:00:00,atelier,20.84,3.51,,3,ouvré,30.431
7246,2025-03-02 09:00:00,BUREAU NORD,18.87,2.86,40.1,0,weekend,10.425
6159,2025-02-21 07:00:00,Salle Serveur,22.31,0.9,48.9,0,ouvré,49.261
4724,2025-02-09 08:00:00,Salle_Serveur,21.59,0.23,52.4,0,weekend,46.288
3747,2025-02-01 05:00:00,bureau sud,21.13,-1.94,41.6,0,weekend,12.145
5075,2025-02-12 06:00:00,accueil ,21.46,-0.6,39.5,15,ouvré,12.289
9765,2025-03-23 08:00:00,Accueil,21.08,5.78,56.9,0,weekend,6.932
9924,2025-03-24 16:00:00,Salle Serveur,22.12,11.29,51.2,0,ouvré,45.141
3382,2025-01-29 04:00:00,Bureau_Sud,22.4,-1.13,48.7,0,ouvré,12.272
3943,2025-02-02 20:00:00,atelier,20.67,5.67,41.0,0,weekend,12.929
8393,2025-03-11 22:00:00,Atelier,21.33,6.77,45.0,8,ouvré,11.18
4399,2025-02-06 15:00:00,Salle_Serveur,20.69,7.62,50.9,0,ouvré,44.915
702,2025-01-06 20:00:00,Bureau_Sud,20.43,3.19,43.9,9,ouvré,10.396
5457,2025-02-15 11:00:00,Bureau_Sud,20.56,4.34,55.4,0,weekend,10.199
4878,2025-02-10 15:00:00,Atelier,20.81,7.23,46.0,3,ouvré,28.789
8032,2025-03-08 22:00:00,bureau sud,,3.67,43.4,0,weekend,9.368
6455,2025-02-23 18:00:00,Accueil,22.31,8.04,45.9,0,weekend,6.77
4762,2025-02-09 16:00:00,Bureau_Sud,,4.84,43.4,0,weekend,9.212
3280,2025-01-28 07:00:00,Accueil,20.05,1.86,,2,ouvré,11.458
2399,2025-01-20 23:00:00,Salle_Serveur,21.23,-1.3,43.4,0,ouvré,48.476
6256,2025-02-22 03:00:00,bureau_nord,21.11,-1.48,,0,weekend,13.301
619,2025-01-06 03:00:00,Salle Serveur,21.97,-2.69,42.5,0,ouvré,49.086
2997,2025-01-25 23:00:00,Bureau_Sud,19.81,0.47,43.1,0,weekend,11.726
6898,2025-02-27 11:00:00,atelier,20.72,5.22,41.4,11,ouvré,30.43
6931,2025-02-27 18:00:00,Bureau_Nord,21.04,6.52,42.2,3,ouvré,11.712
4593,2025-02-08 06:00:00,atelier,21.18,-0.58,45.0,0,weekend,16.32
5064,2025-02-12 04:00:00,Salle_Serveur,20.43,-0.13,32.1,,ouvré,48.299
6262,2025-02-22 04:00:00,bureau sud,21.31,-0.81,45.5,0,weekend,12.034
822,2025-01-07 20:00:00,Bureau_Sud,21.25,4.62,51.8,,ouvré,9.609
4115,2025-02-04 06:00:00,accueil ,21.78,0.02,45.9,0,ouvré,10.036
7307,2025-03-02 21:00:00,Bureau_Sud,19.82,3.91,40.2,0,weekend,10.724
6580,2025-02-24 19:00:00,Accueil,21.0,6.75,44.8,9,ouvré,8.92
352,2025-01-03 22:00:00,bureau sud,21.81,0.88,61.2,,ouvré,11.717
5087,2025-02-12 09:00:00,Bureau_Sud,20.13,3.58,47.0,10,ouvré,16.117
7968,2025-03-08 09:00:00,atelier,20.1,6.8,44.0,0,weekend,11.208
1570,2025-01-14 01:00:00,accueil ,21.4,-0.86,52.6,13,ouvré,11.46
4209,2025-02-05 01:00:00,Salle Serveur,19.81,-0.25,52.0,0,ouvré,48.381
4688,2025-02-09 01:00:00,atelier,21.83,-0.13,40.0,0,weekend,15.202
7860,2025-03-07 11:00:00,accueil ,20.61,6.28,,4,ouvré,11.315
134,2025-01-02 02:00:00,Salle_Serveur,21.29,-1.48,48.4,0,ouvré,48.389
109,2025-01-01 21:00:00,Salle Serveur,21.3,0.19,37.6,0,férié,48.298
6910,2025-02-27 13:00:00,Accueil,20.92,7.52,37.8,6,ouvré,12.422
3270,2025-01-28 05:00:00,Accueil,22.18,-2.66,,8,ouvré,12.174
8804,2025-03-15 08:00:00,Salle Serveur,21.19,5.56,46.2,0,weekend,46.377
7927,2025-03-08 01:00:00,bureau sud,22.33,2.3,,0,weekend,10.288
1092,2025-01-10 02:00:00,bureau sud,21.16,-3.41,33.3,7,ouvré,304.398
7751,2025-03-06 14:00:00,bureau_nord,21.54,8.48,52.8,12,ouvré,15.372
8675,2025-03-14 06:00:00,Accueil,22.2,2.51,48.6,1,ouvré,10.343
7912,2025-03-07 22:00:00,bureau sud,20.28,1.71,36.2,8,ouvré,10.154
7725,2025-03-06 08:00:00,Accueil,20.7,4.61,53.4,15,ouvré,9.406
2325,2025-01-20 08:00:00,Accueil,23.23,-0.32,41.7,14,ouvré,11.327
5568,2025-02-16 09:00:00,atelier,21.57,3.19,52.0,0,weekend,13.572
7763,2025-03-06 16:00:00,Atelier,21.15,7.54,46.2,9,ouvré,26.029
5749,2025-02-17 21:00:00,Salle Serveur,21.29,3.29,53.8,0,ouvré,44.759
6956,2025-02-27 23:00:00,bureau_nord,22.34,0.11,53.7,5,ouvré,11.98
8658,2025-03-14 03:00:00,Atelier,21.94,1.51,54.5,8,ouvré,14.402
10365,2025-03-28 08:00:00,accueil ,21.1,6.06,40.1,7,ouvré,9.957
8004,2025-03-08 16:00:00,Salle Serveur,21.01,10.88,45.0,0,weekend,44.174
5748,2025-02-17 21:00:00,Atelier,19.77,3.29,34.7,4,ouvré,12.146
3468,2025-01-29 21:00:00,atelier,21.33,3.99,49.0,6,ouvré,13.93
9599,2025-03-21 23:00:00,Salle_Serveur,20.98,3.42,40.9,0,ouvré,46.178
1323,2025-01-12 00:00:00,atelier,20.63,0.62,40.5,0,weekend,14.928
1162,2025-01-10 16:00:00,Bureau_Sud,20.78,4.55,,3,ouvré,16.51
2472,2025-01-21 14:00:00,bureau sud,21.42,7.31,48.0,8,ouvré,18.231
1361,2025-01-12 08:00:00,BUREAU NORD,21.76,0.59,34.2,0,weekend,12.547
1741,2025-01-15 12:00:00,BUREAU NORD,19.98,4.77,32.8,8,ouvré,18.51
100,2025-01-01 19:00:00,accueil ,20.3,1.79,46.5,10,férié,9.998
6472,2025-02-23 22:00:00,bureau sud,21.37,1.71,57.7,0,weekend,10.24
7084,2025-03-01 00:00:00,Salle Serveur,20.71,0.07,54.2,0,weekend,47.287
6263,2025-02-22 04:00:00,atelier,21.37,-0.81,44.9,0,weekend,15.461
10300,2025-03-27 19:00:00,accueil ,20.23,8.13,53.3,14,ouvré,5.779
7501,2025-03-04 12:00:00,bureau_nord,21.97,6.98,,7,ouvré,15.47
846,2025-01-08 01:00:00,Bureau_Nord,22.4,-2.23,41.3,5,ouvré,10.795
8566,2025-03-13 09:00:00,bureau_nord,20.46,3.9,35.2,7,ouvré,14.659
5756,2025-02-17 23:00:00,bureau_nord,19.57,3.23,52.5,10,ouvré,10.084
2480,2025-01-21 15:00:00,accueil ,21.95,5.26,40.2,5,ouvré,13.995
9655,2025-03-22 10:00:00,accueil ,22.11,8.35,48.4,0,weekend,4.826
10553,2025-03-29 22:00:00,Atelier,19.26,8.87,46.4,0,weekend,11.112
5853,2025-02-18 18:00:00,atelier,20.49,6.05,,7,ouvré,18.696
7724,2025-03-06 08:00:00,Salle_Serveur,22.37,4.61,46.9,0,ouvré,47.115
2094,2025-01-18 10:00:00,Salle_Serveur,20.69,1.72,,0,weekend,47.114
3615,2025-01-31 02:00:00,accueil ,22.14,-2.31,46.2,7,ouvré,10.078
9391,2025-03-20 06:00:00,bureau_nord,22.77,4.61,50.0,12,ouvré,8.916
3090,2025-01-26 17:00:00,accueil ,22.2,3.53,54.8,0,weekend,8.062
4064,2025-02-03 20:00:00,Salle_Serveur,20.85,3.02,,0,ouvré,46.398
3458,2025-01-29 19:00:00,Atelier,21.2,5.79,48.0,11,ouvré,16.419
5407,2025-02-15 01:00:00,bureau sud,20.41,-3.32,48.3,0,weekend,13.655
9861,2025-03-24 04:00:00,bureau_nord,20.72,1.33,51.4,2,ouvré,12.19
2297,2025-01-20 03:00:00,bureau sud,20.95,-2.48,44.2,4,ouvré,11.152
10496,2025-03-29 11:00:00,bureau_nord,21.45,10.13,50.4,0,weekend,6.557
9480,2025-03-20 23:00:00,accueil ,21.66,4.37,46.0,2,ouvré,8.627
10137,2025-03-26 11:00:00,bureau sud,21.02,8.99,44.7,14,ouvré,16.534
3316,2025-01-28 15:00:00,bureau_nord,20.25,5.22,50.2,6,ouvré,17.275
2585,2025-01-22 12:00:00,Accueil,20.14,6.04,39.7,8,ouvré,12.897
3831,2025-02-01 22:00:00,Bureau_Nord,20.65,-0.1,33.5,0,weekend,10.517
4896,2025-02-10 19:00:00,Bureau_Nord,21.94,7.29,44.5,8,ouvré,9.671
2238,2025-01-19 15:00:00,atelier,22.8,6.4,49.7,0,weekend,12.371
5076,2025-02-12 07:00:00,Bureau_Nord,21.79,1.71,34.5,14,ouvré,10.968
3910,2025-02-02 13:00:00,Accueil,21.92,6.65,46.7,0,weekend,6.747
5837,2025-02-18 15:00:00,bureau sud,21.57,6.76,40.4,2,ouvré,16.62
8099,2025-03-09 11:00:00,Salle Serveur,,8.24,45.8,0,weekend,43.998
9125,2025-03-18 00:00:00,Accueil,21.75,3.19,43.7,8,ouvré,7.014
5216,2025-02-13 11:00:00,BUREAU NORD,21.19,3.64,44.6,9,ouvré,17.764
2923,2025-01-25 08:00:00,atelier,20.9,1.12,54.2,0,weekend,11.459
6908,2025-02-27 13:00:00,Atelier,20.62,7.52,50.5,16,ouvré,33.253
10751,2025-03-31 14:00:00,Bureau_Nord,20.78,10.83,37.6,3,ouvré,14.826
1975,2025-01-17 10:00:00,Accueil,21.13,3.58,48.7,3,ouvré,12.868
1699,2025-01-15 03:00:00,Salle_Serveur,21.74,-4.43,37.4,0,ouvré,50.235
3160,2025-01-27 07:00:00,accueil ,19.91,-1.67,27.5,2,ouvré,12.456
7629,2025-03-05 13:00:00,Salle_Serveur,20.55,8.68,49.9,,ouvré,44.317
5998,2025-02-19 23:00:00,atelier,20.65,0.49,45.0,7,ouvré,14.169
1143,2025-01-10 12:00:00,Atelier,21.08,5.17,35.6,11,ouvré,33.124
738,2025-01-07 03:00:00,Atelier,21.65,-1.38,35.6,13,ouvré,14.505
10540,2025-03-29 19:00:00,accueil ,20.97,10.44,52.5,0,weekend,-1.222
8510,2025-03-12 21:00:00,Accueil,20.68,7.47,,5,ouvré,6.505
652,2025-01-06 10:00:00,Bureau_Sud,20.33,4.33,42.6,8,ouvré,18.041
3942,2025-02-02 20:00:00,bureau sud,20.64,5.67,42.0,0,weekend,7.428
4945,2025-02-11 04:00:00,accueil ,21.49,-3.86,41.3,4,ouvré,11.623
1788,2025-01-15 21:00:00,Atelier,20.26,2.27,42.7,5,ouvré,14.207
2453,2025-01-21 10:00:00,atelier,21.18,2.39,48.6,10,ouvré,28.707
3345,2025-01-28 20:00:00,accueil ,21.27,3.04,48.8,11,ouvré,9.772
2522,2025-01-22 00:00:00,Bureau_Sud,20.36,-1.04,47.1,10,ouvré,12.924
3514,2025-01-30 06:00:00,Salle_Serveur,21.22,-2.4,59.4,0,ouvré,48.109
2980,2025-01-25 19:00:00,Accueil,20.62,2.75,44.7,0,weekend,8.232
7662,2025-03-05 20:00:00,Bureau_Sud,21.86,6.78,44.2,0,ouvré,8.919
5850,2025-02-18 17:00:00,Accueil,20.5,6.81,51.8,4,ouvré,9.643
5761,2025-02-18 00:00:00,BUREAU NORD,19.85,1.22,39.3,6,ouvré,9.184
2301,2025-01-20 04:00:00,BUREAU NORD,21.59,-1.2,52.3,5,ouvré,11.998
5220,2025-02-13 11:00:00,accueil ,21.11,3.64,46.3,13,ouvré,13.221
8710,2025-03-14 13:00:00,accueil ,20.56,8.37,45.8,9,ouvré,11.341
2180,2025-01-19 03:00:00,accueil ,20.86,-5.38,45.5,0,weekend,12.265
961,2025-01-09 00:00:00,BUREAU NORD,20.98,-2.85,47.2,9,ouvré,10.827
9730,2025-03-23 01:00:00,accueil ,19.8,4.86,41.0,0,weekend,8.361
6568,2025-02-24 17:00:00,Atelier,21.17,7.94,50.0,2,ouvré,22.21
2950,2025-01-25 13:00:00,Accueil,20.61,6.17,44.5,0,weekend,7.757
6936,2025-02-27 19:00:00,BUREAU NORD,22.04,4.11,42.1,13,ouvré,13.158
5783,2025-02-18 04:00:00,Atelier,22.25,0.05,41.7,10,ouvré,13.459
4105,2025-02-04 04:00:00,accueil ,21.52,-1.27,47.0,4,ouvré,10.623
2296,2025-01-20 03:00:00,bureau_nord,21.04,-2.48,44.1,5,ouvré,702.144
232,2025-01-02 22:00:00,bureau sud,20.82,-1.11,42.7,8,ouvré,11.528
407,2025-01-04 09:00:00,bureau sud,21.51,3.25,54.4,0,weekend,9.952
2383,2025-01-20 20:00:00,atelier,22.02,1.7,46.0,9,ouvré,16.425
6842,2025-02-27 00:00:00,bureau sud,20.31,1.28,50.5,0,ouvré,10.682
3451,2025-01-29 18:00:00,bureau_nord,21.58,2.1,37.4,,ouvré,13.838
797,2025-01-07 15:00:00,bureau sud,21.72,6.03,43.3,6,ouvré,17.21
7172,2025-03-01 18:00:00,Bureau_Sud,23.08,8.23,43.5,0,weekend,7.285
6882,2025-02-27 08:00:00,bureau sud,20.5,1.48,39.2,6,ouvré,12.774
5696,2025-02-17 11:00:00,Bureau_Nord,21.29,4.6,37.8,1,ouvré,18.382
8528,2025-03-13 01:00:00,Atelier,21.29,0.9,37.3,11,ouvré,15.146
8278,2025-03-10 23:00:00,atelier,21.98,3.86,47.8,7,ouvré,12.893
1051,2025-01-09 18:00:00,BUREAU NORD,21.61,5.36,50.8,4,,11.965
1096,2025-01-10 03:00:00,bureau_nord,22.05,-2.81,43.4,11,ouvré,10.425
8202,2025-03-10 08:00:00,bureau sud,20.54,4.21,48.8,6,ouvré,13.759
5473,2025-02-15 14:00:00,Atelier,19.02,6.0,48.3,0,weekend,12.899
5452,2025-02-15 10:00:00,bureau sud,19.85,4.19,57.9,0,weekend,9.127
9486,2025-03-21 01:00:00,Bureau_Nord,20.87,2.39,56.7,5,ouvré,8.891
5468,2025-02-15 13:00:00,atelier,20.43,6.82,43.0,0,weekend,375.897
8170,2025-03-10 01:00:00,Accueil,21.83,2.41,,7,ouvré,8.462
7195,2025-03-01 22:00:00,accueil ,20.68,2.79,,0,weekend,9.579
9974,2025-03-25 02:00:00,Salle Serveur,20.62,2.76,41.2,,ouvré,45.783
2439,2025-01-21 07:00:00,Salle_Serveur,21.75,2.29,46.7,0,ouvré,46.432
1172,2025-01-10 18:00:00,bureau sud,19.76,3.48,34.7,,ouvré,13.703
2171,2025-01-19 02:00:00,BUREAU NORD,22.25,-3.03,42.8,0,weekend,13.326
5958,2025-02-19 15:00:00,atelier,22.68,8.48,53.5,8,ouvré,30.041
1804,2025-01-16 00:00:00,Salle_Serveur,21.66,-0.2,58.4,0,ouvré,49.08
6117,2025-02-20 23:00:00,bureau sud,20.57,4.46,51.3,2,ouvré,8.551
939,2025-01-08 19:00:00,Salle_Serveur,20.49,4.4,44.2,0,ouvré,46.008
8053,2025-03-09 02:00:00,atelier,19.43,0.17,49.9,0,weekend,16.379
10066,2025-03-25 21:00:00,Bureau_Nord,21.4,6.52,45.8,8,ouvré,7.207
2392,2025-01-20 22:00:00,bureau sud,21.15,-0.32,42.6,5,ouvré,11.639
6791,2025-02-26 14:00:00,BUREAU NORD,20.91,8.85,50.5,10,ouvré,15.858
10106,2025-03-26 05:00:00,Bureau_Nord,19.63,5.46,40.8,6,ouvré,8.208
4241,2025-02-05 08:00:00,BUREAU NORD,21.29,2.8,41.3,4,ouvré,13.44
1571,2025-01-14 02:00:00,BUREAU NORD,21.04,-0.85,49.6,1,ouvré,10.218
470,2025-01-04 21:00:00,accueil ,19.62,0.57,43.5,0,weekend,9.407
4052,2025-02-03 18:00:00,bureau sud,,4.08,45.0,5,ouvré,684.407
82,2025-01-01 16:00:00,Bureau_Sud,20.12,6.32,36.5,5,férié,15.301
10033,2025-03-25 14:00:00,atelier,20.97,10.26,,6,ouvré,28.831
1081,2025-01-10 00:00:00,BUREAU NORD,20.94,-2.32,39.7,9,ouvré,12.04
8065,2025-03-09 04:00:00,accueil ,19.52,0.41,53.8,0,weekend,9.228
2560,2025-01-22 07:00:00,Accueil,21.84,1.84,51.6,9,ouvré,10.665
3117,2025-01-26 23:00:00,bureau sud,21.07,-1.36,33.6,0,weekend,13.889
7038,2025-02-28 15:00:00,atelier,22.58,7.72,59.1,,ouvré,29.564
7371,2025-03-03 10:00:00,BUREAU NORD,22.32,7.32,,9,ouvré,13.725
1893,2025-01-16 18:00:00,atelier,21.36,5.02,39.2,1,ouvré,20.375
9594,2025-03-21 22:00:00,Salle_Serveur,20.05,5.16,49.4,0,ouvré,45.575
6336,2025-02-22 19:00:00,BUREAU NORD,20.77,3.65,42.9,0,weekend,8.766
4574,2025-02-08 02:00:00,Salle Serveur,21.03,-1.12,55.0,0,weekend,48.361
5375,2025-02-14 18:00:00,accueil ,21.63,6.86,45.6,,ouvré,8.541
3798,2025-02-01 15:00:00,Atelier,22.69,6.6,44.2,0,weekend,10.682
203,2025-01-02 16:00:00,Atelier,19.96,5.47,45.9,9,ouvré,27.027
2281,2025-01-20 00:00:00,bureau_nord,,-0.06,60.4,5,ouvré,9.983
814,2025-01-07 18:00:00,Salle_Serveur,20.52,5.01,38.1,0,ouvré,45.218
750,2025-01-07 05:00:00,Accueil,20.21,0.02,44.8,16,ouvré,9.98
1185,2025-01-10 20:00:00,Accueil,23.04,3.96,38.8,8,ouvré,8.876
7832,2025-03-07 06:00:00,Bureau_Sud,22.34,-0.09,46.9,13,ouvré,12.03
7268,2025-03-02 13:00:00,atelier,21.09,7.05,53.2,0,weekend,12.762
7709,2025-03-06 05:00:00,Salle Serveur,20.05,1.26,55.2,0,ouvré,49.039
7240,2025-03-02 07:00:00,Accueil,20.11,1.47,43.6,0,weekend,9.7
5721,2025-02-17 16:00:00,BUREAU NORD,19.3,5.37,38.4,10,ouvré,14.76
2307,2025-01-20 05:00:00,bureau sud,21.45,-1.1,51.6,9,ouvré,12.708
10720,2025-03-31 07:00:00,accueil ,20.86,8.17,33.3,4,ouvré,5.746
3907,2025-02-02 13:00:00,bureau sud,21.15,6.65,41.1,0,weekend,6.777
5569,2025-02-16 09:00:00,Salle Serveur,22.94,3.19,56.5,0,weekend,45.482
8954,2025-03-16 14:00:00,Salle_Serveur,20.24,13.09,50.9,0,weekend,42.071
5465,2025-02-15 12:00:00,accueil ,21.64,5.59,53.3,0,weekend,6.731
625,2025-01-06 04:00:00,accueil ,20.63,-0.41,47.3,9,ouvré,11.681
5117,2025-02-12 15:00:00,bureau sud,-999,6.53,51.3,14,ouvré,16.529
4725,2025-02-09 08:00:00,Accueil,20.01,0.23,46.7,0,weekend,9.065
601,2025-01-06 00:00:00,Bureau_Nord,20.65,-2.16,47.3,9,ouvré,11.611
8567,2025-03-13 09:00:00,Bureau_Sud,21.41,3.9,46.1,6,ouvré,15.983
2899,2025-01-25 03:00:00,Salle Serveur,21.32,-2.88,49.4,0,weekend,49.372
7319,2025-03-02 23:00:00,Salle Serveur,20.75,2.0,39.2,0,weekend,
10392,2025-03-28 14:00:00,Bureau_Sud,22.0,9.79,41.8,5,ouvré,17.182
2308,2025-01-20 05:00:00,Atelier,20.42,-1.1,47.0,14,ouvré,15.864
3629,2025-01-31 05:00:00,Salle_Serveur,20.3,-3.5,45.7,0,ouvré,49.198
1727,2025-01-15 09:00:00,bureau sud,21.59,3.08,44.0,7,ouvré,810.44
8042,2025-03-09 00:00:00,Bureau_Sud,19.82,4.36,57.5,0,weekend,9.363
1165,2025-01-10 16:00:00,Accueil,21.12,4.55,44.3,3,ouvré,11.375
3190,2025-01-27 13:00:00,Accueil,21.53,6.97,54.4,6,ouvré,10.907
9268,2025-03-19 05:00:00,Atelier,20.32,3.8,53.0,15,ouvré,13.376
10019,2025-03-25 11:00:00,Salle_Serveur,20.78,7.65,43.2,0,ouvré,44.546
390,2025-01-04 05:00:00,Accueil,22.51,-0.12,53.6,0,weekend,10.42
7129,2025-03-01 09:00:00,Salle_Serveur,20.75,5.91,39.0,0,weekend,45.242
8348,2025-03-11 13:00:00,atelier,21.57,7.73,51.2,9,ouvré,32.195
4021,2025-02-03 12:00:00,BUREAU NORD,21.08,4.33,45.1,9,ouvré,
9797,2025-03-23 15:00:00,Bureau_Sud,20.44,10.54,34.8,0,weekend,6.606
4552,2025-02-07 22:00:00,Bureau_Sud,20.46,2.81,46.0,8,ouvré,10.418
4300,2025-02-05 19:00:00,accueil ,21.81,2.7,32.7,13,ouvré,10.534
560,2025-01-05 15:00:00,Accueil,20.96,6.7,39.2,0,weekend,6.882
1710,2025-01-15 05:00:00,accueil ,21.14,0.06,41.4,2,ouvré,10.347
5530,2025-02-16 01:00:00,Accueil,21.21,-1.41,45.6,0,weekend,9.803
4032,2025-02-03 14:00:00,Bureau_Sud,20.92,6.98,46.1,12,ouvré,19.193
1127,2025-01-10 09:00:00,Bureau_Sud,21.98,2.32,49.3,7,ouvré,15.417
7146,2025-03-01 13:00:00,BUREAU NORD,20.82,7.33,50.8,0,weekend,8.921
3752,2025-02-01 06:00:00,bureau sud,21.41,-1.55,49.3,0,weekend,12.363
6221,2025-02-21 20:00:00,Bureau_Nord,19.19,5.22,48.3,11,ouvré,9.447
7529,2025-03-04 17:00:00,Salle_Serveur,19.94,6.57,45.6,0,ouvré,46.276
9197,2025-03-18 15:00:00,bureau sud,21.75,13.1,42.4,9,ouvré,14.821
6740,2025-02-26 03:00:00,accueil ,19.74,-2.21,49.6,0,ouvré,10.839
6728,2025-02-26 01:00:00,atelier,20.6,1.72,44.1,7,ouvré,12.02
4027,2025-02-03 13:00:00,bureau sud,21.49,4.92,46.7,8,ouvré,19.162
5800,2025-02-18 07:00:00,Accueil,21.39,1.76,50.5,13,ouvré,9.076
1011,2025-01-09 10:00:00,bureau_nord,19.79,5.53,55.2,8,ouvré,
6104,2025-02-20 20:00:00,Salle_Serveur,22.13,3.11,47.6,0,ouvré,47.556
3227,2025-01-27 21:00:00,Bureau_Sud,21.68,1.58,45.2,11,ouvré,11.626
9258,2025-03-19 03:00:00,atelier,20.15,2.83,46.0,11,ouvré,13.168
1213,2025-01-11 02:00:00,Atelier,20.66,-1.21,41.9,0,weekend,15.094
8551,2025-03-13 06:00:00,Bureau_Nord,21.11,1.64,36.1,13,ouvré,11.258
3200,2025-01-27 15:00:00,accueil ,21.65,6.27,47.9,6,ouvré,12.604
5751,2025-02-17 22:00:00,bureau_nord,20.97,1.66,45.7,4,ouvré,10.291
7348,2025-03-03 05:00:00,Atelier,21.0,0.84,36.9,,ouvré,16.444
9295,2025-03-19 10:00:00,Accueil,22.01,6.58,47.9,8,ouvré,12.266
6533,2025-02-24 10:00:00,atelier,20.77,5.99,,9,ouvré,26.262
9930,2025-03-24 17:00:00,Accueil,22.16,10.5,42.9,,ouvré,9.644
9757,2025-03-23 07:00:00,bureau sud,,5.53,41.3,0,weekend,9.493
8644,2025-03-14 00:00:00,Salle Serveur,20.71,3.91,46.3,,ouvré,47.092
10446,2025-03-29 01:00:00,Bureau_Nord,19.07,4.98,53.2,0,,8.339
8757,2025-03-14 23:00:00,bureau sud,21.15,5.45,36.5,2,ouvré,8.36
2927,2025-01-25 09:00:00,Bureau_Sud,21.99,5.47,41.6,0,weekend,9.647
7283,2025-03-02 16:00:00,atelier,19.9,10.81,45.3,0,weekend,11.493
1492,2025-01-13 10:00:00,Bureau_Sud,20.95,3.88,44.4,11,ouvré,16.764
1757,2025-01-15 15:00:00,Bureau_Sud,21.39,7.21,49.8,4,ouvré,17.601
2105,2025-01-18 12:00:00,accueil ,20.25,5.98,48.2,0,weekend,7.793
8237,2025-03-10 15:00:00,bureau sud,20.64,10.52,51.3,6,ouvré,17.489
1072,2025-01-09 22:00:00,bureau sud,20.94,3.46,51.1,7,ouvré,10.362
4846,2025-02-10 09:00:00,Bureau_Nord,20.12,2.37,45.9,7,ouvré,14.852
9531,2025-03-21 10:00:00,Bureau_Nord,22.01,8.91,35.6,8,ouvré,11.76
8739,2025-03-14 19:00:00,Salle_Serveur,20.89,8.64,43.8,0,ouvré,42.464
2556,2025-01-22 07:00:00,BUREAU NORD,20.47,1.84,36.4,10,ouvré,
6421,2025-02-23 12:00:00,bureau_nord,20.83,4.57,39.4,0,weekend,9.561
569,2025-01-05 17:00:00,Salle_Serveur,20.04,5.89,45.2,0,weekend,-14.052
10530,2025-03-29 17:00:00,accueil ,21.23,10.68,44.6,0,weekend,6.091
8461,2025-03-12 12:00:00,BUREAU NORD,20.55,7.09,54.1,8,ouvré,16.806
387,2025-01-04 05:00:00,bureau sud,21.09,-0.12,28.4,0,,10.258
8709,2025-03-14 13:00:00,Salle Serveur,20.9,8.37,48.3,0,ouvré,43.93
8631,2025-03-13 22:00:00,Bureau_Nord,21.48,5.83,34.9,7,ouvré,7.243
5990,2025-02-19 21:00:00,Accueil,21.6,3.51,46.1,7,ouvré,8.659
8985,2025-03-16 20:00:00,accueil ,20.32,6.48,49.9,0,weekend,8.417
3842,2025-02-02 00:00:00,Bureau_Sud,21.99,-1.87,,0,weekend,11.916
2223,2025-01-19 12:00:00,Atelier,20.65,4.27,45.1,0,weekend,13.242
4596,2025-02-08 07:00:00,bureau_nord,20.49,-0.04,43.3,0,weekend,11.883
7617,2025-03-05 11:00:00,Bureau_Sud,21.55,6.1,41.0,11,ouvré,17.493
8917,2025-03-16 07:00:00,bureau sud,22.2,5.96,37.1,0,weekend,9.209
1484,2025-01-13 08:00:00,Salle Serveur,21.14,0.4,45.3,0,ouvré,48.662
10344,2025-03-28 04:00:00,Salle_Serveur,20.48,4.77,46.1,0,ouvré,47.047
3349,2025-01-28 21:00:00,Salle Serveur,21.32,3.09,42.8,0,ouvré,551.639
7941,2025-03-08 04:00:00,Bureau_Nord,,3.09,34.8,0,weekend,9.312
5902,2025-02-19 04:00:00,bureau sud,21.44,0.32,51.9,16,ouvré,12.372
10279,2025-03-27 15:00:00,Salle Serveur,21.37,12.74,35.4,0,ouvré,42.515
5001,2025-02-11 16:00:00,BUREAU NORD,21.12,4.91,45.8,8,ouvré,15.8
3276,2025-01-28 07:00:00,Bureau_Nord,20.77,1.86,39.5,14,ouvré,11.777
4788,2025-02-09 21:00:00,atelier,20.76,3.28,,0,weekend,13.825
189,2025-01-02 13:00:00,Salle_Serveur,19.91,4.06,46.5,0,ouvré,45.993
6583,2025-02-24 20:00:00,Atelier,20.79,3.65,48.2,13,ouvré,14.68
9064,2025-03-17 12:00:00,Salle_Serveur,21.32,8.64,46.1,0,ouvré,45.465
7504,2025-03-04 12:00:00,Salle_Serveur,20.59,6.98,48.3,0,ouvré,43.161
3255,2025-01-28 02:00:00,accueil ,20.69,0.11,41.7,2,ouvré,10.676
3739,2025-02-01 03:00:00,Salle Serveur,19.38,-2.03,49.6,0,weekend,50.069
433,2025-01-04 14:00:00,Atelier,20.36,6.38,38.3,0,weekend,10.766
3355,2025-01-28 22:00:00,accueil ,21.17,0.91,36.5,12,ouvré,8.968
5658,2025-02-17 03:00:00,atelier,19.67,-0.65,50.9,3,,14.761
8095,2025-03-09 10:00:00,accueil ,21.33,4.73,38.6,0,weekend,7.639
861,2025-01-08 04:00:00,Bureau_Nord,22.21,-0.99,48.5,6,ouvré,11.318
4543,2025-02-07 20:00:00,Atelier,20.36,3.73,45.7,12,ouvré,16.931
940,2025-01-08 19:00:00,accueil ,20.05,4.4,42.2,7,ouvré,7.789
5766,2025-02-18 01:00:00,BUREAU NORD,22.5,-1.37,52.5,6,ouvré,10.707
2216,2025-01-19 11:00:00,Bureau_Nord,21.46,5.58,49.1,0,weekend,8.035
5217,2025-02-13 11:00:00,Bureau_Sud,21.39,3.64,,7,ouvré,18.73
6558,2025-02-24 15:00:00,atelier,20.09,7.61,51.4,3,ouvré,30.406
1286,2025-01-11 17:00:00,bureau_nord,20.03,3.28,49.7,0,weekend,9.931
824,2025-01-07 20:00:00,Salle Serveur,19.25,4.62,27.1,0,ouvré,46.391
8437,2025-03-12 07:00:00,Bureau_Sud,19.98,-0.09,54.8,11,ouvré,12.938
7539,2025-03-04 19:00:00,Salle Serveur,22.15,7.01,39.0,0,ouvré,46.122
3547,2025-01-30 13:00:00,bureau sud,21.01,8.75,41.4,12,ouvré,18.541
7370,2025-03-03 09:00:00,accueil ,19.9,2.15,51.3,2,ouvré,14.335
6982,2025-02-28 04:00:00,Bureau_Sud,21.83,0.42,48.9,10,ouvré,11.653
209,2025-01-02 17:00:00,Salle Serveur,20.21,3.31,50.5,0,ouvré,47.636
2826,2025-01-24 13:00:00,Bureau_Nord,21.66,6.68,40.5,6,ouvré,17.241
2211,2025-01-19 10:00:00,Bureau_Nord,21.69,3.32,44.6,0,weekend,6.603
10165,2025-03-26 16:00:00,accueil ,20.81,13.9,44.5,5,ouvré,9.504
696,2025-01-06 19:00:00,Bureau_Nord,21.33,3.36,,11,ouvré,11.786
8606,2025-03-13 17:00:00,BUREAU NORD,20.86,7.87,42.9,2,ouvré,11.147
3568,2025-01-30 17:00:00,atelier,20.56,3.79,48.9,6,ouvré,25.587
3337,2025-01-28 19:00:00,Bureau_Sud,20.87,5.4,43.3,11,ouvré,11.5
9772,2025-03-23 10:00:00,bureau sud,19.75,9.42,43.0,0,weekend,6.62
8770,2025-03-15 01:00:00,accueil ,20.73,3.56,39.6,0,weekend,8.43
6563,2025-02-24 16:00:00,Atelier,,7.14,49.2,11,ouvré,26.324
10004,2025-03-25 08:00:00,Salle_Serveur,19.46,4.95,35.4,,ouvré,46.261
8856,2025-03-15 19:00:00,bureau_nord,20.01,6.45,53.1,0,weekend,5.692
9631,2025-03-22 06:00:00,BUREAU NORD,21.85,3.13,39.0,0,weekend,9.155
7135,2025-03-01 10:00:00,Accueil,20.07,4.78,58.3,0,weekend,6.856
9894,2025-03-24 10:00:00,Salle Serveur,20.77,8.15,35.4,0,ouvré,43.112
2398,2025-01-20 23:00:00,Atelier,20.87,-1.3,50.7,9,ouvré,14.562
3977,2025-02-03 03:00:00,Bureau_Sud,21.12,-1.93,45.3,3,ouvré,11.727
6406,2025-02-23 09:00:00,Bureau_Nord,21.16,4.96,44.0,0,weekend,8.133
5738,2025-02-17 19:00:00,Atelier,21.68,7.15,45.6,5,ouvré,16.9
6048,2025-02-20 09:00:00,atelier,22.34,1.7,45.6,0,ouvré,23.605
5707,2025-02-17 13:00:00,Bureau_Sud,21.15,6.5,35.6,13,ouvré,20.509
767,2025-01-07 09:00:00,Bureau_Sud,22.83,0.41,,7,ouvré,16.317
3783,2025-02-01 12:00:00,Atelier,,5.05,44.2,0,weekend,13.077
2283,2025-01-20 00:00:00,Atelier,21.0,-0.06,44.2,9,ouvré,13.813
8399,2025-03-11 23:00:00,Salle_Serveur,20.46,4.5,46.9,0,ouvré,46.694
2481,2025-01-21 16:00:00,BUREAU NORD,20.96,6.4,53.7,12,ouvré,14.459
69,2025-01-01 13:00:00,Salle Serveur,21.37,7.22,43.9,0,férié,44.747
5279,2025-02-13 23:00:00,Salle Serveur,20.67,0.66,,0,ouvré,48.283
2282,2025-01-20 00:00:00,Bureau_Sud,22.27,-0.06,41.5,8,ouvré,11.452
2081,2025-01-18 08:00:00,bureau_nord,20.05,1.51,58.3,0,weekend,9.806
7560,2025-03-04 23:00:00,Accueil,20.16,3.01,,,ouvré,6.201
6874,2025-02-27 06:00:00,Salle_Serveur,21.07,2.61,,0,ouvré,46.136
6480,2025-02-23 23:00:00,accueil ,20.45,4.39,46.2,0,weekend,7.586
1401,2025-01-12 16:00:00,bureau_nord,21.77,7.21,46.6,0,weekend,8.371
1557,2025-01-13 23:00:00,Bureau_Sud,22.25,-1.22,32.3,10,ouvré,11.283
8323,2025-03-11 08:00:00,Atelier,21.58,2.68,52.7,15,ouvré,20.909
1280,2025-01-11 15:00:00,accueil ,20.6,5.72,39.0,0,weekend,7.488
10141,2025-03-26 12:00:00,BUREAU NORD,20.64,10.67,44.7,7,ouvré,14.343
8719,2025-03-14 15:00:00,Salle_Serveur,21.79,12.02,41.8,0,,43.171
1905,2025-01-16 20:00:00,Accueil,22.01,2.14,45.8,,ouvré,8.466
5370,2025-02-14 17:00:00,Accueil,19.87,6.42,,6,ouvré,9.15
7660,2025-03-05 19:00:00,Accueil,21.62,7.69,50.0,0,ouvré,8.898
6989,2025-02-28 05:00:00,Salle Serveur,,1.27,57.8,0,ouvré,45.898
6469,2025-02-23 21:00:00,Salle Serveur,19.81,7.02,40.0,0,weekend,44.155
5745,2025-02-17 20:00:00,Accueil,20.58,5.82,62.9,8,ouvré,7.158
5570,2025-02-16 09:00:00,accueil ,20.53,3.19,51.2,0,weekend,8.608
4519,2025-02-07 15:00:00,Salle_Serveur,20.45,5.79,39.4,0,ouvré,45.042
10453,2025-03-29 02:00:00,Atelier,23.24,3.64,56.2,0,weekend,12.558
2295,2025-01-20 02:00:00,accueil ,21.73,-1.9,42.6,8,ouvré,10.453
4041,2025-02-03 16:00:00,Bureau_Nord,21.82,6.18,48.0,8,ouvré,14.534
4874,2025-02-10 14:00:00,Salle Serveur,22.12,7.05,46.9,0,ouvré,46.325
794,2025-01-07 14:00:00,Salle_Serveur,20.64,6.11,47.1,,ouvré,45.546
4542,2025-02-07 20:00:00,bureau sud,20.54,3.73,44.0,5,ouvré,12.053
7586,2025-03-05 05:00:00,Bureau_Nord,19.88,-0.77,42.7,7,ouvré,11.784
947,2025-01-08 21:00:00,Bureau_Sud,21.43,0.92,45.3,8,ouvré,11.376
3249,2025-01-28 01:00:00,Salle_Serveur,20.89,-1.67,40.9,0,ouvré,47.249
7391,2025-03-03 14:00:00,Bureau_Nord,21.62,7.26,47.6,11,ouvré,16.348
6630,2025-02-25 05:00:00,accueil ,21.64,0.45,42.0,,ouvré,8.968
4462,2025-02-07 04:00:00,bureau sud,22.38,1.08,46.1,6,ouvré,11.593
4908,2025-02-10 21:00:00,atelier,20.58,4.87,42.0,13,ouvré,12.768
5617,2025-02-16 19:00:00,bureau sud,23.34,3.61,279.9,0,weekend,8.941
7186,2025-03-01 21:00:00,Bureau_Nord,21.27,5.43,42.9,0,weekend,8.746
5218,2025-02-13 11:00:00,atelier,21.92,3.64,53.3,1,ouvré,29.695
4048,2025-02-03 17:00:00,Atelier,19.46,6.31,55.5,9,ouvré,23.207
10434,2025-03-28 22:00:00,Salle Serveur,20.18,5.94,40.7,0,ouvré,44.651
4501,2025-02-07 12:00:00,bureau_nord,19.67,6.44,39.3,6,ouvré,15.208
7140,2025-03-01 11:00:00,accueil ,19.59,4.08,36.3,0,weekend,8.977
6471,2025-02-23 22:00:00,bureau_nord,21.9,1.71,47.4,0,weekend,10.58
10566,2025-03-30 01:00:00,Bureau_Nord,20.78,2.58,48.5,0,weekend,10.927
2829,2025-01-24 13:00:00,Salle Serveur,20.41,6.68,50.7,0,ouvré,45.395
2517,2025-01-21 23:00:00,Bureau_Sud,22.22,2.02,41.9,6,ouvré,9.212
9147,2025-03-18 05:00:00,Bureau_Sud,20.61,2.67,42.4,,ouvré,8.25
2708,2025-01-23 13:00:00,Atelier,19.84,4.22,41.6,9,ouvré,32.823
344,2025-01-03 20:00:00,Salle Serveur,22.02,2.81,60.9,0,ouvré,47.022
9957,2025-03-24 23:00:00,bureau sud,20.21,4.59,31.5,2,ouvré,10.469
5261,2025-02-13 20:00:00,Bureau_Nord,21.76,3.17,49.6,14,ouvré,-7.717
8459,2025-03-12 11:00:00,Salle_Serveur,21.62,7.46,51.4,0,ouvré,44.704
6410,2025-02-23 09:00:00,accueil ,20.42,4.96,51.1,0,weekend,6.895
8730,2025-03-14 17:00:00,accueil ,20.66,9.07,51.5,,ouvré,8.278
2473,2025-01-21 14:00:00,atelier,21.35,7.31,45.7,12,ouvré,32.458
858,2025-01-08 03:00:00,Atelier,20.74,-2.74,,3,ouvré,17.468
7970,2025-03-08 09:00:00,accueil ,21.57,6.8,45.5,0,weekend,8.303
241,2025-01-03 00:00:00,bureau_nord,19.5,-1.7,34.0,0,ouvré,10.216
3196,2025-01-27 15:00:00,bureau_nord,21.09,6.27,40.1,7,ouvré,16.092
2282,2025-01-20 00:00:00,Bureau_Sud,22.27,-0.06,41.5,8,ouvré,11.452
6361,2025-02-23 00:00:00,Bureau_Nord,22.55,0.14,45.3,0,weekend,10.81
7239,2025-03-02 07:00:00,Salle_Serveur,21.83,1.47,51.3,0,weekend,46.585
9189,2025-03-18 13:00:00,Salle Serveur,,9.77,44.9,0,ouvré,42.861
4466,2025-02-07 05:00:00,bureau_nord,21.57,-0.21,,10,ouvré,11.383
1000,2025-01-09 07:00:00,Accueil,20.2,-0.4,44.3,7,ouvré,10.338
4212,2025-02-05 02:00:00,Bureau_Sud,20.01,-0.24,43.3,2,ouvré,12.562
10618,2025-03-30 11:00:00,atelier,19.76,9.68,36.5,0,weekend,10.407
8102,2025-03-09 12:00:00,Bureau_Sud,21.29,7.82,55.1,0,weekend,6.704
1764,2025-01-15 16:00:00,Salle Serveur,22.2,4.94,37.7,0,ouvré,46.905
4219,2025-02-05 03:00:00,Salle Serveur,22.04,-1.36,45.5,0,ouvré,49.262
4827,2025-02-10 05:00:00,bureau sud,21.97,-1.82,47.7,6,ouvré,11.923
6500,2025-02-24 03:00:00,Accueil,20.8,-1.74,39.4,6,ouvré,11.572
10701,2025-03-31 04:00:00,Bureau_Nord,21.74,3.37,58.5,5,ouvré,8.469
9294,2025-03-19 10:00:00,Salle Serveur,20.29,6.58,50.5,0,ouvré,45.535
1205,2025-01-11 00:00:00,Accueil,20.88,0.83,41.6,0,weekend,10.844
2159,2025-01-18 23:00:00,Salle Serveur,20.4,2.27,39.7,0,weekend,46.765
6010,2025-02-20 01:00:00,accueil ,20.52,-0.35,43.5,7,ouvré,8.863
10712,2025-03-31 06:00:00,bureau sud,21.76,4.37,54.4,7,ouvré,9.355
10158,2025-03-26 15:00:00,Atelier,20.54,9.99,38.9,11,ouvré,28.295
2791,2025-01-24 06:00:00,bureau_nord,21.12,-1.43,47.0,10,ouvré,13.121
5981,2025-02-19 20:00:00,BUREAU NORD,20.25,4.39,47.9,7,ouvré,9.66
7558,2025-03-04 23:00:00,Atelier,21.29,3.01,45.0,4,ouvré,13.378
4823,2025-02-10 04:00:00,atelier,20.12,-4.43,36.6,13,ouvré,16.35
8121,2025-03-09 16:00:00,Bureau_Nord,21.63,10.21,48.4,0,weekend,6.518
8524,2025-03-13 00:00:00,Salle Serveur,21.25,4.45,39.2,0,ouvré,45.906
6692,2025-02-25 18:00:00,bureau sud,21.09,7.6,38.3,7,ouvré,12.43
2163,2025-01-19 00:00:00,Atelier,20.09,-2.5,39.3,0,weekend,16.699
5351,2025-02-14 14:00:00,BUREAU NORD,20.69,6.6,39.0,11,ouvré,18.57
3865,2025-02-02 04:00:00,accueil ,20.32,-1.07,48.8,0,weekend,11.63
3310,2025-01-28 13:00:00,Accueil,22.29,5.93,47.3,7,ouvré,14.09
7626,2025-03-05 13:00:00,BUREAU NORD,21.61,8.68,51.9,19,ouvré,15.735
178,2025-01-02 11:00:00,Atelier,22.12,5.11,39.7,12,ouvré,28.92
9076,2025-03-17 15:00:00,bureau_nord,21.3,10.84,45.0,9,ouvré,14.477
8595,2025-03-13 14:00:00,Accueil,21.81,7.44,32.3,10,ouvré,13.634
6646,2025-02-25 09:00:00,BUREAU NORD,21.17,4.77,62.8,18,ouvré,11.735
9322,2025-03-19 16:00:00,bureau sud,20.38,9.64,37.2,8,ouvré,13.367
9913,2025-03-24 14:00:00,Atelier,21.03,10.86,50.3,0,ouvré,32.509
5085,2025-02-12 08:00:00,Accueil,19.73,3.94,39.1,2,ouvré,11.133
1035,2025-01-09 14:00:00,accueil ,20.95,6.69,48.8,0,ouvré,11.407
8164,2025-03-10 00:00:00,Salle_Serveur,21.13,3.28,35.6,0,ouvré,45.065
715,2025-01-06 22:00:00,accueil ,21.64,0.49,51.8,9,ouvré,
9928,2025-03-24 17:00:00,Atelier,20.05,10.5,49.6,8,ouvré,21.436
2324,2025-01-20 08:00:00,Salle Serveur,19.32,-0.32,39.9,0,ouvré,48.931
2192,2025-01-19 06:00:00,Bureau_Sud,21.8,1.13,44.1,,weekend,11.188
1417,2025-01-12 19:00:00,bureau sud,20.81,3.32,47.4,0,weekend,
9868,2025-03-24 05:00:00,Atelier,22.19,3.08,48.1,4,ouvré,13.371
8742,2025-03-14 20:00:00,bureau sud,21.25,5.09,40.5,8,ouvré,10.963
6097,2025-02-20 19:00:00,bureau sud,21.72,7.68,41.4,9,ouvré,11.55
8838,2025-03-15 15:00:00,Atelier,20.47,8.22,44.3,0,weekend,
5469,2025-02-15 13:00:00,Salle_Serveur,20.27,6.82,41.9,0,weekend,
10268,2025-03-27 13:00:00,Atelier,21.54,9.86,48.2,11,ouvré,30.988
567,2025-01-05 17:00:00,Bureau_Sud,21.03,5.89,43.5,0,weekend,9.201
320,2025-01-03 15:00:00,Accueil,21.02,5.2,48.1,5,ouvré,13.002
3901,2025-02-02 12:00:00,BUREAU NORD,20.78,5.42,49.0,0,weekend,9.422
3608,2025-01-31 01:00:00,atelier,21.58,-0.7,34.9,9,ouvré,13.969
4600,2025-02-08 07:00:00,accueil ,21.84,-0.04,43.9,0,weekend,9.545
6284,2025-02-22 08:00:00,Salle Serveur,20.58,5.74,39.0,0,weekend,46.508
8487,2025-03-12 17:00:00,Bureau_Sud,19.88,9.0,54.7,6,ouvré,12.418
10667,2025-03-30 21:00:00,Bureau_Sud,20.81,9.53,44.0,0,weekend,7.389
6526,2025-02-24 09:00:00,Bureau_Nord,20.57,3.83,39.1,6,ouvré,12.952
4609,2025-02-08 09:00:00,Salle_Serveur,23.39,2.31,49.3,0,weekend,47.338
3627,2025-01-31 05:00:00,bureau sud,22.34,-3.5,51.3,4,ouvré,11.936
4738,2025-02-09 11:00:00,atelier,20.16,4.46,44.2,0,weekend,13.008
1750,2025-01-15 13:00:00,Accueil,22.63,3.26,38.6,12,ouvré,14.358
1383,2025-01-12 12:00:00,atelier,22.16,1.97,45.5,0,weekend,14.49
5820,2025-02-18 11:00:00,Accueil,20.69,4.68,51.4,13,ouvré,11.829
8453,2025-03-12 10:00:00,atelier,20.22,6.5,,4,ouvré,26.098
4405,2025-02-06 16:00:00,accueil ,21.61,6.56,,11,ouvré,10.614
7155,2025-03-01 14:00:00,Accueil,,8.81,33.9,0,weekend,7.26
5974,2025-02-19 18:00:00,Salle_Serveur,20.74,7.36,52.1,0,ouvré,44.669
10653,2025-03-30 18:00:00,Atelier,20.37,13.9,43.3,0,,7.9
1365,2025-01-12 08:00:00,accueil ,21.69,0.59,28.8,0,weekend,9.847
13,2025-01-01 02:00:00,Atelier,21.15,-2.2,40.4,0,férié,15.009
1198,2025-01-10 23:00:00,Atelier,20.6,-0.2,41.0,16,ouvré,12.822
8276,2025-03-10 23:00:00,Bureau_Nord,22.23,3.86,52.8,0,ouvré,9.202
6187,2025-02-21 13:00:00,Bureau_Sud,21.79,6.77,35.2,6,ouvré,19.888
2207,2025-01-19 09:00:00,bureau sud,20.39,3.58,47.0,0,weekend,11.182
293,2025-01-03 10:00:00,atelier,21.86,1.85,47.2,8,ouvré,28.867
240,2025-01-02 23:00:00,accueil ,21.61,1.8,54.3,1,ouvré,9.082
6395,2025-02-23 06:00:00,Accueil,22.3,0.32,42.8,0,weekend,10.282
4285,2025-02-05 16:00:00,Accueil,20.93,7.8,39.0,10,ouvré,9.966
5045,2025-02-12 00:00:00,Accueil,20.89,1.28,48.8,6,ouvré,7.649
5684,2025-02-17 08:00:00,Salle Serveur,21.11,4.08,47.7,0,ouvré,46.686
9406,2025-03-20 09:00:00,BUREAU NORD,21.73,6.39,43.2,7,ouvré,11.433
1739,2025-01-15 11:00:00,Salle_Serveur,21.77,3.61,43.0,0,ouvré,46.837
10208,2025-03-27 01:00:00,atelier,21.64,2.38,50.3,8,ouvré,12.859
576,2025-01-05 19:00:00,Bureau_Nord,21.32,4.05,40.1,0,weekend,10.039
9028,2025-03-17 05:00:00,Atelier,22.5,3.04,41.5,8,ouvré,13.452
8887,2025-03-16 01:00:00,Bureau_Sud,21.18,2.86,45.5,0,weekend,10.67
6266,2025-02-22 05:00:00,bureau_nord,21.83,2.23,39.1,0,weekend,9.958
10101,2025-03-26 04:00:00,BUREAU NORD,21.57,2.8,52.9,7,ouvré,10.899
5900,2025-02-19 03:00:00,accueil ,20.01,0.34,49.9,8,ouvré,10.315
3654,2025-01-31 10:00:00,Salle Serveur,20.8,3.49,38.1,0,ouvré,48.498
7566,2025-03-05 01:00:00,bureau_nord,18.7,2.09,47.8,4,ouvré,7.701
2446,2025-01-21 09:00:00,bureau_nord,20.87,3.42,,5,ouvré,13.698
4783,2025-02-09 20:00:00,atelier,20.5,3.29,43.7,0,weekend,14.474
1221,2025-01-11 04:00:00,BUREAU NORD,20.99,-1.4,44.8,0,weekend,10.543
8184,2025-03-10 04:00:00,Salle Serveur,20.78,2.81,37.8,0,ouvré,46.728
3439,2025-01-29 15:00:00,Salle Serveur,21.2,5.04,43.9,0,ouvré,46.618
5646,2025-02-17 01:00:00,Bureau_Nord,21.72,0.59,40.8,4,ouvré,9.659
10607,2025-03-30 09:00:00,bureau sud,21.79,6.19,40.4,0,weekend,9.34
2280,2025-01-19 23:00:00,Accueil,22.02,-1.19,52.4,0,weekend,10.286
8972,2025-03-16 18:00:00,bureau sud,20.53,9.61,,,weekend,7.689
3622,2025-01-31 04:00:00,bureau sud,20.84,-1.43,51.3,,ouvré,10.998
10265,2025-03-27 12:00:00,Accueil,20.63,7.85,49.1,9,ouvré,13.243
9105,2025-03-17 20:00:00,Accueil,21.06,6.62,41.3,0,ouvré,6.044
2133,2025-01-18 18:00:00,Atelier,20.94,4.93,45.8,0,weekend,13.924
8354,2025-03-11 14:00:00,Salle Serveur,20.82,7.74,43.3,0,ouvré,45.342
9463,2025-03-20 20:00:00,Atelier,21.38,7.77,47.6,9,ouvré,13.488
6722,2025-02-26 00:00:00,bureau sud,20.58,1.7,,3,ouvré,8.958
4594,2025-02-08 06:00:00,Salle_Serveur,21.18,-0.58,47.5,0,weekend,48.683
3283,2025-01-28 08:00:00,atelier,21.36,1.23,40.5,6,ouvré,22.338
5883,2025-02-19 00:00:00,atelier,20.6,1.71,47.3,13,ouvré,483.233
10172,2025-03-26 18:00:00,Bureau_Sud,21.79,10.82,40.3,5,ouvré,9.96
1670,2025-01-14 21:00:00,accueil ,20.97,1.36,44.6,1,ouvré,7.996
10630,2025-03-30 13:00:00,Accueil,21.75,12.15,41.3,0,weekend,3.658
8245,2025-03-10 16:00:00,accueil ,19.82,10.29,45.6,8,ouvré,9.935
6292,2025-02-22 10:00:00,Bureau_Sud,20.97,3.99,39.4,0,weekend,10.699
4151,2025-02-04 14:00:00,bureau_nord,21.46,5.2,44.9,11,ouvré,15.841
498,2025-01-05 03:00:00,atelier,20.1,-0.48,38.5,0,weekend,14.646
8243,2025-03-10 16:00:00,atelier,19.67,10.29,38.7,8,ouvré,24.111
6767,2025-02-26 09:00:00,Bureau_Sud,21.59,3.96,36.9,3,ouvré,15.023
6459,2025-02-23 19:00:00,Salle Serveur,21.28,7.29,39.2,0,weekend,44.36
6942,2025-02-27 20:00:00,Bureau_Sud,20.26,6.27,51.7,0,ouvré,8.73
2093,2025-01-18 10:00:00,Atelier,22.23,1.72,44.6,0,weekend,15.376
10635,2025-03-30 14:00:00,accueil ,21.78,11.21,48.0,0,weekend,5.466
3872,2025-02-02 06:00:00,Bureau_Sud,20.09,-0.31,47.8,0,weekend,11.678
8197,2025-03-10 07:00:00,bureau sud,,4.53,44.5,9,ouvré,11.256
9302,2025-03-19 12:00:00,bureau sud,22.7,8.7,49.8,7,ouvré,16.996
9755,2025-03-23 06:00:00,Accueil,20.28,3.7,52.5,0,weekend,8.006
9411,2025-03-20 10:00:00,Bureau_Nord,18.93,7.74,54.5,,ouvré,14.351
1971,2025-01-17 10:00:00,Bureau_Nord,21.62,3.58,30.2,10,ouvré,15.201
136,2025-01-02 03:00:00,Bureau_Nord,22.25,-3.06,40.1,3,ouvré,11.145
1753,2025-01-15 14:00:00,Atelier,20.67,8.19,51.4,8,ouvré,31.927
4078,2025-02-03 23:00:00,atelier,20.98,-1.05,37.0,2,ouvré,14.923
4730,2025-02-09 09:00:00,Accueil,19.58,0.93,42.4,0,weekend,10.858
9118,2025-03-17 23:00:00,Atelier,21.53,3.74,47.6,6,ouvré,11.763
123,2025-01-02 00:00:00,atelier,19.04,-2.4,48.5,14,ouvré,14.615
5305,2025-02-14 04:00:00,Accueil,21.45,0.27,44.5,2,ouvré,10.604
4768,2025-02-09 17:00:00,atelier,20.58,4.37,34.1,0,weekend,12.095
9773,2025-03-23 10:00:00,Atelier,21.1,9.42,42.2,0,weekend,-11.166
8051,2025-03-09 02:00:00,bureau_nord,20.31,0.17,49.9,0,weekend,13.129
9608,2025-03-22 01:00:00,atelier,21.86,3.46,38.9,0,weekend,13.924
3252,2025-01-28 02:00:00,bureau sud,21.97,0.11,49.9,4,ouvré,11.822
3543,2025-01-30 12:00:00,Atelier,21.07,4.79,50.9,5,ouvré,33.236
7508,2025-03-04 13:00:00,atelier,21.14,7.12,47.5,12,ouvré,32.4
10160,2025-03-26 15:00:00,Accueil,20.9,9.99,46.6,4,ouvré,13.042
1113,2025-01-10 06:00:00,atelier,19.81,0.67,46.2,9,ouvré,16.951
6570,2025-02-24 17:00:00,accueil ,20.82,7.94,46.5,,ouvré,10.948
3600,2025-01-30 23:00:00,accueil ,22.14,2.82,49.6,0,ouvré,9.227
1061,2025-01-09 20:00:00,bureau_nord,20.05,3.47,40.0,10,ouvré,9.574
9345,2025-03-19 20:00:00,accueil ,19.51,8.96,55.6,7,ouvré,7.619
5864,2025-02-18 20:00:00,Salle Serveur,20.82,5.68,57.3,0,ouvré,481.026
1485,2025-01-13 08:00:00,accueil ,20.44,0.4,43.5,8,ouvré,12.093
7621,2025-03-05 12:00:00,Bureau_Nord,20.91,8.85,,6,ouvré,14.894
2947,2025-01-25 13:00:00,Bureau_Sud,21.35,6.17,47.8,0,weekend,8.535
4504,2025-02-07 12:00:00,Salle_Serveur,20.94,6.44,48.2,0,ouvré,44.697
9795,2025-03-23 14:00:00,Accueil,21.34,12.35,48.2,0,weekend,4.123
5934,2025-02-19 10:00:00,Salle_Serveur,20.4,5.53,45.4,0,ouvré,45.374
46,2025-01-01 09:00:00,Bureau_Nord,20.73,1.87,41.1,14,férié,16.141
7897,2025-03-07 19:00:00,bureau sud,20.18,8.69,38.3,0,ouvré,9.987
1378,2025-01-12 11:00:00,Atelier,21.0,1.24,54.0,0,weekend,14.763
3489,2025-01-30 01:00:00,Salle Serveur,20.64,-3.74,46.8,0,ouvré,50.021
3623,2025-01-31 04:00:00,Atelier,21.24,-1.43,36.7,3,ouvré,16.112
6875,2025-02-27 06:00:00,accueil ,19.24,2.61,45.3,3,ouvré,9.061
2925,2025-01-25 08:00:00,accueil ,21.44,1.12,,0,weekend,9.612
5825,2025-02-18 12:00:00,accueil ,21.16,7.14,54.3,8,ouvré,11.286
9336,2025-03-19 19:00:00,Bureau_Nord,22.03,7.73,50.3,2,ouvré,10.442
7884,2025-03-07 16:00:00,Salle Serveur,21.72,10.33,44.5,,ouvré,43.365
6396,2025-02-23 07:00:00,bureau_nord,19.77,4.7,36.0,0,weekend,830.517
2864,2025-01-24 20:00:00,Salle Serveur,20.63,4.78,40.7,0,ouvré,45.76
1234,2025-01-11 06:00:00,Salle_Serveur,19.45,0.64,51.6,0,weekend,48.167
10661,2025-03-30 20:00:00,BUREAU NORD,21.39,9.68,48.5,0,weekend,5.94
9209,2025-03-18 17:00:00,Salle_Serveur,19.45,9.7,38.3,0,ouvré,42.968
9274,2025-03-19 06:00:00,Salle_Serveur,21.73,6.67,51.3,0,ouvré,44.98
3462,2025-01-29 20:00:00,Bureau_Sud,21.38,2.78,46.9,6,ouvré,11.832
6042,2025-02-20 08:00:00,bureau sud,19.71,2.05,48.6,3,ouvré,14.54
1508,2025-01-13 13:00:00,atelier,20.65,5.85,40.1,10,ouvré,31.91
5728,2025-02-17 17:00:00,Atelier,21.24,5.78,34.1,5,ouvré,24.446
3246,2025-01-28 01:00:00,bureau_nord,21.37,-1.67,50.9,11,ouvré,9.697
4701,2025-02-09 04:00:00,BUREAU NORD,21.49,-2.59,28.0,0,weekend,12.158
22,2025-01-01 04:00:00,Bureau_Sud,21.55,-2.25,54.6,8,férié,11.954
2253,2025-01-19 18:00:00,Atelier,21.01,6.43,50.0,0,weekend,12.886
9862,2025-03-24 04:00:00,bureau sud,19.98,1.33,37.7,0,ouvré,9.414
9270,2025-03-19 05:00:00,Accueil,21.82,3.8,43.0,7,ouvré,8.751
8628,2025-03-13 21:00:00,atelier,20.4,6.55,41.4,9,ouvré,11.263
3813,2025-02-01 18:00:00,Atelier,20.78,4.69,37.8,0,weekend,12.185
5985,2025-02-19 20:00:00,Accueil,21.62,4.39,47.7,10,ouvré,9.388
2421,2025-01-21 04:00:00,Bureau_Nord,22.79,-1.53,45.2,,ouvré,13.169
945,2025-01-08 20:00:00,accueil ,19.92,2.24,39.6,11,ouvré,9.635
4402,2025-02-06 16:00:00,bureau sud,21.38,6.56,49.0,9,ouvré,15.536
1664,2025-01-14 20:00:00,Salle Serveur,19.15,1.26,45.4,0,ouvré,46.828
363,2025-01-04 00:00:00,atelier,20.97,-0.29,46.3,0,weekend,15.685
1550,2025-01-13 21:00:00,accueil ,20.46,-0.94,51.4,8,ouvré,10.838
5546,2025-02-16 05:00:00,bureau_nord,20.66,-0.91,42.6,0,weekend,11.597
5032,2025-02-11 22:00:00,Bureau_Sud,20.51,0.0,48.6,3,ouvré,10.384
4392,2025-02-06 14:00:00,bureau sud,19.56,8.05,40.8,14,ouvré,18.767
6624,2025-02-25 04:00:00,Salle_Serveur,20.34,-0.22,42.8,0,ouvré,47.897
9096,2025-03-17 19:00:00,BUREAU NORD,19.97,7.1,54.5,6,ouvré,8.538
6228,2025-02-21 21:00:00,Atelier,20.79,5.23,44.1,10,ouvré,12.956
4254,2025-02-05 10:00:00,Salle Serveur,19.41,6.07,41.9,0,ouvré,45.279
10644,2025-03-30 16:00:00,Salle Serveur,21.19,12.12,43.3,0,weekend,42.227
8958,2025-03-16 15:00:00,Atelier,21.29,10.81,48.2,0,weekend,9.961
509,2025-01-05 05:00:00,Salle_Serveur,18.68,-0.69,39.8,0,weekend,49.766
9318,2025-03-19 15:00:00,atelier,21.24,11.63,45.6,9,ouvré,26.713
2220,2025-01-19 11:00:00,accueil ,22.02,5.58,44.4,0,weekend,6.865
9903,2025-03-24 12:00:00,atelier,22.1,8.56,43.6,7,ouvré,31.0
1380,2025-01-12 11:00:00,accueil ,20.54,1.24,51.6,0,weekend,9.722
8902,2025-03-16 04:00:00,Bureau_Sud,20.13,0.59,,0,weekend,10.391
5126,2025-02-12 17:00:00,bureau_nord,21.19,7.88,40.6,14,ouvré,11.713
539,2025-01-05 11:00:00,Salle_Serveur,20.69,3.07,38.6,0,weekend,46.77
2848,2025-01-24 17:00:00,Atelier,21.36,7.76,47.1,9,ouvré,23.867
2395,2025-01-20 22:00:00,Accueil,21.31,-0.32,41.9,12,ouvré,9.946
4482,2025-02-07 08:00:00,Bureau_Sud,21.21,1.88,38.7,13,ouvré,14.348
3461,2025-01-29 20:00:00,Bureau_Nord,20.3,2.78,45.9,6,ouvré,9.726
872,2025-01-08 06:00:00,bureau sud,21.7,-1.61,36.2,11,ouvré,12.723
373,2025-01-04 02:00:00,Atelier,20.2,-2.51,,0,weekend,16.079
180,2025-01-02 11:00:00,accueil ,,5.11,35.6,5,ouvré,12.273
3801,2025-02-01 16:00:00,bureau_nord,21.76,4.89,37.5,0,weekend,9.493
7145,2025-03-01 12:00:00,Accueil,21.23,7.1,39.3,0,weekend,7.785
10401,2025-03-28 16:00:00,BUREAU NORD,19.28,11.57,45.6,9,ouvré,11.464
5012,2025-02-11 18:00:00,Bureau_Sud,21.93,7.75,49.1,8,ouvré,12.888
10374,2025-03-28 10:00:00,Salle_Serveur,20.84,8.56,44.5,0,ouvré,43.565
5203,2025-02-13 08:00:00,atelier,21.1,2.37,47.0,8,ouvré,21.152
6662,2025-02-25 12:00:00,Bureau_Sud,21.74,6.49,36.4,9,ouvré,17.159
1802,2025-01-16 00:00:00,bureau sud,21.86,-0.2,47.1,10,ouvré,10.316
9329,2025-03-19 17:00:00,Salle_Serveur,20.2,9.01,41.2,0,ouvré,42.828
3784,2025-02-01 12:00:00,Salle_Serveur,20.79,5.05,57.4,0,weekend,46.744
7463,2025-03-04 04:00:00,Atelier,21.23,0.63,40.3,12,ouvré,
5068,2025-02-12 05:00:00,Atelier,20.26,1.16,40.2,7,ouvré,15.333
4816,2025-02-10 03:00:00,BUREAU NORD,21.91,-0.71,37.4,8,ouvré,9.186
3135,2025-01-27 02:00:00,Accueil,21.84,-1.27,52.0,,ouvré,9.648
5497,2025-02-15 19:00:00,bureau sud,20.92,4.62,36.1,0,weekend,10.575
755,2025-01-07 06:00:00,accueil ,21.93,-1.21,35.8,7,ouvré,11.021
7990,2025-03-08 13:00:00,accueil ,21.4,9.08,43.5,0,weekend,6.887
5022,2025-02-11 20:00:00,Bureau_Sud,21.62,4.83,35.5,7,ouvré,10.012
1609,2025-01-14 09:00:00,Salle_Serveur,21.2,1.38,31.3,0,ouvré,47.95
4590,2025-02-08 05:00:00,accueil ,21.42,-0.48,48.3,0,weekend,10.648
7462,2025-03-04 04:00:00,Bureau_Sud,21.18,0.63,52.3,12,ouvré,11.949
10284,2025-03-27 16:00:00,Salle_Serveur,20.75,11.95,42.9,0,ouvré,44.232
1511,2025-01-13 14:00:00,BUREAU NORD,19.79,5.96,44.0,5,ouvré,17.566
2353,2025-01-20 14:00:00,atelier,21.77,5.69,45.2,,ouvré,31.939
8200,2025-03-10 07:00:00,Accueil,21.35,4.53,42.6,9,ouvré,8.193
8425,2025-03-12 04:00:00,Accueil,22.6,-1.04,48.7,14,ouvré,9.902
1645,2025-01-14 16:00:00,Accueil,22.02,3.13,42.1,2,ouvré,14.133
7092,2025-03-01 02:00:00,bureau sud,22.3,1.67,41.1,0,weekend,9.155
769,2025-01-07 09:00:00,Salle Serveur,21.9,0.41,45.2,0,ouvré,47.817
8488,2025-03-12 17:00:00,atelier,21.48,9.0,45.8,9,ouvré,22.744
1152,2025-01-10 14:00:00,Bureau_Sud,21.35,4.9,49.7,14,ouvré,19.027
199,2025-01-02 15:00:00,Salle_Serveur,22.4,5.77,44.3,0,ouvré,47.131
2380,2025-01-20 19:00:00,Accueil,20.73,4.11,42.9,8,ouvré,8.883
9473,2025-03-20 22:00:00,atelier,21.55,8.65,46.8,7,ouvré,9.383
10561,2025-03-30 00:00:00,BUREAU NORD,20.66,5.58,36.4,0,weekend,9.179
10361,2025-03-28 08:00:00,Bureau_Nord,20.99,6.06,44.3,9,ouvré,10.828
5701,2025-02-17 12:00:00,BUREAU NORD,20.34,6.16,42.8,10,ouvré,16.864
8879,2025-03-15 23:00:00,Salle_Serveur,21.19,4.16,42.6,0,weekend,46.737
7913,2025-03-07 22:00:00,atelier,20.19,1.71,49.1,4,ouvré,14.228
9802,2025-03-23 16:00:00,Bureau_Sud,20.03,9.49,49.0,0,weekend,6.089
10292,2025-03-27 18:00:00,bureau sud,19.82,10.27,53.4,0,ouvré,10.806
8390,2025-03-11 21:00:00,Accueil,21.58,6.42,38.4,6,ouvré,7.672
3370,2025-01-29 01:00:00,accueil ,21.19,-2.66,43.8,11,ouvré,11.59
10433,2025-03-28 22:00:00,Atelier,21.25,5.94,39.0,13,,12.499
1642,2025-01-14 16:00:00,Bureau_Sud,21.66,3.13,47.3,7,ouvré,19.525
2068,2025-01-18 05:00:00,atelier,21.91,-2.11,57.2,0,weekend,16.693
10519,2025-03-29 15:00:00,Salle Serveur,21.19,10.93,47.0,0,weekend,44.088
957,2025-01-08 23:00:00,Bureau_Sud,,-0.57,44.2,5,ouvré,
9304,2025-03-19 12:00:00,Salle Serveur,20.55,8.7,51.9,0,ouvré,44.856
9560,2025-03-21 15:00:00,Accueil,22.97,10.35,58.1,19,ouvré,10.038
4584,2025-02-08 04:00:00,Salle_Serveur,22.67,-0.69,50.5,0,weekend,48.173
456,2025-01-04 19:00:00,bureau_nord,20.79,3.48,42.6,0,weekend,9.869
4189,2025-02-04 21:00:00,Salle_Serveur,21.92,2.58,50.1,0,ouvré,48.208
2227,2025-01-19 13:00:00,bureau sud,20.33,5.79,45.9,0,weekend,9.036
1636,2025-01-14 15:00:00,bureau_nord,21.1,6.77,33.9,8,ouvré,15.511
4014,2025-02-03 10:00:00,Salle Serveur,21.28,4.19,39.4,0,ouvré,46.613
4384,2025-02-06 12:00:00,Salle_Serveur,20.11,8.01,44.9,0,ouvré,44.057
6915,2025-02-27 14:00:00,Accueil,20.39,8.97,46.3,12,ouvré,12.32
4016,2025-02-03 11:00:00,Bureau_Nord,21.29,4.36,47.1,8,ouvré,16.583
9020,2025-03-17 03:00:00,Accueil,20.37,-0.05,45.2,10,ouvré,9.903
6298,2025-02-22 11:00:00,atelier,20.21,6.49,44.3,0,weekend,12.362
6418,2025-02-23 11:00:00,atelier,21.0,5.14,38.6,,weekend,11.157
5558,2025-02-16 07:00:00,atelier,20.74,0.3,48.8,0,weekend,15.425
8103,2025-03-09 12:00:00,atelier,21.21,7.82,46.3,0,weekend,10.718
660,2025-01-06 11:00:00,accueil ,21.92,5.39,41.5,10,ouvré,13.2
747,2025-01-07 05:00:00,bureau sud,21.07,0.02,44.9,7,ouvré,10.708
5252,2025-02-13 18:00:00,bureau sud,22.13,3.79,49.9,6,ouvré,12.589
4532,2025-02-07 18:00:00,bureau sud,21.65,6.93,39.6,2,ouvré,12.097
4451,2025-02-07 02:00:00,BUREAU NORD,21.48,-2.96,48.1,6,ouvré,13.321
866,2025-01-08 05:00:00,Bureau_Nord,18.7,-2.88,46.0,10,ouvré,12.247
8916,2025-03-16 07:00:00,BUREAU NORD,22.18,5.96,49.8,0,weekend,7.534
2785,2025-01-24 04:00:00,accueil ,19.22,-3.02,48.5,16,ouvré,11.227
4568,2025-02-08 01:00:00,Atelier,22.02,2.43,38.5,0,weekend,14.165
4794,2025-02-09 22:00:00,Salle Serveur,22.11,1.3,46.3,0,weekend,46.574
10584,2025-03-30 04:00:00,Salle_Serveur,20.95,3.71,36.1,0,weekend,47.367
4213,2025-02-05 02:00:00,Atelier,21.42,-0.24,45.3,14,ouvré,13.475
3269,2025-01-28 05:00:00,Salle_Serveur,20.04,-2.66,33.4,0,ouvré,47.212
9478,2025-03-20 23:00:00,atelier,20.69,4.37,39.3,17,ouvré,12.306
3013,2025-01-26 02:00:00,atelier,21.69,-0.38,43.6,0,weekend,14.158
5460,2025-02-15 11:00:00,accueil ,20.53,4.34,44.4,0,weekend,7.494
684,2025-01-06 16:00:00,Salle Serveur,22.26,5.83,47.7,0,ouvré,45.495
7874,2025-03-07 14:00:00,Salle_Serveur,20.26,10.9,40.1,0,ouvré,44.109
9545,2025-03-21 12:00:00,accueil ,20.85,7.59,48.2,8,ouvré,10.85
2763,2025-01-24 00:00:00,atelier,20.07,-0.68,38.9,2,ouvré,14.709
7638,2025-03-05 15:00:00,Atelier,20.3,10.11,,10,ouvré,29.779
9230,2025-03-18 21:00:00,Accueil,20.24,6.96,36.2,6,ouvré,6.76
7888,2025-03-07 17:00:00,Atelier,20.98,8.76,50.7,5,ouvré,21.243
9108,2025-03-17 21:00:00,Atelier,21.59,3.95,48.4,5,ouvré,13.651
5014,2025-02-11 18:00:00,Salle_Serveur,21.8,7.75,45.8,0,ouvré,44.442
3835,2025-02-01 22:00:00,Accueil,20.9,-0.1,48.2,0,weekend,8.203
2998,2025-01-25 23:00:00,Atelier,20.76,0.47,45.8,0,weekend,15.394
4227,2025-02-05 05:00:00,Bureau_Sud,20.83,0.34,43.7,7,ouvré,12.64
10013,2025-03-25 10:00:00,Atelier,21.87,8.28,42.5,5,ouvré,27.243
1196,2025-01-10 23:00:00,bureau_nord,21.71,-0.2,42.1,5,ouvré,10.797
3012,2025-01-26 02:00:00,bureau sud,20.89,-0.38,42.5,0,weekend,12.353
6796,2025-02-26 15:00:00,bureau_nord,21.23,8.08,,6,ouvré,14.66
4561,2025-02-08 00:00:00,bureau_nord,21.12,-0.74,44.6,0,weekend,8.704
1650,2025-01-14 17:00:00,accueil ,20.49,4.59,44.5,1,ouvré,11.882
8455,2025-03-12 10:00:00,Accueil,21.78,6.5,59.2,5,ouvré,11.037
7598,2025-03-05 07:00:00,atelier,21.16,3.64,47.0,4,ouvré,18.616
9525,2025-03-21 08:00:00,Accueil,22.81,5.61,44.0,0,ouvré,
3486,2025-01-30 01:00:00,BUREAU NORD,21.82,-3.74,46.5,9,ouvré,13.285
5993,2025-02-19 22:00:00,Atelier,,3.97,42.1,7,ouvré,12.204
969,2025-01-09 01:00:00,Salle_Serveur,22.23,1.93,45.8,0,ouvré,47.865
2703,2025-01-23 12:00:00,atelier,21.16,5.17,46.3,11,ouvré,32.751
5686,2025-02-17 09:00:00,Bureau_Nord,,3.38,34.8,7,ouvré,14.367
4480,2025-02-07 07:00:00,Accueil,21.42,-0.1,48.6,13,ouvré,11.276
6801,2025-02-26 16:00:00,Bureau_Nord,22.27,6.2,63.0,7,ouvré,14.887
6653,2025-02-25 10:00:00,Atelier,21.84,5.49,40.5,,ouvré,25.571
4033,2025-02-03 14:00:00,Atelier,20.69,6.98,52.5,14,ouvré,32.816
3526,2025-01-30 09:00:00,BUREAU NORD,21.13,2.9,43.4,8,ouvré,15.664
3524,2025-01-30 08:00:00,Salle_Serveur,21.19,1.15,45.8,0,ouvré,47.386
4309,2025-02-05 21:00:00,Salle_Serveur,20.11,1.52,39.9,0,ouvré,47.283
4713,2025-02-09 06:00:00,Atelier,18.89,-0.0,37.6,0,weekend,15.199
5534,2025-02-16 02:00:00,Salle Serveur,20.55,0.46,47.9,0,weekend,46.982
403,2025-01-04 08:00:00,Atelier,21.06,-0.33,52.5,0,weekend,15.018
3868,2025-02-02 05:00:00,Atelier,21.68,0.02,43.1,0,weekend,15.187
7284,2025-03-02 16:00:00,Salle Serveur,21.88,10.81,52.9,0,weekend,42.453
7646,2025-03-05 17:00:00,bureau_nord,21.77,7.86,46.7,0,ouvré,12.51
3428,2025-01-29 13:00:00,Atelier,22.07,5.7,52.6,10,ouvré,33.596
552,2025-01-05 14:00:00,bureau sud,21.1,5.4,44.4,0,weekend,8.665
3982,2025-02-03 04:00:00,Bureau_Sud,21.34,-0.1,52.4,6,ouvré,13.048
3582,2025-01-30 20:00:00,bureau sud,20.93,2.72,45.1,9,ouvré,12.325
10037,2025-03-25 15:00:00,Bureau_Sud,20.73,10.81,40.4,15,ouvré,16.498
987,2025-01-09 05:00:00,Bureau_Sud,21.61,-2.83,42.4,0,ouvré,12.356
5581,2025-02-16 12:00:00,BUREAU NORD,21.08,4.49,45.9,0,weekend,8.051
4789,2025-02-09 21:00:00,Salle_Serveur,20.19,3.28,36.9,0,weekend,46.814
9248,2025-03-19 01:00:00,Atelier,19.6,2.43,49.0,4,ouvré,13.224
10726,2025-03-31 09:00:00,BUREAU NORD,21.22,3.65,45.4,8,ouvré,13.88
10236,2025-03-27 07:00:00,BUREAU NORD,21.26,4.66,33.3,8,ouvré,10.842
7091,2025-03-01 02:00:00,bureau_nord,-999,1.67,58.8,0,weekend,10.041
8643,2025-03-14 00:00:00,atelier,20.93,3.91,37.5,2,,12.574
6072,2025-02-20 14:00:00,bureau sud,19.82,8.13,41.1,0,ouvré,19.401
4255,2025-02-05 10:00:00,accueil ,20.17,6.07,52.3,4,ouvré,11.699
3763,2025-02-01 08:00:00,Atelier,21.33,0.61,50.0,0,weekend,14.785
4288,2025-02-05 17:00:00,Atelier,21.49,5.25,43.9,4,ouvré,22.43
5436,2025-02-15 07:00:00,bureau_nord,21.64,0.36,42.2,0,weekend,10.05
7977,2025-03-08 11:00:00,Bureau_Sud,,6.15,42.3,0,weekend,8.913
181,2025-01-02 12:00:00,Bureau_Nord,21.16,6.15,53.9,14,ouvré,16.538
4093,2025-02-04 02:00:00,Atelier,20.96,-1.28,39.8,3,ouvré,14.058
4555,2025-02-07 22:00:00,Accueil,19.99,2.81,44.3,6,ouvré,7.323
863,2025-01-08 04:00:00,atelier,21.58,-0.99,46.6,9,ouvré,16.324
9611,2025-03-22 02:00:00,Bureau_Nord,20.66,1.94,,0,weekend,11.41
1853,2025-01-16 10:00:00,atelier,20.53,4.0,42.0,8,ouvré,27.427
8751,2025-03-14 22:00:00,Bureau_Nord,20.8,5.39,43.2,3,ouvré,9.344
5697,2025-02-17 11:00:00,bureau sud,20.96,4.6,37.9,14,ouvré,20.277
4720,2025-02-09 07:00:00,Accueil,21.32,0.93,34.7,,weekend,10.159
6050,2025-02-20 09:00:00,Accueil,22.09,1.7,40.4,1,ouvré,13.046
2697,2025-01-23 11:00:00,bureau sud,,3.64,50.9,,ouvré,18.614
9384,2025-03-20 04:00:00,Salle_Serveur,21.46,0.98,39.8,0,ouvré,47.872
4847,2025-02-10 09:00:00,bureau sud,20.91,2.37,44.3,12,ouvré,15.377
6502,2025-02-24 04:00:00,bureau sud,20.38,2.18,46.4,,ouvré,10.172
4440,2025-02-06 23:00:00,accueil ,22.06,0.95,37.8,14,ouvré,8.924
8973,2025-03-16 18:00:00,atelier,21.08,9.61,,0,weekend,10.746
3794,2025-02-01 14:00:00,Salle_Serveur,20.38,5.05,47.1,0,weekend,45.834
5043,2025-02-12 00:00:00,atelier,21.52,1.28,48.6,16,ouvré,13.142
8910,2025-03-16 05:00:00,Accueil,21.34,0.35,50.1,0,weekend,9.936
7050,2025-02-28 17:00:00,accueil ,20.68,8.73,,9,ouvré,9.801
306,2025-01-03 13:00:00,bureau_nord,21.14,4.2,42.9,13,ouvré,17.987
4844,2025-02-10 08:00:00,Salle_Serveur,21.11,2.59,50.6,0,ouvré,47.578
5025,2025-02-11 20:00:00,accueil ,20.47,4.83,41.2,4,ouvré,8.605
5703,2025-02-17 12:00:00,atelier,21.96,6.16,46.1,6,ouvré,32.262
8587,2025-03-13 13:00:00,Bureau_Sud,20.51,9.64,33.6,1,ouvré,16.487
5679,2025-02-17 07:00:00,Salle_Serveur,21.14,3.49,35.3,0,ouvré,46.704
7425,2025-03-03 20:00:00,accueil ,21.31,6.32,40.3,6,ouvré,7.487
9977,2025-03-25 03:00:00,bureau sud,19.8,1.94,33.9,,ouvré,9.464
6234,2025-02-21 22:00:00,Salle_Serveur,22.05,4.47,44.6,0,ouvré,46.946
3820,2025-02-01 19:00:00,Accueil,20.56,4.46,43.0,0,weekend,8.292
7877,2025-03-07 15:00:00,bureau sud,22.2,8.73,34.1,7,ouvré,
156,2025-01-02 07:00:00,BUREAU NORD,21.42,1.71,41.4,9,ouvré,11.232
9947,2025-03-24 21:00:00,bureau sud,22.02,7.14,32.4,2,ouvré,11.142
7396,2025-03-03 15:00:00,Bureau_Nord,21.41,7.82,43.1,2,ouvré,14.582
10386,2025-03-28 13:00:00,Bureau_Nord,20.1,12.12,54.3,6,ouvré,14.666
8079,2025-03-09 07:00:00,Salle_Serveur,20.72,4.31,37.0,0,weekend,46.922
3048,2025-01-26 09:00:00,atelier,21.47,3.7,49.1,0,weekend,14.896
5446,2025-02-15 09:00:00,BUREAU NORD,20.63,1.82,,0,weekend,9.992
112,2025-01-01 22:00:00,bureau sud,20.18,3.6,36.4,7,férié,8.269
6592,2025-02-24 22:00:00,Bureau_Sud,22.08,2.37,44.7,8,ouvré,10.719
6620,2025-02-25 03:00:00,Accueil,20.2,-0.44,43.1,16,ouvré,10.285
6027,2025-02-20 05:00:00,bureau sud,21.16,1.66,49.0,10,ouvré,12.081
10658,2025-03-30 19:00:00,atelier,20.33,9.25,45.7,0,weekend,10.758
1842,2025-01-16 08:00:00,bureau sud,20.58,1.51,42.6,5,ouvré,14.784
5951,2025-02-19 14:00:00,BUREAU NORD,21.03,6.28,52.1,12,ouvré,17.817
8938,2025-03-16 11:00:00,Atelier,22.53,9.77,46.0,0,weekend,8.215
4252,2025-02-05 10:00:00,Bureau_Sud,21.84,6.07,45.0,8,ouvré,15.128
229,2025-01-02 21:00:00,Salle_Serveur,22.29,2.84,41.5,0,ouvré,46.081
86,2025-01-01 17:00:00,bureau_nord,19.82,4.62,29.5,0,férié,12.366
10760,2025-03-31 15:00:00,Accueil,22.07,10.5,41.0,9,ouvré,10.066
2197,2025-01-19 07:00:00,bureau sud,20.99,-2.25,50.2,0,weekend,12.343
2732,2025-01-23 18:00:00,bureau sud,21.71,4.18,,1,ouvré,12.142
6405,2025-02-23 08:00:00,Accueil,21.49,2.98,45.3,0,weekend,7.998
10068,2025-03-25 21:00:00,Atelier,19.95,6.52,43.1,11,ouvré,12.326
5422,2025-02-15 04:00:00,bureau sud,20.48,-3.63,38.6,0,weekend,12.153
4483,2025-02-07 08:00:00,atelier,20.07,1.88,38.7,5,ouvré,21.008
807,2025-01-07 17:00:00,bureau sud,20.93,5.75,40.1,3,ouvré,14.602
724,2025-01-07 00:00:00,Salle_Serveur,19.95,-0.1,47.7,0,ouvré,48.273
2381,2025-01-20 20:00:00,bureau_nord,22.96,1.7,41.5,8,ouvré,12.07
6493,2025-02-24 02:00:00,Atelier,21.05,2.35,41.6,,ouvré,13.759
9967,2025-03-25 01:00:00,Bureau_Sud,22.4,2.42,47.8,7,ouvré,9.593
3150,2025-01-27 05:00:00,accueil ,20.41,-1.44,47.1,12,ouvré,11.216
667,2025-01-06 13:00:00,bureau sud,20.73,5.41,43.4,0,ouvré,20.378
2600,2025-01-22 15:00:00,accueil ,20.15,6.14,,6,ouvré,12.067
9440,2025-03-20 15:00:00,Accueil,20.7,12.16,41.3,4,ouvré,7.46
5786,2025-02-18 05:00:00,BUREAU NORD,20.15,-0.29,48.1,3,ouvré,11.539
3322,2025-01-28 16:00:00,Bureau_Sud,19.37,8.1,51.6,8,ouvré,13.52
4623,2025-02-08 12:00:00,Atelier,20.43,5.53,47.7,0,weekend,11.872
810,2025-01-07 17:00:00,accueil ,20.92,5.75,38.1,6,ouvré,11.062
1642,2025-01-14 16:00:00,Bureau_Sud,21.66,3.13,47.3,7,ouvré,19.525
2709,2025-01-23 13:00:00,Salle_Serveur,,4.22,,0,ouvré,47.437
10190,2025-03-26 21:00:00,accueil ,20.31,6.52,,11,ouvré,7.263
6547,2025-02-24 13:00:00,bureau sud,20.98,8.38,52.1,11,ouvré,19.083
5661,2025-02-17 04:00:00,Bureau_Nord,20.57,-1.05,50.4,3,ouvré,10.566
6513,2025-02-24 06:00:00,atelier,19.83,1.02,37.9,12,ouvré,16.883
9011,2025-03-17 02:00:00,BUREAU NORD,21.78,1.26,46.6,8,ouvré,10.164
1029,2025-01-09 13:00:00,Salle Serveur,20.69,4.31,52.2,0,ouvré,45.721
5532,2025-02-16 02:00:00,bureau sud,19.99,0.46,43.8,0,weekend,10.797
6682,2025-02-25 16:00:00,Bureau_Sud,20.29,7.84,42.7,2,ouvré,
9376,2025-03-20 03:00:00,Bureau_Nord,19.84,2.39,50.0,14,ouvré,7.796
1312,2025-01-11 22:00:00,Bureau_Sud,21.9,0.87,43.4,0,weekend,12.978
10057,2025-03-25 19:00:00,bureau sud,20.97,9.26,49.1,15,ouvré,9.18
3963,2025-02-03 00:00:00,Atelier,22.28,-0.19,36.5,7,ouvré,13.649
10800,2025-03-31 23:00:00,accueil ,19.95,5.01,45.6,3,ouvré,8.865
763,2025-01-07 08:00:00,atelier,,0.21,44.3,6,ouvré,21.482
7937,2025-03-08 03:00:00,bureau sud,20.85,2.47,41.9,0,weekend,9.874
3934,2025-02-02 18:00:00,Salle_Serveur,21.06,4.73,51.9,0,weekend,825.227
9414,2025-03-20 10:00:00,Salle_Serveur,21.01,7.74,50.1,0,ouvré,44.788
435,2025-01-04 14:00:00,accueil ,20.91,6.38,44.3,,weekend,6.871
3557,2025-01-30 15:00:00,Bureau_Sud,21.4,6.8,,9,ouvré,16.706
1776,2025-01-15 19:00:00,bureau_nord,21.11,4.06,45.6,0,ouvré,10.505
6295,2025-02-22 10:00:00,accueil ,20.59,3.99,45.7,0,weekend,7.644
10672,2025-03-30 22:00:00,Bureau_Sud,20.16,7.28,43.1,0,weekend,7.616
8104,2025-03-09 12:00:00,Salle_Serveur,20.09,7.82,47.3,0,weekend,44.897
2053,2025-01-18 02:00:00,Atelier,19.4,-1.9,47.0,0,weekend,15.996
8922,2025-03-16 08:00:00,Bureau_Sud,21.35,6.6,47.8,0,weekend,8.442
4569,2025-02-08 01:00:00,Salle Serveur,20.47,2.43,52.5,0,weekend,46.857
9026,2025-03-17 05:00:00,bureau_nord,21.52,3.04,45.9,5,ouvré,9.64
1189,2025-01-10 21:00:00,Salle_Serveur,19.44,1.78,39.7,0,ouvré,48.788
3593,2025-01-30 22:00:00,Atelier,20.58,-0.97,57.1,8,ouvré,15.021
10044,2025-03-25 16:00:00,Salle_Serveur,21.22,11.33,43.3,0,ouvré,41.894
9985,2025-03-25 04:00:00,accueil ,,3.93,38.8,10,ouvré,8.698
5512,2025-02-15 22:00:00,Bureau_Sud,20.47,3.21,49.2,0,weekend,10.83
5211,2025-02-13 10:00:00,BUREAU NORD,20.67,3.82,,,ouvré,16.324
2751,2025-01-23 22:00:00,BUREAU NORD,20.25,0.37,50.8,7,ouvré,10.732
10117,2025-03-26 07:00:00,Bureau_Sud,20.73,4.34,45.8,10,ouvré,11.922
9652,2025-03-22 10:00:00,bureau sud,19.89,8.35,45.8,0,weekend,8.41
3203,2025-01-27 16:00:00,atelier,20.2,5.01,47.0,3,ouvré,27.225
8544,2025-03-13 04:00:00,Salle Serveur,20.98,1.08,44.7,0,ouvré,47.056
603,2025-01-06 00:00:00,Atelier,22.09,-2.16,39.5,0,ouvré,15.738
8529,2025-03-13 01:00:00,Salle Serveur,21.62,0.9,41.0,0,ouvré,47.969
6035,2025-02-20 06:00:00,Accueil,21.77,-0.18,38.6,11,ouvré,14.134
8702,2025-03-14 12:00:00,Bureau_Sud,19.83,8.16,47.7,5,ouvré,18.275
6835,2025-02-26 22:00:00,accueil ,20.78,1.18,39.1,5,ouvré,10.464
7593,2025-03-05 06:00:00,atelier,20.72,1.89,48.2,6,ouvré,17.793
10244,2025-03-27 08:00:00,Salle_Serveur,,4.7,41.4,0,ouvré,48.36
9542,2025-03-21 12:00:00,Bureau_Sud,21.45,7.59,52.0,12,ouvré,18.305
8096,2025-03-09 11:00:00,BUREAU NORD,21.06,8.24,48.1,0,weekend,9.133
3213,2025-01-27 18:00:00,atelier,20.6,5.34,44.3,3,ouvré,18.677
8890,2025-03-16 01:00:00,Accueil,19.82,2.86,44.0,0,weekend,8.173
9873,2025-03-24 06:00:00,atelier,20.41,2.81,40.7,12,ouvré,15.559
6890,2025-02-27 09:00:00,Accueil,20.69,3.56,33.9,9,ouvré,12.193
10084,2025-03-26 00:00:00,Salle_Serveur,21.45,4.51,42.6,0,ouvré,44.795
10369,2025-03-28 09:00:00,Salle Serveur,20.56,8.54,30.2,0,ouvré,44.293
9954,2025-03-24 22:00:00,Salle_Serveur,20.95,6.01,49.4,0,ouvré,45.999
3330,2025-01-28 17:00:00,accueil ,19.7,4.1,43.7,9,ouvré,13.866
551,2025-01-05 14:00:00,BUREAU NORD,,5.4,36.9,0,weekend,8.673
8851,2025-03-15 18:00:00,BUREAU NORD,21.72,10.2,48.4,0,weekend,6.009
1588,2025-01-14 05:00:00,atelier,20.46,-1.39,55.3,6,,15.781
5254,2025-02-13 18:00:00,Salle_Serveur,20.98,3.79,38.5,0,ouvré,46.006
6207,2025-02-21 17:00:00,Bureau_Sud,20.42,8.88,35.9,4,ouvré,12.69
1899,2025-01-16 19:00:00,Salle_Serveur,21.52,2.11,38.9,0,ouvré,46.365
9287,2025-03-19 09:00:00,Bureau_Sud,22.67,6.55,41.4,8,ouvré,12.925
10218,2025-03-27 03:00:00,Atelier,,3.54,43.2,7,ouvré,12.854
1004,2025-01-09 08:00:00,Salle_Serveur,21.96,1.48,40.8,0,ouvré,48.412
5326,2025-02-14 09:00:00,BUREAU NORD,22.03,2.75,40.4,8,ouvré,15.299
7073,2025-02-28 22:00:00,Atelier,19.6,2.03,52.0,13,ouvré,13.362
3065,2025-01-26 12:00:00,accueil ,21.07,4.59,52.2,0,weekend,
6214,2025-02-21 18:00:00,Salle Serveur,21.83,5.82,42.9,0,ouvré,44.901
10357,2025-03-28 07:00:00,Bureau_Sud,21.95,7.89,41.6,9,ouvré,10.834
2244,2025-01-19 16:00:00,Salle_Serveur,22.32,7.58,50.7,0,weekend,
5576,2025-02-16 11:00:00,BUREAU NORD,19.26,7.16,49.5,0,weekend,8.386
2813,2025-01-24 10:00:00,Atelier,21.11,2.88,45.7,3,ouvré,29.307
10459,2025-03-29 03:00:00,Salle_Serveur,21.04,1.25,46.8,0,weekend,49.431
2259,2025-01-19 19:00:00,Salle Serveur,22.18,4.24,48.1,0,weekend,46.408
9165,2025-03-18 08:00:00,accueil ,21.02,8.07,48.7,4,ouvré,9.333
7465,2025-03-04 04:00:00,Accueil,,0.63,39.7,10,ouvré,9.638
9790,2025-03-23 13:00:00,Accueil,20.92,11.3,40.7,0,weekend,6.713
10586,2025-03-30 05:00:00,BUREAU NORD,19.18,3.42,47.0,0,weekend,10.264
9246,2025-03-19 01:00:00,bureau_nord,20.56,2.43,41.4,14,ouvré,9.987
2273,2025-01-19 22:00:00,atelier,21.37,1.09,45.1,0,weekend,13.642
646,2025-01-06 09:00:00,Bureau_Nord,20.71,2.57,50.6,2,ouvré,14.622
2397,2025-01-20 23:00:00,bureau sud,20.79,-1.3,53.1,6,ouvré,12.019
811,2025-01-07 18:00:00,bureau_nord,21.62,5.01,45.9,13,ouvré,10.332
8233,2025-03-10 14:00:00,Atelier,20.55,6.54,46.9,4,ouvré,32.239
9061,2025-03-17 12:00:00,Bureau_Nord,20.9,8.64,48.4,10,ouvré,15.149
1541,2025-01-13 20:00:00,bureau_nord,22.82,1.21,42.4,5,ouvré,11.944
7287,2025-03-02 17:00:00,bureau sud,19.57,9.56,,0,weekend,7.457
9468,2025-03-20 21:00:00,atelier,,5.72,47.3,6,ouvré,13.499
9651,2025-03-22 10:00:00,BUREAU NORD,21.24,8.35,49.4,0,weekend,7.486
3849,2025-02-02 01:00:00,Salle Serveur,21.87,-3.36,53.1,0,weekend,51.079
2279,2025-01-19 23:00:00,Salle_Serveur,21.25,-1.19,48.1,0,weekend,48.256
9992,2025-03-25 06:00:00,bureau sud,21.51,4.87,50.9,12,ouvré,10.446
8467,2025-03-12 13:00:00,bureau sud,20.11,9.31,46.7,8,ouvré,17.283
1758,2025-01-15 15:00:00,atelier,21.5,7.21,48.1,10,ouvré,30.362
5355,2025-02-14 14:00:00,accueil ,20.47,6.6,35.0,13,ouvré,13.222
6194,2025-02-21 14:00:00,Salle_Serveur,20.16,9.08,43.4,0,ouvré,43.777
7340,2025-03-03 03:00:00,accueil ,21.15,2.1,38.0,11,ouvré,9.373
6718,2025-02-25 23:00:00,atelier,21.35,1.42,46.0,11,ouvré,12.586
6826,2025-02-26 21:00:00,bureau_nord,22.36,2.77,49.9,7,ouvré,9.695
6706,2025-02-25 21:00:00,Bureau_Nord,21.11,1.9,48.2,12,ouvré,11.172
459,2025-01-04 19:00:00,Salle Serveur,22.2,3.48,41.7,0,weekend,45.288
842,2025-01-08 00:00:00,Bureau_Sud,19.6,-0.17,41.9,2,ouvré,12.231
5400,2025-02-14 23:00:00,Accueil,21.41,-0.29,44.8,4,ouvré,9.655
7862,2025-03-07 12:00:00,Bureau_Sud,20.9,8.32,,9,ouvré,18.721
10055,2025-03-25 18:00:00,accueil ,20.61,10.56,,9,ouvré,6.571
3848,2025-02-02 01:00:00,atelier,20.36,-3.36,52.3,0,weekend,18.448
656,2025-01-06 11:00:00,bureau_nord,22.5,5.39,37.9,11,ouvré,16.67
9876,2025-03-24 07:00:00,Bureau_Nord,21.06,3.34,58.8,13,ouvré,13.745
158,2025-01-02 07:00:00,atelier,21.58,1.71,40.1,4,ouvré,18.619
7728,2025-03-06 09:00:00,atelier,21.69,6.25,46.1,2,ouvré,23.148
8428,2025-03-12 05:00:00,Atelier,20.44,2.21,41.3,3,ouvré,14.267
2345,2025-01-20 12:00:00,accueil ,19.74,4.71,145.1,10,ouvré,13.97
6519,2025-02-24 07:00:00,Salle_Serveur,22.49,-1.1,43.5,0,ouvré,47.27
9078,2025-03-17 15:00:00,atelier,21.41,10.84,49.2,6,ouvré,28.194
4714,2025-02-09 06:00:00,Salle Serveur,20.52,-0.0,45.6,0,weekend,47.663
2167,2025-01-19 01:00:00,bureau sud,20.93,-1.24,43.7,0,weekend,12.088
5899,2025-02-19 03:00:00,Salle_Serveur,19.6,0.34,40.8,0,ouvré,48.087
2644,2025-01-23 00:00:00,Salle_Serveur,,-0.91,,0,ouvré,48.352
1415,2025-01-12 18:00:00,accueil ,21.4,5.58,51.6,0,weekend,7.36
1353,2025-01-12 06:00:00,Atelier,19.46,1.26,44.4,0,weekend,13.956
5819,2025-02-18 11:00:00,Salle Serveur,21.09,4.68,42.7,0,ouvré,44.903
9709,2025-03-22 21:00:00,Salle_Serveur,20.28,8.45,55.4,0,weekend,45.03
4798,2025-02-09 23:00:00,Atelier,21.94,1.53,46.3,0,weekend,15.45
8176,2025-03-10 03:00:00,BUREAU NORD,20.51,1.43,49.5,7,ouvré,11.198
9823,2025-03-23 20:00:00,Atelier,21.47,8.55,42.2,0,weekend,10.403
9811,2025-03-23 18:00:00,Bureau_Nord,21.15,8.05,37.1,0,weekend,7.433
829,2025-01-07 21:00:00,Salle_Serveur,21.71,1.39,39.9,0,ouvré,47.076
8703,2025-03-14 12:00:00,Atelier,19.64,8.16,34.3,13,ouvré,33.235
7810,2025-03-07 01:00:00,accueil ,21.08,1.81,46.1,7,ouvré,7.611
1214,2025-01-11 02:00:00,Salle_Serveur,19.82,-1.21,41.8,0,weekend,48.661
1903,2025-01-16 20:00:00,atelier,20.45,2.14,,14,ouvré,16.456
1418,2025-01-12 19:00:00,atelier,20.3,3.32,50.7,0,weekend,12.408
4528,2025-02-07 17:00:00,atelier,20.43,7.12,35.7,0,ouvré,23.321
5384,2025-02-14 20:00:00,Salle Serveur,20.36,4.06,44.4,0,ouvré,46.567
4164,2025-02-04 16:00:00,Salle_Serveur,,6.15,38.1,0,ouvré,43.745
8577,2025-03-13 11:00:00,bureau sud,21.21,8.49,34.2,8,ouvré,16.319
3148,2025-01-27 05:00:00,Atelier,19.92,-1.44,39.7,10,ouvré,17.291
3374,2025-01-29 02:00:00,Salle_Serveur,21.19,-1.81,46.3,0,ouvré,48.262
4316,2025-02-05 23:00:00,bureau_nord,21.29,-1.37,,,ouvré,9.528
4595,2025-02-08 06:00:00,accueil ,20.12,-0.58,42.4,0,weekend,10.238
5966,2025-02-19 17:00:00,bureau_nord,20.69,8.41,36.6,8,ouvré,12.194
6536,2025-02-24 11:00:00,BUREAU NORD,20.93,4.44,51.5,12,ouvré,16.603
3487,2025-01-30 01:00:00,bureau sud,22.68,-3.74,44.7,12,ouvré,12.179
1601,2025-01-14 08:00:00,BUREAU NORD,20.37,1.71,48.0,8,ouvré,14.096
1344,2025-01-12 04:00:00,Salle_Serveur,20.46,-0.81,49.4,,weekend,47.24
7434,2025-03-03 22:00:00,Salle Serveur,20.0,4.6,49.8,0,ouvré,45.318
4363,2025-02-06 08:00:00,atelier,20.05,2.14,44.4,,ouvré,21.85
9277,2025-03-19 07:00:00,bureau sud,20.42,4.82,49.3,9,ouvré,11.602
10482,2025-03-29 08:00:00,bureau sud,20.82,4.75,38.5,0,weekend,9.262
9804,2025-03-23 16:00:00,Salle_Serveur,19.4,9.49,45.3,0,weekend,43.414
6190,2025-02-21 13:00:00,accueil ,21.06,6.77,41.1,10,ouvré,13.541
9693,2025-03-22 18:00:00,atelier,20.58,8.8,48.4,0,weekend,11.244
10052,2025-03-25 18:00:00,Bureau_Sud,21.07,10.56,44.3,5,ouvré,11.003
765,2025-01-07 08:00:00,Accueil,20.46,0.21,51.4,0,ouvré,11.687
4352,2025-02-06 06:00:00,bureau sud,19.71,-1.31,40.1,14,ouvré,13.096
5121,2025-02-12 16:00:00,BUREAU NORD,20.39,3.99,46.1,11,ouvré,15.18
2171,2025-01-19 02:00:00,BUREAU NORD,22.25,-3.03,42.8,0,weekend,13.335
607,2025-01-06 01:00:00,Bureau_Sud,22.19,-1.94,46.7,9,ouvré,12.371
5893,2025-02-19 02:00:00,Atelier,21.27,-2.91,47.9,3,ouvré,15.893
1356,2025-01-12 07:00:00,bureau_nord,21.46,1.17,56.2,0,weekend,8.812
10201,2025-03-27 00:00:00,bureau_nord,21.53,4.44,31.0,0,ouvré,10.022
7914,2025-03-07 22:00:00,Salle Serveur,21.95,1.71,,0,ouvré,46.646
3051,2025-01-26 10:00:00,BUREAU NORD,,2.35,43.0,0,weekend,11.183
9505,2025-03-21 04:00:00,accueil ,20.73,0.01,48.7,3,ouvré,8.571
10100,2025-03-26 03:00:00,Accueil,20.69,2.92,,1,ouvré,9.782
119,2025-01-01 23:00:00,Salle_Serveur,20.43,1.43,39.5,0,férié,47.073
9715,2025-03-22 22:00:00,Accueil,20.4,6.19,36.7,0,weekend,5.234
808,2025-01-07 17:00:00,Atelier,20.92,5.75,45.7,8,ouvré,25.533
2044,2025-01-18 00:00:00,Salle Serveur,20.78,-1.68,46.2,0,weekend,48.715
8650,2025-03-14 01:00:00,accueil ,22.37,2.31,43.6,3,ouvré,9.516
4651,2025-02-08 18:00:00,Bureau_Nord,20.15,5.77,48.5,0,weekend,9.685
2771,2025-01-24 02:00:00,bureau_nord,22.6,-2.77,51.5,5,ouvré,11.391
6975,2025-02-28 02:00:00,accueil ,21.63,0.35,41.4,7,ouvré,9.073
7647,2025-03-05 17:00:00,bureau sud,20.2,7.86,42.4,8,ouvré,15.408
4664,2025-02-08 20:00:00,Salle_Serveur,21.39,4.72,58.1,0,weekend,45.074
9210,2025-03-18 17:00:00,accueil ,20.49,9.7,48.9,2,ouvré,8.408
3940,2025-02-02 19:00:00,accueil ,21.93,5.97,46.6,0,weekend,6.765
7722,2025-03-06 08:00:00,Bureau_Sud,19.77,4.61,33.4,7,ouvré,13.186
3138,2025-01-27 03:00:00,atelier,20.98,-1.49,38.0,4,ouvré,14.126
2413,2025-01-21 02:00:00,atelier,21.59,-4.73,41.7,5,ouvré,14.68
8395,2025-03-11 22:00:00,accueil ,21.35,6.77,41.1,6,ouvré,5.951
10775,2025-03-31 18:00:00,Accueil,20.6,11.76,,3,ouvré,5.63
1717,2025-01-15 07:00:00,bureau sud,21.94,0.31,,4,ouvré,14.418
7201,2025-03-02 00:00:00,Bureau_Nord,20.51,2.85,,0,weekend,10.304
3194,2025-01-27 14:00:00,Salle Serveur,21.78,6.98,35.2,0,ouvré,44.258
8169,2025-03-10 01:00:00,Salle_Serveur,20.2,2.41,40.0,0,ouvré,47.355
2506,2025-01-21 21:00:00,bureau_nord,20.4,1.37,59.8,10,ouvré,9.895
2508,2025-01-21 21:00:00,atelier,19.83,1.37,36.0,14,ouvré,14.799
2275,2025-01-19 22:00:00,accueil ,20.1,1.09,44.9,0,weekend,10.479
1896,2025-01-16 19:00:00,BUREAU NORD,22.3,2.11,41.1,4,ouvré,11.921
8496,2025-03-12 19:00:00,Bureau_Nord,20.41,6.98,39.2,7,ouvré,10.923
5137,2025-02-12 19:00:00,bureau sud,23.05,7.05,,5,ouvré,10.775
7976,2025-03-08 11:00:00,bureau_nord,19.89,6.15,45.2,0,weekend,9.34
5039,2025-02-11 23:00:00,Salle Serveur,19.99,-1.54,31.7,0,ouvré,50.293
9593,2025-03-21 22:00:00,atelier,21.54,5.16,39.9,,ouvré,10.583
488,2025-01-05 01:00:00,atelier,21.81,0.44,48.4,0,weekend,16.115
1516,2025-01-13 15:00:00,Bureau_Nord,19.87,4.59,39.8,14,ouvré,18.201
1277,2025-01-11 15:00:00,bureau sud,21.36,5.72,42.6,0,weekend,8.32
6140,2025-02-21 03:00:00,accueil ,20.26,-1.62,42.9,14,ouvré,9.727
2952,2025-01-25 14:00:00,Bureau_Sud,20.53,4.88,50.5,0,weekend,10.188
7452,2025-03-04 02:00:00,bureau sud,19.31,-0.73,45.1,15,ouvré,12.274
4854,2025-02-10 10:00:00,Salle_Serveur,20.48,3.27,46.2,0,ouvré,47.609
1393,2025-01-12 14:00:00,atelier,21.38,3.38,51.0,0,weekend,14.175
6891,2025-02-27 10:00:00,bureau_nord,21.41,4.35,45.9,10,ouvré,15.621
2245,2025-01-19 16:00:00,accueil ,21.59,7.58,40.3,0,weekend,8.324
5771,2025-02-18 02:00:00,Bureau_Nord,22.34,-0.2,58.4,5,ouvré,10.316
1324,2025-01-12 00:00:00,Salle Serveur,22.37,0.62,35.3,0,weekend,46.891
8957,2025-03-16 15:00:00,bureau sud,21.45,10.81,46.4,0,weekend,6.858
7004,2025-02-28 08:00:00,Salle Serveur,22.47,3.39,51.5,0,ouvré,45.764
9212,2025-03-18 18:00:00,Bureau_Sud,21.7,9.59,41.9,7,ouvré,11.039
381,2025-01-04 04:00:00,bureau_nord,20.93,-2.13,58.8,0,weekend,
9446,2025-03-20 17:00:00,bureau_nord,19.01,10.67,50.4,6,ouvré,11.455
4272,2025-02-05 14:00:00,bureau sud,23.29,6.89,44.0,6,ouvré,17.843
7738,2025-03-06 11:00:00,Atelier,20.09,6.85,38.3,11,ouvré,28.785
7836,2025-03-07 07:00:00,bureau_nord,,3.74,52.3,15,ouvré,11.72
7308,2025-03-02 21:00:00,atelier,20.77,3.91,35.5,0,weekend,14.051
1604,2025-01-14 08:00:00,Salle_Serveur,20.59,1.71,42.1,0,ouvré,48.383
7983,2025-03-08 12:00:00,atelier,19.49,7.73,35.1,0,weekend,10.59
6268,2025-02-22 05:00:00,Atelier,21.89,2.23,41.8,0,weekend,15.269
7156,2025-03-01 15:00:00,Bureau_Nord,21.51,9.2,54.9,0,weekend,6.706
1960,2025-01-17 07:00:00,Accueil,20.9,0.2,51.8,4,ouvré,11.051
3815,2025-02-01 18:00:00,Accueil,20.31,4.69,37.1,0,weekend,8.417
4838,2025-02-10 07:00:00,Atelier,20.76,1.21,54.3,15,ouvré,19.345
27,2025-01-01 05:00:00,Bureau_Sud,20.7,-0.5,45.2,,férié,10.55
2820,2025-01-24 11:00:00,accueil ,21.01,3.66,37.7,4,ouvré,14.124
6468,2025-02-23 21:00:00,atelier,21.11,7.02,39.5,0,weekend,11.791
2006,2025-01-17 17:00:00,bureau_nord,20.82,8.95,47.4,6,ouvré,12.659
8498,2025-03-12 19:00:00,atelier,21.09,6.98,60.6,9,ouvré,17.028
2511,2025-01-21 22:00:00,BUREAU NORD,19.99,1.45,56.0,13,ouvré,11.68
9121,2025-03-18 00:00:00,bureau_nord,21.29,3.19,,5,ouvré,8.823
2528,2025-01-22 01:00:00,Atelier,20.29,-1.03,53.5,7,ouvré,14.224
4870,2025-02-10 13:00:00,accueil ,19.24,5.93,47.6,9,ouvré,13.294
7208,2025-03-02 01:00:00,atelier,21.19,0.76,42.1,0,weekend,13.944
10518,2025-03-29 15:00:00,Atelier,20.26,10.93,42.6,0,weekend,10.235
1040,2025-01-09 15:00:00,Accueil,21.35,8.57,50.2,10,ouvré,11.472
6650,2025-02-25 09:00:00,Accueil,,4.77,40.2,14,ouvré,10.587
5635,2025-02-16 22:00:00,accueil ,20.84,2.03,49.0,0,weekend,7.869
4351,2025-02-06 06:00:00,Bureau_Nord,20.73,-1.31,50.5,8,ouvré,12.474
5653,2025-02-17 02:00:00,atelier,21.05,0.02,45.0,10,ouvré,13.048
8257,2025-03-10 19:00:00,Bureau_Sud,,4.34,41.9,10,ouvré,12.565
7152,2025-03-01 14:00:00,bureau sud,19.75,8.81,52.9,0,weekend,8.202
3145,2025-01-27 04:00:00,Accueil,21.67,-0.97,45.0,5,ouvré,9.086
10450,2025-03-29 01:00:00,Accueil,20.14,4.98,39.3,0,weekend,8.789
5185,2025-02-13 04:00:00,accueil ,20.97,-1.74,52.4,7,ouvré,10.747
618,2025-01-06 03:00:00,atelier,21.43,-2.69,36.3,8,ouvré,15.278
5271,2025-02-13 22:00:00,BUREAU NORD,21.46,1.96,38.5,11,ouvré,8.408
10567,2025-03-30 01:00:00,bureau sud,20.8,2.58,50.7,0,weekend,11.505
4643,2025-02-08 16:00:00,Atelier,21.9,6.15,55.3,0,weekend,13.475
6137,2025-02-21 03:00:00,Bureau_Sud,21.36,-1.62,49.7,9,ouvré,11.402
5149,2025-02-12 21:00:00,Salle_Serveur,21.26,3.96,50.4,0,ouvré,45.967
4127,2025-02-04 09:00:00,bureau sud,21.8,2.75,37.7,10,ouvré,15.5
6957,2025-02-27 23:00:00,bureau sud,20.64,0.11,46.2,2,ouvré,11.364
9654,2025-03-22 10:00:00,Salle Serveur,21.18,8.35,40.8,0,weekend,44.613
4819,2025-02-10 03:00:00,Salle Serveur,21.21,-0.71,43.3,0,ouvré,48.071
10478,2025-03-29 07:00:00,atelier,20.94,4.05,43.2,0,weekend,13.652
2414,2025-01-21 02:00:00,Salle Serveur,20.79,-4.73,49.7,0,ouvré,49.886
4301,2025-02-05 20:00:00,BUREAU NORD,21.01,6.24,43.4,11,ouvré,10.177
3421,2025-01-29 12:00:00,BUREAU NORD,21.94,6.88,43.1,5,ouvré,16.821
5166,2025-02-13 01:00:00,BUREAU NORD,21.14,-0.13,43.7,0,ouvré,-14.781
7472,2025-03-04 06:00:00,Bureau_Sud,21.73,-0.08,39.3,9,ouvré,12.23
3578,2025-01-30 19:00:00,atelier,20.43,2.01,,5,ouvré,18.839
9667,2025-03-22 13:00:00,Bureau_Sud,22.09,12.35,39.7,0,weekend,4.589
3932,2025-02-02 18:00:00,Bureau_Sud,21.95,4.73,49.6,0,weekend,9.125
3544,2025-01-30 12:00:00,Salle Serveur,19.77,4.79,60.2,0,ouvré,45.54
8945,2025-03-16 12:00:00,accueil ,21.32,9.74,35.7,0,weekend,4.422
707,2025-01-06 21:00:00,Bureau_Sud,,1.24,,,ouvré,12.268
5501,2025-02-15 20:00:00,Bureau_Nord,21.73,4.27,37.1,,weekend,7.933
6958,2025-02-27 23:00:00,Atelier,21.92,0.11,45.5,5,ouvré,14.01
4615,2025-02-08 10:00:00,accueil ,21.71,2.45,46.0,0,weekend,8.492
5929,2025-02-19 09:00:00,Salle_Serveur,21.18,4.68,44.8,0,ouvré,47.596
4564,2025-02-08 00:00:00,Salle_Serveur,22.03,-0.74,53.7,0,weekend,49.375
3874,2025-02-02 06:00:00,Salle_Serveur,20.58,-0.31,49.0,0,weekend,48.642
10186,2025-03-26 21:00:00,Bureau_Nord,21.21,6.52,44.8,,ouvré,8.873
2354,2025-01-20 14:00:00,Salle_Serveur,22.02,5.69,,,ouvré,44.44
7827,2025-03-07 05:00:00,Bureau_Sud,20.48,2.76,,3,ouvré,9.774
6076,2025-02-20 15:00:00,BUREAU NORD,20.24,6.72,51.3,10,ouvré,15.614
5402,2025-02-15 00:00:00,Bureau_Sud,20.89,0.12,48.5,0,weekend,12.303
8835,2025-03-15 14:00:00,Accueil,21.11,9.45,41.1,,weekend,6.035
10135,2025-03-26 10:00:00,Accueil,20.58,9.16,47.6,10,ouvré,10.984
5096,2025-02-12 11:00:00,bureau_nord,21.96,5.9,51.6,6,ouvré,16.225
10062,2025-03-25 20:00:00,bureau sud,20.16,6.76,44.5,14,ouvré,10.884
638,2025-01-06 07:00:00,Atelier,20.97,1.14,47.8,3,ouvré,20.375
6195,2025-02-21 14:00:00,accueil ,22.22,9.08,44.7,8,ouvré,13.46
5172,2025-02-13 02:00:00,bureau sud,20.56,-1.82,39.2,10,ouvré,13.263
7376,2025-03-03 11:00:00,bureau_nord,21.05,8.1,50.7,7,ouvré,13.227
6303,2025-02-22 12:00:00,Atelier,21.43,6.95,43.4,0,weekend,11.288
2077,2025-01-18 07:00:00,bureau sud,20.89,0.79,43.7,0,weekend,11.417
3984,2025-02-03 04:00:00,Salle_Serveur,20.79,-0.1,46.3,0,ouvré,48.613
8726,2025-03-14 17:00:00,Bureau_Nord,21.65,9.07,49.5,12,ouvré,11.928
1438,2025-01-12 23:00:00,Atelier,21.34,1.88,55.3,0,weekend,14.005
6019,2025-02-20 03:00:00,Salle_Serveur,21.12,0.67,53.9,0,ouvré,46.5
9685,2025-03-22 16:00:00,accueil ,20.46,12.97,47.0,0,weekend,4.692
8198,2025-03-10 07:00:00,atelier,,4.53,51.8,11,ouvré,16.655
1431,2025-01-12 22:00:00,bureau_nord,21.52,0.7,46.1,0,weekend,10.835
10517,2025-03-29 15:00:00,Bureau_Sud,20.78,10.93,37.4,0,weekend,5.518
7509,2025-03-04 13:00:00,Salle Serveur,21.57,7.12,44.9,0,ouvré,45.662
929,2025-01-08 17:00:00,Salle Serveur,20.46,6.73,38.7,0,ouvré,45.715
10789,2025-03-31 21:00:00,Salle Serveur,20.36,7.66,44.1,0,ouvré,45.203
5996,2025-02-19 23:00:00,bureau_nord,21.42,0.49,43.0,0,ouvré,11.905
1060,2025-01-09 19:00:00,Accueil,19.95,2.43,50.3,11,ouvré,10.923
796,2025-01-07 15:00:00,bureau_nord,20.92,6.03,47.2,13,ouvré,699.862
911,2025-01-08 14:00:00,Bureau_Nord,21.39,7.14,49.1,15,ouvré,17.218
2444,2025-01-21 08:00:00,Salle_Serveur,21.82,2.04,,0,ouvré,47.538
10009,2025-03-25 09:00:00,Salle Serveur,21.72,6.7,42.0,0,ouvré,45.786
10657,2025-03-30 19:00:00,Bureau_Sud,20.9,9.25,45.8,0,weekend,7.706
4457,2025-02-07 03:00:00,bureau sud,20.76,-1.77,46.6,7,ouvré,10.553
3858,2025-02-02 03:00:00,Atelier,21.21,-1.87,44.4,0,weekend,15.316
9683,2025-03-22 16:00:00,atelier,21.78,12.97,50.0,0,weekend,9.929
3035,2025-01-26 06:00:00,Accueil,20.54,0.23,46.5,0,weekend,10.223
10591,2025-03-30 06:00:00,BUREAU NORD,21.05,6.83,35.8,0,weekend,7.582
5488,2025-02-15 17:00:00,atelier,20.91,6.51,42.5,0,weekend,10.946
8573,2025-03-13 10:00:00,Atelier,20.29,6.48,,5,ouvré,25.625
1089,2025-01-10 01:00:00,Salle Serveur,19.67,-1.76,58.2,0,ouvré,49.416
7212,2025-03-02 02:00:00,bureau sud,21.74,2.21,53.5,0,weekend,9.767
3260,2025-01-28 03:00:00,accueil ,21.45,-3.03,45.5,1,ouvré,10.471
3188,2025-01-27 13:00:00,Atelier,21.37,6.97,34.0,9,ouvré,35.07
8533,2025-03-13 02:00:00,atelier,20.84,0.99,50.8,11,ouvré,13.685
6488,2025-02-24 01:00:00,atelier,21.3,0.48,29.2,12,ouvré,14.119
3077,2025-01-26 15:00:00,Bureau_Sud,21.12,7.32,51.0,0,weekend,6.606
3787,2025-02-01 13:00:00,bureau sud,21.03,7.86,42.9,0,weekend,7.003
8809,2025-03-15 09:00:00,Salle_Serveur,20.5,5.88,48.9,0,weekend,45.435
10329,2025-03-28 01:00:00,Salle_Serveur,20.81,4.04,47.1,0,ouvré,47.022
6584,2025-02-24 20:00:00,Salle_Serveur,21.3,3.65,48.5,,ouvré,47.961
592,2025-01-05 22:00:00,Bureau_Sud,20.6,0.48,50.8,0,weekend,11.606
6473,2025-02-23 22:00:00,atelier,20.99,1.71,45.6,0,weekend,14.295
10608,2025-03-30 09:00:00,Atelier,21.63,6.19,46.6,0,weekend,11.834
1450,2025-01-13 01:00:00,accueil ,,-1.05,42.7,10,ouvré,8.446
2055,2025-01-18 02:00:00,Accueil,19.81,-1.9,54.7,0,weekend,738.054
1381,2025-01-12 12:00:00,Bureau_Nord,21.57,1.97,44.5,0,weekend,10.159
8001,2025-03-08 16:00:00,Bureau_Nord,21.95,10.88,44.1,0,weekend,6.74
8778,2025-03-15 03:00:00,atelier,20.97,1.55,40.4,0,weekend,13.36
6169,2025-02-21 09:00:00,Salle Serveur,21.84,1.42,33.4,0,ouvré,47.826
8974,2025-03-16 18:00:00,Salle_Serveur,22.56,9.61,41.5,0,weekend,44.08
6809,2025-02-26 17:00:00,Salle Serveur,20.1,7.55,38.9,0,ouvré,44.69
6226,2025-02-21 21:00:00,Bureau_Nord,21.78,5.23,50.2,11,ouvré,9.976
207,2025-01-02 17:00:00,Bureau_Sud,20.66,3.31,46.3,6,ouvré,14.516
8546,2025-03-13 05:00:00,Bureau_Nord,21.75,3.41,50.3,8,ouvré,10.767
5060,2025-02-12 03:00:00,accueil ,21.44,-0.04,50.8,15,ouvré,9.381
608,2025-01-06 01:00:00,Atelier,20.86,-1.94,51.4,11,ouvré,15.66
4980,2025-02-11 11:00:00,accueil ,20.53,3.48,53.4,5,ouvré,12.33
4533,2025-02-07 18:00:00,atelier,19.12,6.93,,5,ouvré,18.195
4479,2025-02-07 07:00:00,Salle Serveur,20.04,-0.1,36.5,0,ouvré,48.303
2519,2025-01-21 23:00:00,Salle_Serveur,20.5,2.02,51.8,0,ouvré,45.661
6948,2025-02-27 21:00:00,Atelier,20.58,5.39,42.9,8,ouvré,
5883,2025-02-19 00:00:00,atelier,20.6,1.71,47.3,13,ouvré,483.233
9521,2025-03-21 08:00:00,BUREAU NORD,21.34,5.61,45.4,11,ouvré,10.978
1622,2025-01-14 12:00:00,Bureau_Sud,20.96,3.56,45.2,5,ouvré,20.157
8215,2025-03-10 10:00:00,accueil ,21.64,5.71,37.5,13,ouvré,10.969
1707,2025-01-15 05:00:00,bureau sud,21.76,0.06,48.6,9,ouvré,11.025
7327,2025-03-03 01:00:00,bureau sud,20.36,-0.8,39.6,6,ouvré,11.242
8456,2025-03-12 11:00:00,bureau_nord,18.85,7.46,37.3,6,ouvré,16.188
3154,2025-01-27 06:00:00,Salle_Serveur,20.34,-0.06,48.1,0,ouvré,45.718
2819,2025-01-24 11:00:00,Salle Serveur,21.69,3.66,40.7,0,ouvré,45.582
3360,2025-01-28 23:00:00,Accueil,20.67,-2.31,37.3,3,ouvré,10.374
2934,2025-01-25 10:00:00,Salle_Serveur,20.65,3.72,41.0,0,weekend,46.748
6081,2025-02-20 16:00:00,BUREAU NORD,20.38,7.98,41.3,15,ouvré,14.232
3620,2025-01-31 03:00:00,accueil ,20.46,-2.94,34.5,8,ouvré,10.535
1892,2025-01-16 18:00:00,Bureau_Sud,21.5,5.02,47.5,7,ouvré,11.808
6358,2025-02-22 23:00:00,Atelier,20.65,2.26,50.0,0,weekend,14.104
7803,2025-03-07 00:00:00,Atelier,19.44,0.95,33.6,8,ouvré,13.349
9068,2025-03-17 13:00:00,atelier,21.99,7.7,48.5,15,ouvré,34.881
575,2025-01-05 18:00:00,accueil ,20.17,6.36,45.1,0,weekend,9.24
4786,2025-02-09 21:00:00,BUREAU NORD,22.04,3.28,56.5,0,weekend,8.566
6178,2025-02-21 11:00:00,atelier,21.93,4.38,52.8,7,ouvré,30.498
4001,2025-02-03 08:00:00,BUREAU NORD,19.57,1.15,48.5,5,ouvré,12.157
3631,2025-01-31 06:00:00,Bureau_Nord,20.47,2.05,,7,ouvré,11.056
10670,2025-03-30 21:00:00,Accueil,21.85,9.53,53.5,0,weekend,6.563
1760,2025-01-15 15:00:00,Accueil,21.68,7.21,49.7,1,ouvré,11.981
6100,2025-02-20 19:00:00,Accueil,20.26,7.68,48.3,5,ouvré,7.111
2776,2025-01-24 03:00:00,Bureau_Nord,20.65,-0.2,41.9,9,ouvré,9.153
4028,2025-02-03 13:00:00,atelier,21.69,4.92,46.0,13,ouvré,33.458
1230,2025-01-11 05:00:00,Accueil,20.38,-3.76,51.5,0,weekend,12.464
10341,2025-03-28 04:00:00,bureau_nord,22.04,4.77,43.4,7,ouvré,8.317
8302,2025-03-11 04:00:00,bureau sud,20.78,-0.08,50.6,13,ouvré,11.139
2179,2025-01-19 03:00:00,Salle Serveur,21.16,-5.38,45.3,0,weekend,50.911
8123,2025-03-09 16:00:00,atelier,21.12,10.21,50.1,0,weekend,10.623
10079,2025-03-25 23:00:00,Salle_Serveur,-999,2.94,43.8,0,ouvré,48.246
7604,2025-03-05 08:00:00,Salle Serveur,21.18,4.51,49.5,0,ouvré,46.393
4310,2025-02-05 21:00:00,Accueil,21.73,1.52,50.8,3,ouvré,9.139
9866,2025-03-24 05:00:00,Bureau_Nord,21.77,3.08,44.9,13,ouvré,10.851
2119,2025-01-18 15:00:00,Salle_Serveur,21.21,5.08,39.7,0,weekend,46.494
3905,2025-02-02 12:00:00,accueil ,21.1,5.42,53.9,0,weekend,6.99
4826,2025-02-10 05:00:00,BUREAU NORD,21.08,-1.82,41.1,2,ouvré,10.67
7564,2025-03-05 00:00:00,Salle Serveur,22.53,3.43,45.8,0,ouvré,45.571
2635,2025-01-22 22:00:00,accueil ,21.56,1.2,42.4,2,ouvré,10.574
1663,2025-01-14 20:00:00,atelier,22.38,1.26,30.9,0,ouvré,16.684
845,2025-01-08 00:00:00,Accueil,21.11,-0.17,50.5,6,ouvré,9.375
10713,2025-03-31 06:00:00,atelier,19.8,4.37,43.9,0,ouvré,15.164
2258,2025-01-19 19:00:00,atelier,22.13,4.24,44.8,0,weekend,11.719
7320,2025-03-02 23:00:00,accueil ,20.39,2.0,46.8,0,weekend,7.893
9912,2025-03-24 14:00:00,Bureau_Sud,21.23,10.86,44.9,12,ouvré,19.308
7947,2025-03-08 05:00:00,Bureau_Sud,20.93,-0.87,47.8,0,weekend,13.151
5278,2025-02-13 23:00:00,atelier,19.51,0.66,,5,ouvré,13.003
8765,2025-03-15 00:00:00,accueil ,19.93,1.98,57.2,0,weekend,8.987
9648,2025-03-22 09:00:00,Atelier,20.88,6.17,46.7,0,weekend,13.342
8161,2025-03-10 00:00:00,Bureau_Nord,20.87,3.28,290.2,9,ouvré,9.562
438,2025-01-04 15:00:00,atelier,20.29,5.48,43.2,0,weekend,14.66
9364,2025-03-20 00:00:00,Salle Serveur,19.45,4.0,222.8,0,ouvré,44.372
4107,2025-02-04 05:00:00,Bureau_Sud,20.25,-0.32,43.2,6,ouvré,13.375
9925,2025-03-24 16:00:00,Accueil,21.3,11.29,52.2,5,ouvré,9.732
712,2025-01-06 22:00:00,Bureau_Sud,20.46,0.49,43.1,4,ouvré,12.042
8190,2025-03-10 05:00:00,Accueil,21.0,1.18,42.9,2,ouvré,9.446
5727,2025-02-17 17:00:00,bureau sud,21.24,5.78,50.4,8,ouvré,13.972
6287,2025-02-22 09:00:00,Bureau_Sud,20.75,5.05,,0,weekend,10.166
5157,2025-02-12 23:00:00,Bureau_Sud,20.36,2.77,49.0,7,ouvré,9.924
9887,2025-03-24 09:00:00,bureau sud,21.39,7.6,46.6,5,ouvré,12.308
6777,2025-02-26 11:00:00,bureau sud,19.97,5.45,49.0,1,ouvré,17.896
26,2025-01-01 05:00:00,BUREAU NORD,21.04,-0.5,49.4,6,férié,11.394
5787,2025-02-18 05:00:00,bureau sud,20.46,-0.29,,8,ouvré,12.471
6244,2025-02-22 00:00:00,Salle Serveur,18.18,1.81,33.7,0,weekend,49.254
8427,2025-03-12 05:00:00,bureau sud,20.17,2.21,51.6,10,ouvré,11.247
10445,2025-03-29 00:00:00,accueil ,20.2,3.13,45.0,0,weekend,9.478
3375,2025-01-29 02:00:00,accueil ,20.13,-1.81,,18,ouvré,10.575
10741,2025-03-31 12:00:00,bureau_nord,20.78,9.19,46.3,,ouvré,14.266
2505,2025-01-21 20:00:00,Accueil,21.05,3.74,45.1,10,ouvré,8.613
2424,2025-01-21 04:00:00,Salle_Serveur,21.32,-1.53,42.4,0,ouvré,49.839
1136,2025-01-10 11:00:00,Bureau_Nord,21.81,2.83,50.3,6,ouvré,17.242
3435,2025-01-29 14:00:00,Accueil,19.66,5.96,46.7,11,ouvré,13.978
6483,2025-02-24 00:00:00,Atelier,20.39,-0.03,43.3,9,ouvré,13.273
9193,2025-03-18 14:00:00,Atelier,20.86,9.5,55.6,10,ouvré,29.971
1305,2025-01-11 20:00:00,Accueil,21.37,2.32,48.4,0,weekend,8.288
2465,2025-01-21 12:00:00,accueil ,21.25,2.81,59.2,5,ouvré,14.037
752,2025-01-07 06:00:00,bureau sud,21.61,-1.21,50.4,4,ouvré,13.772
7132,2025-03-01 10:00:00,Bureau_Sud,20.58,4.78,49.3,0,weekend,9.814
3088,2025-01-26 17:00:00,atelier,22.05,3.53,49.2,0,weekend,12.123
5542,2025-02-16 04:00:00,bureau sud,19.93,-1.24,47.8,0,weekend,11.349
10406,2025-03-28 17:00:00,BUREAU NORD,21.62,12.8,49.8,8,ouvré,9.654
3822,2025-02-01 20:00:00,Bureau_Sud,21.07,4.08,56.5,0,weekend,8.504
7363,2025-03-03 08:00:00,atelier,,5.46,38.3,16,ouvré,19.834
5768,2025-02-18 01:00:00,atelier,20.61,-1.37,43.3,10,ouvré,15.747
6763,2025-02-26 08:00:00,Atelier,20.68,3.18,36.7,2,ouvré,19.117
9994,2025-03-25 06:00:00,Salle_Serveur,20.84,4.87,55.0,0,ouvré,47.865
8109,2025-03-09 13:00:00,Salle_Serveur,20.68,7.64,,0,weekend,43.626
5128,2025-02-12 17:00:00,Atelier,21.73,7.88,,3,ouvré,21.976
780,2025-01-07 11:00:00,accueil ,20.62,5.79,42.0,6,ouvré,12.129
9527,2025-03-21 09:00:00,Bureau_Sud,-999,6.22,49.5,,ouvré,12.613
405,2025-01-04 08:00:00,Accueil,21.28,-0.33,46.5,0,weekend,9.924
2900,2025-01-25 03:00:00,Accueil,21.47,-2.88,46.0,0,weekend,11.912
7944,2025-03-08 04:00:00,Salle Serveur,21.25,3.09,50.4,,weekend,47.677
2984,2025-01-25 20:00:00,Salle_Serveur,21.25,3.33,37.8,0,weekend,45.553
5650,2025-02-17 01:00:00,Accueil,21.71,0.59,42.7,7,ouvré,10.221
2649,2025-01-23 01:00:00,Salle_Serveur,20.28,-0.94,44.0,0,ouvré,49.505
2907,2025-01-25 05:00:00,Bureau_Sud,20.42,-1.1,,0,weekend,14.075
4158,2025-02-04 15:00:00,atelier,20.59,5.62,54.8,8,ouvré,30.089
8755,2025-03-14 22:00:00,Accueil,20.03,5.39,41.8,4,ouvré,6.798
4024,2025-02-03 12:00:00,Salle Serveur,,4.33,41.3,0,ouvré,45.339
10025,2025-03-25 12:00:00,accueil ,20.66,8.84,43.4,6,ouvré,10.885
6924,2025-02-27 16:00:00,Salle Serveur,20.91,9.14,43.4,0,ouvré,45.491
496,2025-01-05 03:00:00,Bureau_Nord,20.48,-0.48,42.6,0,weekend,10.627
3266,2025-01-28 05:00:00,BUREAU NORD,19.85,-2.66,46.8,13,ouvré,12.921
7063,2025-02-28 20:00:00,atelier,,6.48,41.2,10,ouvré,14.593
10373,2025-03-28 10:00:00,Atelier,22.59,8.56,51.6,6,ouvré,24.237
4391,2025-02-06 14:00:00,Bureau_Nord,20.53,8.05,44.8,11,ouvré,14.6
7610,2025-03-05 09:00:00,Accueil,19.38,3.81,45.6,0,ouvré,10.873
8320,2025-03-11 07:00:00,accueil ,21.06,2.39,53.5,10,ouvré,10.751
9534,2025-03-21 10:00:00,Salle_Serveur,20.86,8.91,44.5,0,ouvré,44.766
4984,2025-02-11 12:00:00,Salle_Serveur,19.41,6.18,45.3,0,ouvré,
5903,2025-02-19 04:00:00,Atelier,22.05,0.32,35.5,8,ouvré,15.222
7479,2025-03-04 07:00:00,Salle Serveur,22.74,1.73,34.6,0,ouvré,46.983
915,2025-01-08 14:00:00,accueil ,21.65,7.14,44.7,2,ouvré,13.388
8327,2025-03-11 09:00:00,Bureau_Sud,19.96,6.28,45.9,0,ouvré,15.014
1331,2025-01-12 02:00:00,bureau_nord,22.51,-2.55,48.4,0,weekend,13.065
8246,2025-03-10 17:00:00,bureau_nord,21.24,9.11,57.7,13,ouvré,12.018
1841,2025-01-16 08:00:00,bureau_nord,,1.51,,13,ouvré,13.743
6881,2025-02-27 08:00:00,Bureau_Nord,22.54,1.48,55.2,12,ouvré,13.814
1495,2025-01-13 10:00:00,Accueil,20.33,3.88,34.1,10,ouvré,10.908
9591,2025-03-21 22:00:00,Bureau_Nord,20.64,5.16,47.7,9,ouvré,9.082
289,2025-01-03 09:00:00,Salle Serveur,19.8,0.9,48.2,0,ouvré,48.539
146,2025-01-02 05:00:00,BUREAU NORD,20.41,-0.76,53.1,5,ouvré,13.768
7089,2025-03-01 01:00:00,Salle_Serveur,21.77,2.86,48.5,0,weekend,46.546
1252,2025-01-11 10:00:00,bureau sud,22.15,1.98,30.4,,weekend,9.748
3386,2025-01-29 05:00:00,bureau_nord,19.51,-0.34,50.4,6,ouvré,10.514
4679,2025-02-08 23:00:00,Salle Serveur,21.28,0.37,52.2,0,weekend,48.676
2305,2025-01-20 04:00:00,Accueil,20.09,-1.2,43.3,12,ouvré,9.809
9719,2025-03-22 23:00:00,Salle Serveur,21.56,5.53,48.0,0,weekend,47.349
3021,2025-01-26 04:00:00,Bureau_Nord,20.09,-1.33,,0,weekend,12.423
5458,2025-02-15 11:00:00,Atelier,20.06,4.34,40.8,0,weekend,13.693
1902,2025-01-16 20:00:00,bureau sud,21.82,2.14,48.7,7,ouvré,12.533
6313,2025-02-22 14:00:00,Atelier,19.91,8.82,51.2,0,weekend,11.91
2755,2025-01-23 22:00:00,accueil ,20.95,0.37,43.1,10,ouvré,9.198
7487,2025-03-04 09:00:00,Bureau_Sud,20.56,3.83,46.4,8,ouvré,16.347
6711,2025-02-25 22:00:00,BUREAU NORD,22.15,2.72,32.8,12,ouvré,8.467
741,2025-01-07 04:00:00,bureau_nord,20.62,-1.91,45.2,5,ouvré,10.866
8783,2025-03-15 04:00:00,atelier,20.23,0.48,44.4,0,weekend,15.457
4238,2025-02-05 07:00:00,atelier,19.09,1.84,46.6,9,ouvré,19.278
5912,2025-02-19 06:00:00,Bureau_Sud,21.68,-0.43,33.7,,ouvré,13.617
8265,2025-03-10 20:00:00,accueil ,21.21,6.73,55.3,7,ouvré,8.22
1458,2025-01-13 03:00:00,Atelier,21.08,-2.27,55.3,6,ouvré,12.577
3991,2025-02-03 06:00:00,BUREAU NORD,21.41,-0.13,44.4,7,ouvré,11.674
7024,2025-02-28 12:00:00,Salle_Serveur,20.32,6.81,38.9,0,ouvré,45.358
9126,2025-03-18 01:00:00,bureau_nord,21.18,3.15,42.3,14,ouvré,10.122
6684,2025-02-25 16:00:00,Salle_Serveur,22.62,7.84,45.1,0,ouvré,46.091
2594,2025-01-22 14:00:00,Salle_Serveur,,6.47,,0,ouvré,44.072
9114,2025-03-17 22:00:00,Salle_Serveur,20.28,4.89,31.5,0,ouvré,46.589
10718,2025-03-31 07:00:00,atelier,21.88,8.17,,15,ouvré,17.344
2310,2025-01-20 05:00:00,Accueil,21.69,-1.1,46.3,13,ouvré,11.035
10419,2025-03-28 19:00:00,Salle Serveur,21.74,8.68,45.7,0,ouvré,45.564
4221,2025-02-05 04:00:00,BUREAU NORD,20.52,-1.72,47.7,6,ouvré,11.58
2009,2025-01-17 17:00:00,Salle Serveur,21.2,8.95,,0,ouvré,43.463
5378,2025-02-14 19:00:00,atelier,20.87,4.6,50.1,13,ouvré,16.769
3920,2025-02-02 15:00:00,Accueil,21.17,5.65,35.6,0,weekend,6.833
2173,2025-01-19 02:00:00,Atelier,20.62,-3.03,50.1,0,weekend,17.277
4270,2025-02-05 13:00:00,Accueil,20.6,8.03,43.2,9,ouvré,13.822
6439,2025-02-23 15:00:00,Salle_Serveur,21.39,8.15,44.2,0,weekend,45.055
4233,2025-02-05 06:00:00,atelier,21.0,-1.2,35.4,10,ouvré,18.489
9964,2025-03-25 00:00:00,Salle_Serveur,20.88,4.09,39.9,0,ouvré,46.365
3086,2025-01-26 17:00:00,Bureau_Nord,21.69,3.53,58.3,0,weekend,8.702
2289,2025-01-20 01:00:00,Salle_Serveur,20.28,-1.1,43.8,0,ouvré,46.505
1886,2025-01-16 17:00:00,bureau_nord,20.64,4.61,36.8,4,ouvré,13.866
4882,2025-02-10 16:00:00,Bureau_Sud,20.87,6.18,36.1,4,ouvré,16.09
1633,2025-01-14 14:00:00,Atelier,,6.44,37.7,10,ouvré,31.97
2498,2025-01-21 19:00:00,atelier,20.83,3.24,47.6,0,ouvré,16.883
2949,2025-01-25 13:00:00,Salle_Serveur,20.96,6.17,35.3,0,weekend,45.13
8891,2025-03-16 02:00:00,bureau_nord,19.91,2.13,47.9,0,weekend,10.066
9696,2025-03-22 19:00:00,bureau_nord,20.93,9.64,50.3,0,weekend,6.75
9042,2025-03-17 08:00:00,bureau sud,19.74,5.56,41.7,10,ouvré,12.926
8268,2025-03-10 21:00:00,Atelier,20.83,5.22,37.1,0,ouvré,13.618
886,2025-01-08 09:00:00,bureau_nord,20.28,2.79,37.3,4,ouvré,13.878
366,2025-01-04 01:00:00,bureau_nord,21.75,-1.4,45.8,0,weekend,13.061
9535,2025-03-21 10:00:00,Accueil,,8.91,40.7,8,ouvré,11.18
9929,2025-03-24 17:00:00,Salle Serveur,20.18,10.5,47.0,0,ouvré,42.401
2404,2025-01-21 00:00:00,Salle Serveur,19.69,-0.74,,0,ouvré,47.647
6460,2025-02-23 19:00:00,Accueil,20.58,7.29,50.5,0,weekend,6.039
1150,2025-01-10 13:00:00,Accueil,21.97,6.77,56.5,11,ouvré,13.339
7800,2025-03-06 23:00:00,accueil ,20.36,3.53,39.3,2,ouvré,7.615
1474,2025-01-13 06:00:00,Salle_Serveur,20.18,-0.29,48.2,0,ouvré,48.669
5439,2025-02-15 07:00:00,Salle Serveur,20.82,0.36,31.1,0,weekend,48.143
541,2025-01-05 12:00:00,BUREAU NORD,22.05,6.29,45.1,0,weekend,7.788
9891,2025-03-24 10:00:00,BUREAU NORD,20.16,8.15,52.0,0,ouvré,13.864
7364,2025-03-03 08:00:00,Salle_Serveur,20.09,5.46,40.0,0,ouvré,
1845,2025-01-16 08:00:00,accueil ,20.64,1.51,45.2,9,ouvré,11.221
1752,2025-01-15 14:00:00,bureau sud,21.03,8.19,44.6,8,ouvré,18.437
4448,2025-02-07 01:00:00,Atelier,20.79,-1.62,37.2,12,ouvré,14.073
9510,2025-03-21 05:00:00,Accueil,19.66,4.83,39.2,11,ouvré,7.461
7902,2025-03-07 20:00:00,Bureau_Sud,22.06,6.46,35.3,15,ouvré,7.753
2626,2025-01-22 21:00:00,Bureau_Nord,20.6,4.13,42.6,6,ouvré,10.773
8332,2025-03-11 10:00:00,bureau sud,22.2,8.65,41.5,8,ouvré,15.475
725,2025-01-07 00:00:00,accueil ,20.63,-0.1,56.5,7,ouvré,11.329
10349,2025-03-28 05:00:00,Salle_Serveur,20.19,5.12,48.0,0,ouvré,45.455
6741,2025-02-26 04:00:00,BUREAU NORD,20.28,-0.03,47.4,2,ouvré,10.931
2119,2025-01-18 15:00:00,Salle_Serveur,21.21,5.08,39.7,0,weekend,46.494
7627,2025-03-05 13:00:00,Bureau_Sud,21.33,8.68,45.4,12,ouvré,17.66
694,2025-01-06 18:00:00,Salle Serveur,21.83,4.89,34.6,0,ouvré,47.54
9630,2025-03-22 05:00:00,accueil ,21.49,2.22,46.7,0,weekend,10.177
5414,2025-02-15 02:00:00,Salle Serveur,21.81,-0.81,40.8,0,weekend,49.143
4173,2025-02-04 18:00:00,Atelier,19.91,4.85,46.3,10,ouvré,20.61
10555,2025-03-29 22:00:00,accueil ,21.36,8.87,44.7,0,weekend,6.552
3159,2025-01-27 07:00:00,Salle Serveur,19.76,-1.67,45.4,0,ouvré,48.497
8596,2025-03-13 15:00:00,BUREAU NORD,21.19,9.12,41.0,10,ouvré,13.78
7716,2025-03-06 07:00:00,Bureau_Nord,,2.3,,3,ouvré,12.513
9838,2025-03-23 23:00:00,atelier,21.22,5.25,54.6,0,weekend,13.288
5682,2025-02-17 08:00:00,bureau sud,21.2,4.08,42.6,2,ouvré,12.603
89,2025-01-01 17:00:00,Salle_Serveur,21.35,4.62,40.9,0,férié,45.0
7513,2025-03-04 14:00:00,Atelier,20.4,9.38,,9,ouvré,31.896
3711,2025-01-31 22:00:00,Bureau_Nord,20.3,2.92,40.6,6,ouvré,8.955
7567,2025-03-05 01:00:00,Bureau_Sud,,2.09,,10,ouvré,10.429
6349,2025-02-22 21:00:00,Salle_Serveur,,1.98,,0,weekend,47.915
10794,2025-03-31 22:00:00,Salle Serveur,20.25,8.14,53.2,0,ouvré,44.007
3301,2025-01-28 12:00:00,BUREAU NORD,22.11,5.88,52.6,8,ouvré,17.553
9332,2025-03-19 18:00:00,bureau sud,21.69,9.66,,11,ouvré,11.238
4681,2025-02-09 00:00:00,Bureau_Nord,20.62,0.05,52.5,0,weekend,9.979
10001,2025-03-25 08:00:00,bureau_nord,20.8,4.95,50.9,1,ouvré,12.317
9339,2025-03-19 19:00:00,Salle_Serveur,,7.73,40.4,0,,43.919
4232,2025-02-05 06:00:00,bureau sud,-999,-1.2,47.1,1,ouvré,12.248
6732,2025-02-26 02:00:00,Bureau_Sud,21.63,0.3,44.0,2,ouvré,
6425,2025-02-23 12:00:00,accueil ,20.15,4.57,43.3,0,weekend,9.473
4927,2025-02-11 01:00:00,Bureau_Sud,21.56,-2.01,48.3,4,ouvré,11.132
4580,2025-02-08 03:00:00,accueil ,20.3,-2.58,50.1,0,weekend,9.893
6411,2025-02-23 10:00:00,BUREAU NORD,21.24,6.3,52.1,0,weekend,8.018
4092,2025-02-04 02:00:00,Bureau_Sud,,-1.28,46.4,3,ouvré,11.806
6069,2025-02-20 13:00:00,Salle Serveur,20.85,6.18,41.7,0,ouvré,44.959
9728,2025-03-23 01:00:00,Atelier,21.2,4.86,44.7,0,weekend,13.064
276,2025-01-03 07:00:00,BUREAU NORD,21.46,0.18,53.2,,ouvré,12.698
7277,2025-03-02 15:00:00,Bureau_Sud,19.63,8.26,51.2,0,weekend,8.005
214,2025-01-02 18:00:00,Salle Serveur,,2.76,47.9,0,ouvré,45.869
4491,2025-02-07 10:00:00,BUREAU NORD,20.89,4.22,,12,ouvré,14.759
7500,2025-03-04 11:00:00,Accueil,21.01,6.49,35.5,12,ouvré,13.03
5954,2025-02-19 14:00:00,Salle_Serveur,20.21,6.28,34.1,0,ouvré,46.347
7608,2025-03-05 09:00:00,Atelier,19.82,3.81,54.5,15,ouvré,24.874
9670,2025-03-22 13:00:00,Accueil,21.04,12.35,44.0,0,weekend,5.295
10452,2025-03-29 02:00:00,Bureau_Sud,20.26,3.64,44.8,0,weekend,10.24
4007,2025-02-03 09:00:00,Bureau_Sud,22.25,1.36,40.8,10,ouvré,16.127
9668,2025-03-22 13:00:00,atelier,20.43,12.35,50.9,0,weekend,9.571
10196,2025-03-26 23:00:00,bureau_nord,21.4,2.25,37.3,11,ouvré,10.44
334,2025-01-03 18:00:00,Salle Serveur,20.94,6.84,,0,ouvré,44.81
5587,2025-02-16 13:00:00,bureau sud,20.9,6.41,40.6,0,weekend,7.743
963,2025-01-09 00:00:00,Atelier,20.98,-2.85,54.4,11,ouvré,14.106
9340,2025-03-19 19:00:00,accueil ,20.49,7.73,40.2,7,ouvré,5.865
4550,2025-02-07 21:00:00,Accueil,20.36,-0.49,52.0,5,ouvré,11.042
384,2025-01-04 04:00:00,Salle_Serveur,22.19,-2.13,35.5,0,weekend,48.09
5886,2025-02-19 01:00:00,Bureau_Nord,20.47,-1.05,48.9,4,ouvré,12.523
9254,2025-03-19 02:00:00,Salle Serveur,22.13,2.28,37.8,0,ouvré,47.422
5621,2025-02-16 20:00:00,BUREAU NORD,21.15,3.23,,0,weekend,9.061
1275,2025-01-11 14:00:00,accueil ,21.75,5.34,33.8,0,weekend,8.24
5719,2025-02-17 15:00:00,Salle_Serveur,20.68,8.23,52.5,0,ouvré,45.117
605,2025-01-06 00:00:00,accueil ,20.5,-2.16,54.7,12,ouvré,10.848
1734,2025-01-15 10:00:00,Salle_Serveur,19.73,1.19,,0,ouvré,48.643
8747,2025-03-14 21:00:00,bureau sud,21.72,6.79,45.0,9,ouvré,9.853
5136,2025-02-12 19:00:00,bureau_nord,19.91,7.05,59.7,6,ouvré,9.123
4920,2025-02-10 23:00:00,Accueil,20.45,0.09,38.7,11,ouvré,9.556
661,2025-01-06 12:00:00,bureau_nord,20.57,5.6,,3,ouvré,16.672
1581,2025-01-14 04:00:00,BUREAU NORD,20.93,-1.06,,11,ouvré,11.566
8635,2025-03-13 22:00:00,accueil ,20.18,5.83,48.3,2,ouvré,6.056
5275,2025-02-13 22:00:00,accueil ,20.73,1.96,36.7,11,ouvré,9.554
1526,2025-01-13 17:00:00,Bureau_Nord,21.32,4.54,41.2,0,ouvré,14.021
3411,2025-01-29 10:00:00,BUREAU NORD,21.12,5.63,51.9,2,ouvré,14.692
7879,2025-03-07 15:00:00,Salle Serveur,21.39,8.73,39.2,0,ouvré,44.726
9956,2025-03-24 23:00:00,BUREAU NORD,19.38,4.59,45.2,11,ouvré,8.947
5224,2025-02-13 12:00:00,Salle_Serveur,20.04,4.26,44.1,0,ouvré,45.45
10558,2025-03-29 23:00:00,Atelier,20.67,4.26,34.9,0,weekend,11.879
2940,2025-01-25 11:00:00,accueil ,19.52,4.57,45.6,0,weekend,8.037
2138,2025-01-18 19:00:00,atelier,20.5,4.35,42.9,0,weekend,
9566,2025-03-21 17:00:00,Bureau_Nord,21.51,9.38,43.4,10,ouvré,11.323
4711,2025-02-09 06:00:00,bureau_nord,20.63,-0.0,60.8,0,weekend,11.177
5911,2025-02-19 06:00:00,Bureau_Nord,21.82,-0.43,37.2,1,ouvré,11.105
6962,2025-02-28 00:00:00,Bureau_Sud,21.06,1.71,47.9,5,ouvré,10.113
1558,2025-01-13 23:00:00,atelier,21.31,-1.22,34.6,6,ouvré,14.367
3684,2025-01-31 16:00:00,Salle Serveur,20.68,7.43,50.1,0,ouvré,43.16
9526,2025-03-21 09:00:00,bureau_nord,20.67,6.22,51.8,4,ouvré,11.689
2648,2025-01-23 01:00:00,Atelier,20.64,-0.94,49.4,3,ouvré,-37.349
6083,2025-02-20 16:00:00,atelier,21.27,7.98,43.7,11,ouvré,25.665
10628,2025-03-30 13:00:00,atelier,20.65,12.15,39.8,0,weekend,10.428
442,2025-01-04 16:00:00,bureau sud,20.05,6.03,42.0,0,weekend,9.678
7095,2025-03-01 02:00:00,accueil ,20.81,1.67,50.7,0,weekend,8.719
3080,2025-01-26 15:00:00,accueil ,22.06,7.32,50.9,0,weekend,7.245
8775,2025-03-15 02:00:00,accueil ,21.15,0.58,36.7,0,weekend,9.371
1019,2025-01-09 11:00:00,Salle_Serveur,20.25,4.29,56.5,0,ouvré,44.798
8905,2025-03-16 04:00:00,Accueil,,0.59,56.1,0,weekend,9.248
10491,2025-03-29 10:00:00,BUREAU NORD,22.35,8.19,40.0,0,weekend,5.496
1617,2025-01-14 11:00:00,Bureau_Sud,21.37,3.19,44.7,0,ouvré,18.448
7576,2025-03-05 03:00:00,bureau_nord,20.74,1.81,40.1,7,ouvré,9.903
7796,2025-03-06 23:00:00,BUREAU NORD,20.39,3.53,42.5,1,ouvré,9.781
3581,2025-01-30 20:00:00,BUREAU NORD,21.44,2.72,45.4,17,ouvré,10.961
7102,2025-03-01 04:00:00,bureau sud,20.47,-0.9,,,weekend,12.195
3366,2025-01-29 01:00:00,Bureau_Nord,21.71,-2.66,42.5,4,ouvré,13.492
3466,2025-01-29 21:00:00,BUREAU NORD,21.94,3.99,44.6,12,ouvré,8.924
5081,2025-02-12 08:00:00,BUREAU NORD,21.07,3.94,39.0,8,ouvré,11.966
7789,2025-03-06 21:00:00,Salle_Serveur,19.96,2.93,,0,ouvré,48.337
1745,2025-01-15 12:00:00,Accueil,22.31,4.77,32.9,,ouvré,12.862
4749,2025-02-09 13:00:00,Salle Serveur,21.44,5.65,54.0,0,weekend,45.16
10473,2025-03-29 06:00:00,atelier,-999,2.02,46.6,,weekend,15.063
2510,2025-01-21 21:00:00,Accueil,20.68,1.37,50.1,10,ouvré,9.504
8248,2025-03-10 17:00:00,atelier,21.4,9.11,39.9,6,ouvré,21.388
1537,2025-01-13 19:00:00,bureau sud,21.08,3.65,,6,ouvré,12.954
8406,2025-03-12 01:00:00,Bureau_Nord,21.4,2.07,44.4,13,ouvré,9.481
10680,2025-03-30 23:00:00,Accueil,21.17,4.89,57.1,0,weekend,8.223
8033,2025-03-08 22:00:00,Atelier,21.32,3.67,48.2,0,weekend,13.582
7840,2025-03-07 07:00:00,Accueil,20.3,3.74,44.2,5,ouvré,8.059
2357,2025-01-20 15:00:00,Bureau_Sud,20.15,7.17,46.0,6,ouvré,18.703
9143,2025-03-18 04:00:00,atelier,21.8,3.18,30.8,11,ouvré,12.264
6380,2025-02-23 03:00:00,Accueil,21.96,-1.24,,0,weekend,9.465
7726,2025-03-06 09:00:00,Bureau_Nord,22.15,6.25,35.7,,ouvré,12.777
6831,2025-02-26 22:00:00,BUREAU NORD,22.05,1.18,39.0,8,ouvré,9.963
5135,2025-02-12 18:00:00,Accueil,21.36,4.79,53.7,3,ouvré,11.606
5146,2025-02-12 21:00:00,BUREAU NORD,21.5,3.96,,5,ouvré,9.859
338,2025-01-03 19:00:00,Atelier,21.72,2.36,52.3,17,ouvré,18.679
4257,2025-02-05 11:00:00,Bureau_Sud,20.35,2.88,35.2,,ouvré,19.501
4675,2025-02-08 22:00:00,accueil ,21.45,0.13,44.4,0,weekend,11.951
6164,2025-02-21 08:00:00,Salle_Serveur,21.82,3.94,41.0,0,ouvré,47.423
2442,2025-01-21 08:00:00,bureau sud,20.9,2.04,45.1,7,ouvré,12.356
2834,2025-01-24 14:00:00,Salle_Serveur,21.3,6.63,52.5,0,ouvré,44.129
2203,2025-01-19 08:00:00,Atelier,20.26,-0.35,50.2,0,weekend,16.53
237,2025-01-02 23:00:00,bureau sud,22.01,1.8,48.9,5,ouvré,10.216
1010,2025-01-09 09:00:00,Accueil,20.5,3.59,54.6,2,ouvré,11.962
8240,2025-03-10 15:00:00,accueil ,21.15,10.52,41.0,6,ouvré,11.457
7179,2025-03-01 19:00:00,Salle Serveur,20.43,6.58,42.6,0,weekend,45.741
1267,2025-01-11 13:00:00,bureau sud,20.75,4.38,55.1,0,weekend,10.161
291,2025-01-03 10:00:00,BUREAU NORD,19.91,1.85,53.4,10,ouvré,15.561
9136,2025-03-18 03:00:00,Bureau_Nord,21.78,1.74,39.1,0,ouvré,9.763
1843,2025-01-16 08:00:00,Atelier,21.2,1.51,49.8,8,ouvré,21.265
4456,2025-02-07 03:00:00,Bureau_Nord,19.82,-1.77,31.6,7,ouvré,12.365
3120,2025-01-26 23:00:00,Accueil,20.65,-1.36,,0,weekend,10.179
2005,2025-01-17 16:00:00,Accueil,21.31,4.74,46.3,6,ouvré,11.761
10551,2025-03-29 22:00:00,BUREAU NORD,20.82,8.87,37.7,,weekend,6.225
3505,2025-01-30 04:00:00,accueil ,19.76,-0.92,37.6,9,ouvré,11.679
1649,2025-01-14 17:00:00,Salle_Serveur,21.26,4.59,46.8,0,ouvré,45.174
9792,2025-03-23 14:00:00,bureau sud,20.93,12.35,38.3,0,weekend,5.711
1969,2025-01-17 09:00:00,Salle Serveur,20.96,2.21,42.3,0,ouvré,47.077
169,2025-01-02 09:00:00,Salle_Serveur,19.85,0.3,48.2,0,ouvré,47.808
2782,2025-01-24 04:00:00,bureau sud,20.33,-3.02,39.1,8,ouvré,13.172
4830,2025-02-10 05:00:00,Accueil,21.12,-1.82,47.8,16,ouvré,10.93
10112,2025-03-26 06:00:00,Bureau_Sud,21.34,2.11,192.0,11,ouvré,11.636
7253,2025-03-02 10:00:00,atelier,20.03,4.95,36.9,0,weekend,11.512
1454,2025-01-13 02:00:00,Salle_Serveur,20.61,-4.04,40.9,0,ouvré,-29.039
9161,2025-03-18 08:00:00,Bureau_Nord,19.58,8.07,58.6,,ouvré,9.581
7470,2025-03-04 05:00:00,Accueil,19.94,1.35,40.3,7,ouvré,9.959
1020,2025-01-09 11:00:00,accueil ,20.89,4.29,48.1,6,ouvré,12.579
434,2025-01-04 14:00:00,Salle_Serveur,21.65,6.38,48.2,0,weekend,44.94
5543,2025-02-16 04:00:00,Atelier,21.19,-1.24,52.2,0,weekend,15.779
4018,2025-02-03 11:00:00,atelier,20.79,4.36,41.3,0,ouvré,31.4
5198,2025-02-13 07:00:00,atelier,20.82,-0.58,48.2,4,ouvré,17.863
2145,2025-01-18 20:00:00,accueil ,,2.71,33.8,0,weekend,8.658
9283,2025-03-19 08:00:00,atelier,21.25,4.87,48.9,12,ouvré,20.022
2969,2025-01-25 17:00:00,Salle Serveur,19.47,5.23,33.1,0,weekend,48.017
10654,2025-03-30 18:00:00,Salle Serveur,20.23,13.9,54.5,0,weekend,40.645
10436,2025-03-28 23:00:00,bureau_nord,20.85,5.65,45.5,11,ouvré,8.801
248,2025-01-03 01:00:00,atelier,21.33,-0.94,44.7,7,ouvré,14.009
2523,2025-01-22 00:00:00,atelier,20.83,-1.04,45.8,7,ouvré,15.512
9373,2025-03-20 02:00:00,atelier,21.88,3.32,46.4,6,ouvré,13.778
1943,2025-01-17 04:00:00,Atelier,21.34,-2.23,57.3,17,ouvré,16.628
9351,2025-03-19 22:00:00,bureau_nord,20.89,6.22,50.0,10,ouvré,7.655
6752,2025-02-26 06:00:00,bureau sud,22.11,-0.55,59.4,6,ouvré,10.901
8174,2025-03-10 02:00:00,Salle Serveur,20.06,4.28,48.7,0,ouvré,46.867
2912,2025-01-25 06:00:00,Bureau_Sud,20.33,0.43,40.2,0,weekend,10.215
445,2025-01-04 16:00:00,accueil ,21.28,6.03,39.5,0,weekend,8.684
9142,2025-03-18 04:00:00,bureau sud,20.78,3.18,51.6,2,ouvré,11.398
7953,2025-03-08 06:00:00,Atelier,21.21,3.5,47.2,0,weekend,13.568
1929,2025-01-17 01:00:00,Salle_Serveur,,-0.94,46.8,0,ouvré,47.634
4493,2025-02-07 10:00:00,atelier,21.02,4.22,47.8,,ouvré,26.492
3248,2025-01-28 01:00:00,atelier,21.04,-1.67,57.9,3,ouvré,14.756
8141,2025-03-09 20:00:00,bureau_nord,21.65,7.47,49.3,0,weekend,4.96
7760,2025-03-06 15:00:00,accueil ,21.31,10.79,45.4,8,ouvré,10.248
2901,2025-01-25 04:00:00,BUREAU NORD,20.34,-1.65,54.2,0,weekend,11.824
4529,2025-02-07 17:00:00,Salle_Serveur,21.25,7.12,46.9,0,ouvré,45.061
4983,2025-02-11 12:00:00,Atelier,20.02,6.18,40.6,10,ouvré,
505,2025-01-05 04:00:00,accueil ,21.26,-0.86,49.2,0,weekend,10.618
7263,2025-03-02 12:00:00,atelier,19.77,8.51,,0,weekend,428.878
10007,2025-03-25 09:00:00,bureau sud,21.61,6.7,43.7,1,ouvré,14.985
5944,2025-02-19 12:00:00,Salle_Serveur,19.46,6.95,43.3,0,ouvré,44.262
3367,2025-01-29 01:00:00,Bureau_Sud,20.5,-2.66,52.1,15,ouvré,11.926
9837,2025-03-23 23:00:00,bureau sud,22.87,5.25,39.4,0,weekend,9.116
2083,2025-01-18 08:00:00,Atelier,21.24,1.51,48.1,0,weekend,15.173
7541,2025-03-04 20:00:00,Bureau_Nord,22.1,5.08,42.6,8,ouvré,11.658
7098,2025-03-01 03:00:00,Atelier,21.86,0.92,42.0,0,weekend,15.162
7952,2025-03-08 06:00:00,Bureau_Sud,22.04,3.5,48.2,0,weekend,10.212
377,2025-01-04 03:00:00,Bureau_Sud,20.75,-1.25,45.7,0,weekend,12.793
8286,2025-03-11 01:00:00,BUREAU NORD,21.54,5.02,43.4,14,ouvré,6.724
9684,2025-03-22 16:00:00,Salle_Serveur,20.8,12.97,51.3,0,weekend,43.888
8187,2025-03-10 05:00:00,Bureau_Sud,20.53,1.18,38.1,12,ouvré,10.923
3187,2025-01-27 13:00:00,bureau sud,21.24,6.97,49.2,,ouvré,18.555
4941,2025-02-11 04:00:00,Bureau_Nord,20.08,-3.86,38.0,11,ouvré,11.007
7490,2025-03-04 09:00:00,Accueil,20.4,3.83,39.9,1,ouvré,10.876
9569,2025-03-21 17:00:00,Salle Serveur,21.44,9.38,43.8,0,ouvré,44.519
8517,2025-03-12 23:00:00,bureau sud,21.09,1.47,32.5,5,ouvré,10.988
5410,2025-02-15 01:00:00,accueil ,22.27,-3.32,50.8,0,weekend,11.776
10180,2025-03-26 19:00:00,Accueil,20.76,8.01,44.7,4,ouvré,7.461
7349,2025-03-03 05:00:00,Salle_Serveur,22.39,0.84,48.7,0,ouvré,47.216
2627,2025-01-22 21:00:00,bureau sud,,4.13,47.5,17,ouvré,11.164
5141,2025-02-12 20:00:00,BUREAU NORD,22.26,4.3,53.9,11,ouvré,10.316
56,2025-01-01 11:00:00,BUREAU NORD,20.39,5.86,44.8,9,férié,15.936
2845,2025-01-24 16:00:00,accueil ,20.08,2.64,48.6,1,ouvré,13.088
2225,2025-01-19 12:00:00,Accueil,20.57,4.27,44.9,0,weekend,8.182
2723,2025-01-23 16:00:00,atelier,20.32,4.79,42.3,0,ouvré,28.975
2362,2025-01-20 16:00:00,bureau sud,20.89,7.59,37.8,1,ouvré,14.379
4265,2025-02-05 12:00:00,Accueil,20.92,6.22,52.4,6,ouvré,13.815
2784,2025-01-24 04:00:00,Salle Serveur,21.08,-3.02,40.5,0,ouvré,49.892
4693,2025-02-09 02:00:00,atelier,,-1.78,44.4,0,weekend,15.539
1656,2025-01-14 19:00:00,Bureau_Nord,21.17,3.27,48.0,3,ouvré,11.523
8136,2025-03-09 19:00:00,Bureau_Nord,20.25,7.97,46.8,0,weekend,7.336
7111,2025-03-01 06:00:00,bureau_nord,21.18,1.61,46.4,0,weekend,11.97
9,2025-01-01 01:00:00,Salle_Serveur,21.55,-1.52,46.2,0,férié,49.14
4472,2025-02-07 06:00:00,Bureau_Sud,22.22,-0.01,46.8,11,ouvré,11.68
8684,2025-03-14 08:00:00,Salle_Serveur,19.22,2.84,47.7,0,ouvré,47.539
138,2025-01-02 03:00:00,atelier,21.43,-3.06,46.6,5,ouvré,16.955
7841,2025-03-07 08:00:00,Bureau_Nord,20.51,5.74,44.0,4,ouvré,10.118
8932,2025-03-16 10:00:00,bureau sud,21.38,7.49,35.5,0,weekend,9.616
8614,2025-03-13 18:00:00,Salle Serveur,21.34,4.75,151.6,,ouvré,43.652
2674,2025-01-23 06:00:00,Salle_Serveur,18.86,-1.41,49.8,0,ouvré,49.559
827,2025-01-07 21:00:00,bureau sud,21.1,1.39,50.9,10,ouvré,11.611
400,2025-01-04 07:00:00,accueil ,20.39,0.34,43.0,0,weekend,9.077
8312,2025-03-11 06:00:00,bureau sud,21.35,1.18,35.5,10,ouvré,11.588
4702,2025-02-09 04:00:00,bureau sud,21.05,-2.59,47.0,0,weekend,11.946
3980,2025-02-03 03:00:00,Accueil,21.68,-1.93,47.4,3,ouvré,11.314
5731,2025-02-17 18:00:00,BUREAU NORD,21.22,8.69,36.8,14,ouvré,11.089
2720,2025-01-23 15:00:00,accueil ,20.43,4.4,35.3,4,ouvré,13.262
4071,2025-02-03 22:00:00,Bureau_Nord,22.08,0.73,43.0,15,ouvré,11.295
6400,2025-02-23 07:00:00,Accueil,20.75,4.7,50.3,0,weekend,7.784
2034,2025-01-17 22:00:00,Salle_Serveur,20.48,0.52,38.3,0,ouvré,47.961
8814,2025-03-15 10:00:00,Salle_Serveur,19.31,5.42,38.6,0,weekend,45.317
4744,2025-02-09 12:00:00,Salle Serveur,20.36,6.55,49.0,0,weekend,45.211
3127,2025-01-27 01:00:00,Bureau_Sud,21.92,0.2,36.0,,ouvré,12.145
5549,2025-02-16 05:00:00,Salle Serveur,21.14,-0.91,32.4,0,weekend,49.172
8942,2025-03-16 12:00:00,Bureau_Sud,20.27,9.74,45.7,0,weekend,8.308
9290,2025-03-19 09:00:00,Accueil,21.23,6.55,51.8,11,ouvré,10.414
409,2025-01-04 09:00:00,Salle_Serveur,21.14,3.25,44.7,0,weekend,48.763
5656,2025-02-17 03:00:00,Bureau_Nord,20.8,-0.65,46.3,9,ouvré,11.107
7256,2025-03-02 11:00:00,Bureau_Nord,20.58,7.78,42.2,0,weekend,605.818
6622,2025-02-25 04:00:00,Bureau_Sud,21.31,-0.22,36.9,7,ouvré,11.192
6116,2025-02-20 23:00:00,BUREAU NORD,19.67,4.46,42.5,,ouvré,7.696
2972,2025-01-25 18:00:00,Bureau_Sud,20.85,4.89,38.8,0,weekend,9.161
9650,2025-03-22 09:00:00,accueil ,22.24,6.17,59.8,0,weekend,7.889
6047,2025-02-20 09:00:00,bureau sud,22.35,1.7,,8,ouvré,16.189
2460,2025-01-21 11:00:00,accueil ,,5.26,52.0,8,ouvré,12.229
8522,2025-03-13 00:00:00,Bureau_Sud,21.31,4.45,44.6,7,ouvré,9.454
7720,2025-03-06 07:00:00,accueil ,20.08,2.3,42.1,11,ouvré,10.846
8622,2025-03-13 20:00:00,bureau sud,20.76,4.84,45.1,6,ouvré,9.169
974,2025-01-09 02:00:00,Salle Serveur,21.04,-3.42,38.1,0,ouvré,49.364
5328,2025-02-14 09:00:00,atelier,18.84,2.75,43.6,2,ouvré,26.399
2156,2025-01-18 23:00:00,Bureau_Nord,20.52,2.27,,0,weekend,10.006
6973,2025-02-28 02:00:00,Atelier,22.17,0.35,45.6,6,ouvré,12.206
3492,2025-01-30 02:00:00,Bureau_Sud,,-2.41,38.8,5,ouvré,11.325
267,2025-01-03 05:00:00,bureau sud,21.17,0.1,,14,ouvré,10.927
10036,2025-03-25 15:00:00,bureau_nord,20.74,10.81,46.8,2,ouvré,14.398
3313,2025-01-28 14:00:00,atelier,21.56,6.73,44.7,,ouvré,33.394
6200,2025-02-21 15:00:00,accueil ,19.84,6.0,44.9,14,ouvré,12.084
4575,2025-02-08 02:00:00,accueil ,21.2,-1.12,44.2,0,weekend,9.318
2410,2025-01-21 01:00:00,accueil ,19.6,-1.33,42.9,8,ouvré,10.006
4200,2025-02-04 23:00:00,Accueil,20.61,1.32,36.0,3,ouvré,9.37
4429,2025-02-06 21:00:00,Salle_Serveur,21.54,3.66,54.3,0,ouvré,46.388
8886,2025-03-16 01:00:00,BUREAU NORD,21.52,2.86,50.5,0,weekend,10.923
1928,2025-01-17 01:00:00,atelier,,-0.94,,1,ouvré,12.368
9541,2025-03-21 12:00:00,BUREAU NORD,21.52,7.59,,3,ouvré,16.441
9471,2025-03-20 22:00:00,bureau_nord,19.6,8.65,37.7,10,ouvré,7.673
8493,2025-03-12 18:00:00,Atelier,21.34,8.1,41.4,7,ouvré,17.948
4040,2025-02-03 15:00:00,Accueil,21.15,9.15,,5,ouvré,11.192
7991,2025-03-08 14:00:00,Bureau_Nord,21.3,8.66,46.0,0,weekend,7.8
1966,2025-01-17 09:00:00,bureau_nord,20.37,2.21,44.0,12,ouvré,13.755
2367,2025-01-20 17:00:00,Bureau_Sud,20.36,4.13,44.8,15,ouvré,14.679
9589,2025-03-21 21:00:00,Salle Serveur,22.49,5.98,39.8,0,ouvré,45.669
7616,2025-03-05 11:00:00,Bureau_Nord,21.21,6.1,34.9,6,ouvré,16.504
3449,2025-01-29 17:00:00,Salle_Serveur,19.45,4.26,39.6,0,ouvré,46.36
2033,2025-01-17 22:00:00,Atelier,20.26,0.52,47.3,12,ouvré,14.182
2389,2025-01-20 21:00:00,Salle Serveur,20.78,3.73,33.8,0,ouvré,47.13
8671,2025-03-14 06:00:00,bureau_nord,21.51,2.51,45.5,8,ouvré,10.578
2214,2025-01-19 10:00:00,Salle Serveur,20.8,3.32,48.6,0,weekend,46.221
2580,2025-01-22 11:00:00,Accueil,19.42,4.48,48.5,8,ouvré,13.901
983,2025-01-09 04:00:00,atelier,20.27,0.93,38.2,10,ouvré,13.578
8760,2025-03-14 23:00:00,accueil ,21.26,5.45,42.2,5,ouvré,7.323
141,2025-01-02 04:00:00,BUREAU NORD,19.92,-1.82,,8,ouvré,10.933
5066,2025-02-12 05:00:00,BUREAU NORD,21.46,1.16,53.4,9,ouvré,11.584
6037,2025-02-20 07:00:00,bureau sud,21.18,0.56,32.9,,ouvré,13.603
5206,2025-02-13 09:00:00,bureau_nord,,2.09,51.3,1,ouvré,15.367
2652,2025-01-23 02:00:00,Bureau_Sud,20.35,-1.72,46.8,,ouvré,11.067
2609,2025-01-22 17:00:00,Salle_Serveur,21.76,5.23,44.7,0,ouvré,46.827
6625,2025-02-25 04:00:00,accueil ,,-0.22,51.8,0,ouvré,10.156
2023,2025-01-17 20:00:00,Atelier,20.85,4.35,41.9,4,ouvré,14.987
7113,2025-03-01 06:00:00,Atelier,21.09,1.61,37.9,0,weekend,14.056
2612,2025-01-22 18:00:00,Bureau_Sud,20.96,4.56,51.7,10,ouvré,14.827
4371,2025-02-06 10:00:00,Bureau_Nord,21.75,4.94,63.9,10,ouvré,15.473
2630,2025-01-22 21:00:00,accueil ,20.29,4.13,39.0,,ouvré,7.75
1336,2025-01-12 03:00:00,bureau_nord,21.87,-2.96,48.8,0,weekend,11.075
9559,2025-03-21 15:00:00,Salle Serveur,20.78,10.35,23.3,0,ouvré,43.959
7437,2025-03-03 23:00:00,bureau sud,21.22,1.49,48.9,,ouvré,9.507
2978,2025-01-25 19:00:00,Atelier,21.62,2.75,46.7,0,weekend,14.754
5593,2025-02-16 14:00:00,Atelier,21.14,8.9,50.4,0,weekend,10.262
7122,2025-03-01 08:00:00,Bureau_Sud,20.1,2.1,44.9,0,weekend,9.286
7103,2025-03-01 04:00:00,atelier,21.03,-0.9,45.0,0,weekend,16.462
6096,2025-02-20 19:00:00,Bureau_Nord,21.18,7.68,47.4,3,ouvré,10.663
1712,2025-01-15 06:00:00,bureau sud,20.24,-1.01,45.5,7,ouvré,12.008
2948,2025-01-25 13:00:00,Atelier,20.69,6.17,46.2,0,weekend,12.514
10431,2025-03-28 22:00:00,bureau_nord,21.08,5.94,54.8,0,ouvré,8.915
6934,2025-02-27 18:00:00,Salle_Serveur,20.74,6.52,46.6,0,ouvré,44.386
8937,2025-03-16 11:00:00,bureau sud,21.01,9.77,,0,weekend,7.023
4211,2025-02-05 02:00:00,Bureau_Nord,20.82,-0.24,45.8,9,ouvré,11.367
4075,2025-02-03 22:00:00,Accueil,23.67,0.73,50.2,10,ouvré,
4734,2025-02-09 10:00:00,Salle_Serveur,21.56,4.09,45.6,0,weekend,44.841
2082,2025-01-18 08:00:00,bureau sud,22.19,1.51,34.0,0,weekend,9.778
3821,2025-02-01 20:00:00,bureau_nord,19.64,4.08,46.7,0,weekend,8.903
3643,2025-01-31 08:00:00,atelier,20.35,0.48,,7,ouvré,887.329
4106,2025-02-04 05:00:00,BUREAU NORD,21.66,-0.32,41.9,6,ouvré,9.962
563,2025-01-05 16:00:00,Atelier,21.32,5.51,40.6,0,weekend,11.481
10127,2025-03-26 09:00:00,bureau sud,21.03,7.67,49.7,3,ouvré,12.466
3197,2025-01-27 15:00:00,Bureau_Sud,20.72,6.27,42.8,5,ouvré,16.719
9582,2025-03-21 20:00:00,bureau sud,21.16,7.07,56.3,12,ouvré,
5223,2025-02-13 12:00:00,Atelier,21.49,4.26,35.3,19,ouvré,34.552
816,2025-01-07 19:00:00,Bureau_Nord,21.3,3.28,40.0,10,ouvré,9.615
4039,2025-02-03 15:00:00,Salle Serveur,21.49,9.15,29.2,0,ouvré,44.123
8901,2025-03-16 04:00:00,BUREAU NORD,21.46,0.59,42.2,0,weekend,12.424
1851,2025-01-16 10:00:00,Bureau_Nord,22.03,4.0,52.4,10,ouvré,16.116
3744,2025-02-01 04:00:00,Salle_Serveur,20.94,-0.19,54.3,0,weekend,48.581
5758,2025-02-17 23:00:00,atelier,22.23,3.23,28.3,11,ouvré,13.293
5878,2025-02-18 23:00:00,Atelier,19.41,1.19,43.6,9,ouvré,13.559
324,2025-01-03 16:00:00,Salle Serveur,21.28,5.74,49.1,,ouvré,
9543,2025-03-21 12:00:00,atelier,22.28,7.59,43.1,6,ouvré,31.884
1222,2025-01-11 04:00:00,Bureau_Sud,20.43,-1.4,46.8,0,weekend,11.276
8503,2025-03-12 20:00:00,Atelier,23.26,8.69,26.8,3,ouvré,13.159
8599,2025-03-13 15:00:00,Salle_Serveur,22.15,9.12,37.3,0,ouvré,43.2
8142,2025-03-09 20:00:00,bureau sud,21.41,7.47,45.2,0,weekend,7.203
5860,2025-02-18 19:00:00,Accueil,21.89,5.9,41.4,,ouvré,9.386
5484,2025-02-15 16:00:00,Salle_Serveur,21.33,7.19,34.6,0,weekend,45.594
905,2025-01-08 12:00:00,accueil ,20.23,5.37,,11,ouvré,12.628
2366,2025-01-20 17:00:00,bureau_nord,20.96,4.13,39.3,13,ouvré,14.088
1729,2025-01-15 09:00:00,Salle_Serveur,21.87,3.08,53.5,0,ouvré,47.118
3889,2025-02-02 09:00:00,Salle Serveur,21.57,1.25,44.6,0,weekend,47.727
4195,2025-02-04 22:00:00,Accueil,21.04,1.32,46.9,5,ouvré,9.558
5960,2025-02-19 15:00:00,Accueil,21.29,8.48,43.7,9,ouvré,10.881
3732,2025-02-01 02:00:00,bureau sud,20.51,-1.78,45.1,0,weekend,13.058
3795,2025-02-01 14:00:00,Accueil,20.97,5.05,48.3,0,weekend,9.063
2945,2025-01-25 12:00:00,accueil ,22.58,3.23,,0,weekend,7.981
5359,2025-02-14 15:00:00,Salle_Serveur,20.22,5.55,41.8,0,ouvré,45.652
4486,2025-02-07 09:00:00,Bureau_Nord,20.85,2.63,53.6,8,ouvré,14.252
4907,2025-02-10 21:00:00,Bureau_Sud,21.92,4.87,48.0,14,ouvré,9.137
5515,2025-02-15 22:00:00,Accueil,19.83,3.21,49.6,0,weekend,8.18
694,2025-01-06 18:00:00,Salle Serveur,21.83,4.89,34.6,0,ouvré,47.54
7085,2025-03-01 00:00:00,Accueil,20.4,0.07,49.3,0,weekend,10.27
7905,2025-03-07 20:00:00,accueil ,19.83,6.46,50.6,3,ouvré,7.561
9383,2025-03-20 04:00:00,Atelier,20.97,0.98,42.4,6,ouvré,13.809
1126,2025-01-10 09:00:00,bureau_nord,20.76,2.32,50.7,12,ouvré,15.499
8124,2025-03-09 16:00:00,Salle Serveur,21.76,10.21,42.3,0,weekend,43.421
4242,2025-02-05 08:00:00,bureau sud,21.32,2.8,52.0,6,ouvré,13.761
201,2025-01-02 16:00:00,Bureau_Nord,23.27,5.47,52.5,7,ouvré,14.96
9116,2025-03-17 23:00:00,bureau_nord,20.96,3.74,51.1,17,ouvré,8.701
1426,2025-01-12 21:00:00,BUREAU NORD,21.49,2.69,41.3,0,weekend,7.675
2096,2025-01-18 11:00:00,BUREAU NORD,20.89,3.7,44.6,0,weekend,9.123
1823,2025-01-16 04:00:00,Atelier,21.76,-1.63,38.1,4,ouvré,16.823
2463,2025-01-21 12:00:00,Atelier,20.85,2.81,41.4,2,ouvré,34.398
4851,2025-02-10 10:00:00,BUREAU NORD,21.04,3.27,,10,ouvré,16.67
10580,2025-03-30 03:00:00,accueil ,20.53,3.61,39.8,0,weekend,7.188
8261,2025-03-10 20:00:00,BUREAU NORD,20.87,6.73,38.5,7,ouvré,9.954
6366,2025-02-23 01:00:00,Bureau_Nord,22.5,0.46,43.2,0,weekend,11.161
1120,2025-01-10 07:00:00,accueil ,20.14,-0.45,41.7,12,ouvré,11.12
3761,2025-02-01 08:00:00,BUREAU NORD,21.48,0.61,38.5,0,weekend,9.233
10779,2025-03-31 19:00:00,Salle Serveur,21.58,8.74,42.4,0,ouvré,44.349
8387,2025-03-11 21:00:00,bureau sud,22.3,6.42,45.4,12,ouvré,8.129
1319,2025-01-11 23:00:00,Salle_Serveur,,0.16,52.0,0,weekend,46.876
8097,2025-03-09 11:00:00,Bureau_Sud,20.41,8.24,33.5,,weekend,7.637
191,2025-01-02 14:00:00,BUREAU NORD,21.16,6.33,64.4,11,ouvré,17.38
1399,2025-01-12 15:00:00,Salle Serveur,21.98,4.93,49.9,0,weekend,45.256
2215,2025-01-19 10:00:00,Accueil,20.07,3.32,52.0,0,weekend,9.313
6639,2025-02-25 07:00:00,Salle_Serveur,22.36,-1.01,33.9,0,ouvré,48.528
5884,2025-02-19 00:00:00,Salle Serveur,21.08,1.71,34.6,0,ouvré,48.107
4863,2025-02-10 12:00:00,Atelier,21.39,6.76,49.3,14,ouvré,31.169
1352,2025-01-12 06:00:00,bureau sud,22.08,1.26,53.6,0,weekend,8.654
3527,2025-01-30 09:00:00,Bureau_Sud,20.22,2.9,42.9,7,ouvré,15.799
3955,2025-02-02 22:00:00,accueil ,21.7,0.68,,0,weekend,10.386
10664,2025-03-30 20:00:00,Salle_Serveur,21.1,9.68,38.9,,weekend,42.35
2928,2025-01-25 09:00:00,atelier,20.39,5.47,55.1,0,weekend,12.394
734,2025-01-07 02:00:00,Salle Serveur,21.42,-3.55,42.6,0,ouvré,48.56
5153,2025-02-12 22:00:00,atelier,21.21,2.77,,5,ouvré,11.897
10398,2025-03-28 15:00:00,atelier,20.04,11.44,43.7,,ouvré,28.612
2407,2025-01-21 01:00:00,Bureau_Sud,21.82,-1.33,41.3,12,ouvré,11.641
9674,2025-03-22 14:00:00,Salle_Serveur,20.21,11.23,,,weekend,42.586
216,2025-01-02 19:00:00,bureau_nord,21.86,2.16,37.9,13,ouvré,11.692
5017,2025-02-11 19:00:00,Bureau_Sud,21.26,5.13,46.4,8,ouvré,
1465,2025-01-13 04:00:00,accueil ,21.73,-5.14,46.9,8,ouvré,13.079
1094,2025-01-10 02:00:00,Salle_Serveur,19.91,-3.41,41.9,0,ouvré,50.345
2686,2025-01-23 09:00:00,bureau_nord,20.17,2.68,,13,ouvré,14.212
5716,2025-02-17 15:00:00,BUREAU NORD,21.14,8.23,45.5,11,ouvré,15.553
6184,2025-02-21 12:00:00,Salle_Serveur,21.45,6.83,48.1,0,ouvré,45.285
671,2025-01-06 14:00:00,BUREAU NORD,21.48,3.38,43.6,4,ouvré,18.692
372,2025-01-04 02:00:00,bureau sud,21.09,-2.51,36.0,0,weekend,11.424
142,2025-01-02 04:00:00,Bureau_Sud,19.59,-1.82,67.5,3,ouvré,11.881
2390,2025-01-20 21:00:00,accueil ,21.01,3.73,44.4,9,ouvré,8.456
2015,2025-01-17 18:00:00,Accueil,20.14,4.84,45.8,8,ouvré,10.904
1315,2025-01-11 22:00:00,Accueil,21.89,0.87,35.8,0,weekend,10.748
9421,2025-03-20 12:00:00,bureau_nord,21.55,9.31,54.7,5,ouvré,16.229
9368,2025-03-20 01:00:00,atelier,21.44,3.75,51.4,6,ouvré,13.045
7192,2025-03-01 22:00:00,bureau sud,20.46,2.79,43.0,0,weekend,10.205
10024,2025-03-25 12:00:00,Salle Serveur,19.47,8.84,49.1,0,ouvré,42.845
3510,2025-01-30 05:00:00,accueil ,19.76,-1.99,44.6,8,ouvré,10.814
3020,2025-01-26 03:00:00,Accueil,20.96,-0.6,50.2,0,weekend,10.313
2954,2025-01-25 14:00:00,Salle_Serveur,20.3,4.88,50.0,0,weekend,45.696
3788,2025-02-01 13:00:00,atelier,21.3,7.86,48.4,0,weekend,12.416
8420,2025-03-12 03:00:00,Accueil,21.33,1.82,53.1,14,ouvré,9.39
3825,2025-02-01 20:00:00,Accueil,20.9,4.08,40.7,0,weekend,9.724
6755,2025-02-26 06:00:00,Accueil,19.52,-0.55,48.7,14,ouvré,10.685
4638,2025-02-08 15:00:00,atelier,22.06,7.76,43.1,0,weekend,12.164
9047,2025-03-17 09:00:00,bureau sud,21.21,5.87,,8,ouvré,15.645
5744,2025-02-17 20:00:00,Salle_Serveur,21.07,5.82,44.1,0,ouvré,45.476
10136,2025-03-26 11:00:00,BUREAU NORD,22.53,8.99,40.1,8,ouvré,13.588
3096,2025-01-26 19:00:00,BUREAU NORD,21.49,3.66,53.6,0,weekend,7.944
7423,2025-03-03 20:00:00,Atelier,21.1,6.32,33.8,13,ouvré,15.179
9380,2025-03-20 03:00:00,Accueil,21.72,2.39,48.4,6,ouvré,8.546
7034,2025-02-28 14:00:00,Salle_Serveur,21.69,8.15,35.3,0,ouvré,45.505
9708,2025-03-22 21:00:00,atelier,20.54,8.45,47.6,0,weekend,10.766
2230,2025-01-19 13:00:00,accueil ,21.29,5.79,58.9,0,weekend,6.894
5492,2025-02-15 18:00:00,bureau sud,20.85,5.95,40.2,0,weekend,8.629
2219,2025-01-19 11:00:00,Salle_Serveur,19.94,5.58,41.8,0,weekend,45.943
3023,2025-01-26 04:00:00,Atelier,20.38,-1.33,43.3,0,weekend,16.763
7364,2025-03-03 08:00:00,Salle_Serveur,20.09,5.46,40.0,0,ouvré,
3168,2025-01-27 09:00:00,atelier,20.07,2.56,42.4,6,ouvré,24.054
2049,2025-01-18 01:00:00,Salle_Serveur,20.83,-0.22,46.9,0,weekend,46.923
4523,2025-02-07 16:00:00,atelier,20.07,5.92,48.9,6,ouvré,26.502
8192,2025-03-10 06:00:00,bureau sud,22.14,3.84,46.3,,ouvré,10.81
3562,2025-01-30 16:00:00,bureau sud,22.12,4.98,47.9,17,ouvré,17.25
2746,2025-01-23 21:00:00,BUREAU NORD,20.29,1.86,47.2,7,ouvré,10.308
3291,2025-01-28 10:00:00,bureau_nord,21.61,2.36,47.1,10,ouvré,15.806
8873,2025-03-15 22:00:00,Atelier,22.05,5.66,42.0,0,weekend,13.205
4960,2025-02-11 07:00:00,Accueil,22.22,-0.42,44.8,8,ouvré,11.322
8681,2025-03-14 08:00:00,bureau_nord,20.73,2.84,42.2,0,ouvré,13.369
8217,2025-03-10 11:00:00,bureau sud,21.83,7.05,53.2,5,ouvré,19.295
2547,2025-01-22 05:00:00,Bureau_Sud,20.99,-3.45,37.2,9,ouvré,14.1
10188,2025-03-26 21:00:00,atelier,22.13,6.52,48.8,13,ouvré,12.342
465,2025-01-04 20:00:00,accueil ,21.42,2.35,55.3,0,weekend,8.726
2436,2025-01-21 07:00:00,bureau_nord,21.04,2.29,43.6,9,ouvré,320.13
7525,2025-03-04 16:00:00,Accueil,19.98,9.6,41.6,3,ouvré,9.609
6759,2025-02-26 07:00:00,Salle Serveur,22.0,0.58,42.9,0,ouvré,45.507
5097,2025-02-12 11:00:00,Bureau_Sud,20.45,5.9,47.4,4,ouvré,17.081
9338,2025-03-19 19:00:00,Atelier,21.41,7.73,42.0,4,ouvré,15.368
7114,2025-03-01 06:00:00,Salle Serveur,19.59,1.61,38.1,0,weekend,46.934
6441,2025-02-23 16:00:00,bureau_nord,20.0,6.71,53.5,,weekend,7.876
4458,2025-02-07 03:00:00,atelier,20.32,-1.77,42.4,5,ouvré,16.377
792,2025-01-07 14:00:00,bureau sud,21.27,6.11,30.9,5,ouvré,18.424
2438,2025-01-21 07:00:00,atelier,21.89,2.29,46.2,7,ouvré,17.779
10577,2025-03-30 03:00:00,Bureau_Sud,20.95,3.61,47.4,0,weekend,9.309
3022,2025-01-26 04:00:00,bureau sud,22.26,-1.33,50.6,0,weekend,11.246
805,2025-01-07 16:00:00,accueil ,20.08,5.75,45.5,5,ouvré,12.321
8668,2025-03-14 05:00:00,Atelier,21.21,0.43,31.2,15,ouvré,
8687,2025-03-14 09:00:00,bureau sud,21.4,7.6,46.8,5,ouvré,13.83
1855,2025-01-16 10:00:00,Accueil,20.46,4.0,52.5,6,ouvré,12.835
4969,2025-02-11 09:00:00,Salle Serveur,21.51,2.34,45.6,0,ouvré,46.75
884,2025-01-08 08:00:00,Salle Serveur,20.67,-0.05,36.3,0,ouvré,47.03
9487,2025-03-21 01:00:00,Bureau_Sud,21.73,2.39,51.0,6,ouvré,10.629
9867,2025-03-24 05:00:00,bureau sud,20.2,3.08,54.8,7,ouvré,
5296,2025-02-14 03:00:00,BUREAU NORD,21.02,-2.54,47.3,10,ouvré,11.416
748,2025-01-07 05:00:00,Atelier,21.49,0.02,39.2,0,ouvré,15.496
9232,2025-03-18 22:00:00,Bureau_Sud,20.9,7.39,54.4,15,ouvré,7.275
7489,2025-03-04 09:00:00,Salle Serveur,20.17,3.83,39.7,0,ouvré,45.55
7781,2025-03-06 20:00:00,Bureau_Nord,,4.41,50.5,3,ouvré,8.301
4715,2025-02-09 06:00:00,Accueil,21.0,-0.0,51.0,0,weekend,
12,2025-01-01 02:00:00,Bureau_Sud,20.12,-2.2,40.6,7,férié,11.303
8429,2025-03-12 05:00:00,Salle Serveur,19.96,2.21,47.8,0,ouvré,48.801
9580,2025-03-21 19:00:00,Accueil,21.96,9.08,,9,ouvré,6.205
7390,2025-03-03 13:00:00,Accueil,21.39,6.84,36.4,0,ouvré,13.955
7430,2025-03-03 21:00:00,Accueil,22.1,5.65,46.5,10,ouvré,7.666
10291,2025-03-27 18:00:00,Bureau_Nord,20.32,10.27,42.3,5,ouvré,11.452
2514,2025-01-21 22:00:00,Salle Serveur,21.36,1.45,,0,ouvré,47.638
3990,2025-02-03 05:00:00,Accueil,21.61,-0.49,36.0,6,ouvré,11.99
9093,2025-03-17 18:00:00,atelier,19.96,9.84,40.5,5,ouvré,17.42
2402,2025-01-21 00:00:00,bureau sud,20.87,-0.74,,13,ouvré,
10364,2025-03-28 08:00:00,Salle Serveur,21.08,6.06,50.2,0,ouvré,46.034
3171,2025-01-27 10:00:00,bureau_nord,20.15,2.42,53.0,7,ouvré,15.817
9815,2025-03-23 18:00:00,Accueil,21.16,8.05,44.9,0,weekend,6.059
7571,2025-03-05 02:00:00,Bureau_Nord,21.34,2.0,37.9,6,ouvré,10.633
6251,2025-02-22 02:00:00,BUREAU NORD,19.52,-0.38,48.3,0,weekend,9.944
3754,2025-02-01 06:00:00,Salle_Serveur,20.7,-1.55,42.1,0,weekend,48.255
2462,2025-01-21 12:00:00,Bureau_Sud,21.29,2.81,46.8,17,ouvré,19.557
10541,2025-03-29 20:00:00,Bureau_Nord,20.38,7.77,55.6,,weekend,8.733
7247,2025-03-02 09:00:00,bureau sud,20.63,2.86,47.3,0,weekend,10.15
4387,2025-02-06 13:00:00,bureau sud,21.29,6.0,48.4,14,ouvré,18.867
5580,2025-02-16 11:00:00,Accueil,21.53,7.16,47.5,0,weekend,6.368
8304,2025-03-11 04:00:00,Salle Serveur,21.84,-0.08,53.9,0,ouvré,48.004
10792,2025-03-31 22:00:00,Bureau_Sud,20.78,8.14,41.5,8,ouvré,8.932
8655,2025-03-14 02:00:00,accueil ,20.27,-1.86,48.0,,ouvré,10.345
6067,2025-02-20 13:00:00,Bureau_Sud,20.77,6.18,34.9,5,ouvré,18.955
3507,2025-01-30 05:00:00,bureau sud,21.8,-1.99,45.4,13,ouvré,12.419
2153,2025-01-18 22:00:00,Atelier,21.25,-1.57,45.2,0,weekend,17.002
6080,2025-02-20 15:00:00,accueil ,19.36,6.72,41.8,5,ouvré,11.436
9395,2025-03-20 06:00:00,accueil ,20.01,4.61,40.6,,ouvré,9.241
2632,2025-01-22 22:00:00,bureau sud,21.07,1.2,,14,ouvré,11.155
7046,2025-02-28 17:00:00,bureau_nord,21.27,8.73,41.9,6,ouvré,10.692
1962,2025-01-17 08:00:00,bureau sud,20.99,1.42,39.6,9,ouvré,15.385
7869,2025-03-07 13:00:00,Salle Serveur,21.66,8.51,44.2,0,ouvré,45.369
8611,2025-03-13 18:00:00,bureau_nord,21.05,4.75,53.7,11,ouvré,12.71
1934,2025-01-17 02:00:00,Salle Serveur,20.52,-1.1,37.3,0,ouvré,48.197
2091,2025-01-18 10:00:00,BUREAU NORD,21.57,1.72,56.2,0,weekend,11.246
10154,2025-03-26 14:00:00,Salle Serveur,21.46,10.79,47.9,0,ouvré,42.59
3010,2025-01-26 01:00:00,Accueil,21.84,-2.44,44.5,0,weekend,12.331
5767,2025-02-18 01:00:00,bureau sud,22.11,-1.37,46.3,3,ouvré,11.617
10674,2025-03-30 22:00:00,Salle Serveur,22.5,7.28,49.5,0,weekend,46.346
7580,2025-03-05 03:00:00,Accueil,21.35,1.81,37.3,4,ouvré,9.578
8408,2025-03-12 01:00:00,Atelier,20.93,2.07,47.6,6,ouvré,13.191
9937,2025-03-24 19:00:00,bureau sud,20.2,7.56,43.6,5,ouvré,10.688
3890,2025-02-02 09:00:00,accueil ,20.6,1.25,51.5,0,weekend,8.721
5404,2025-02-15 00:00:00,Salle_Serveur,20.99,0.12,50.9,0,weekend,48.432
8416,2025-03-12 03:00:00,BUREAU NORD,21.62,1.82,47.0,4,ouvré,9.478
1931,2025-01-17 02:00:00,Bureau_Nord,21.49,-1.1,50.3,8,ouvré,9.521
5655,2025-02-17 02:00:00,Accueil,20.83,0.02,35.7,3,ouvré,9.938
9756,2025-03-23 07:00:00,bureau_nord,-999,5.53,42.7,0,weekend,7.683
2136,2025-01-18 19:00:00,BUREAU NORD,20.93,4.35,56.7,0,weekend,8.512
5175,2025-02-13 02:00:00,Accueil,21.31,-1.82,40.5,12,ouvré,9.802
305,2025-01-03 12:00:00,accueil ,22.21,4.62,36.4,22,ouvré,13.566
9499,2025-03-21 03:00:00,Salle Serveur,20.18,1.65,52.6,0,ouvré,47.5
364,2025-01-04 00:00:00,Salle Serveur,21.09,-0.29,44.7,,weekend,47.502
3692,2025-01-31 18:00:00,Bureau_Sud,20.6,4.73,48.8,5,ouvré,13.739
1937,2025-01-17 03:00:00,Bureau_Sud,21.01,-1.98,46.2,14,ouvré,12.206
5336,2025-02-14 11:00:00,bureau_nord,,4.2,41.4,6,ouvré,16.117
3422,2025-01-29 12:00:00,Bureau_Sud,22.45,6.88,52.5,7,ouvré,19.961
8296,2025-03-11 03:00:00,BUREAU NORD,22.11,0.81,37.4,9,ouvré,10.504
3409,2025-01-29 09:00:00,Salle_Serveur,22.07,1.1,46.7,0,ouvré,46.978
2851,2025-01-24 18:00:00,bureau_nord,21.78,5.64,47.0,7,ouvré,10.894
3166,2025-01-27 09:00:00,Bureau_Nord,19.64,2.56,43.5,13,ouvré,16.799
2486,2025-01-21 17:00:00,bureau_nord,21.51,4.38,36.2,13,ouvré,14.039
801,2025-01-07 16:00:00,bureau_nord,21.74,5.75,42.7,4,ouvré,13.734
2393,2025-01-20 22:00:00,Atelier,20.85,-0.32,46.4,4,ouvré,14.279
5379,2025-02-14 19:00:00,Salle Serveur,20.47,4.6,37.0,0,ouvré,46.396
6012,2025-02-20 02:00:00,bureau sud,20.46,1.42,40.2,13,ouvré,10.175
4056,2025-02-03 19:00:00,BUREAU NORD,21.52,3.33,39.8,9,ouvré,10.845
4386,2025-02-06 13:00:00,bureau_nord,20.71,6.0,42.4,11,ouvré,18.326
9572,2025-03-21 18:00:00,Bureau_Sud,22.02,6.73,48.9,2,ouvré,12.198
4118,2025-02-04 07:00:00,atelier,21.34,0.67,46.1,6,ouvré,19.086
8293,2025-03-11 02:00:00,Atelier,20.63,-1.08,39.1,9,ouvré,13.863
5438,2025-02-15 07:00:00,atelier,20.4,0.36,35.0,0,weekend,14.607
3999,2025-02-03 07:00:00,Salle_Serveur,20.66,1.94,43.7,0,ouvré,46.916
423,2025-01-04 12:00:00,Atelier,20.77,5.9,53.4,0,weekend,11.994
9638,2025-03-22 07:00:00,Atelier,20.66,2.57,47.0,0,weekend,13.067
9485,2025-03-21 00:00:00,accueil ,21.7,5.83,40.7,13,ouvré,7.655
4815,2025-02-10 02:00:00,Accueil,19.99,-1.56,41.6,12,ouvré,10.245
1115,2025-01-10 06:00:00,accueil ,20.54,0.67,31.2,,ouvré,9.936
736,2025-01-07 03:00:00,BUREAU NORD,21.8,-1.38,48.7,3,ouvré,13.64
890,2025-01-08 09:00:00,accueil ,22.55,2.79,53.0,6,ouvré,11.953
64,2025-01-01 12:00:00,Salle_Serveur,20.88,5.72,46.2,0,férié,44.819
196,2025-01-02 15:00:00,Bureau_Nord,18.88,5.77,40.4,5,ouvré,16.838
4721,2025-02-09 08:00:00,bureau_nord,,0.23,,0,weekend,8.972
9404,2025-03-20 08:00:00,Salle_Serveur,21.54,4.93,39.1,0,ouvré,45.285
7770,2025-03-06 17:00:00,Accueil,20.64,8.0,51.1,12,ouvré,8.902
8834,2025-03-15 14:00:00,Salle_Serveur,20.47,9.45,40.2,0,weekend,44.049
766,2025-01-07 09:00:00,BUREAU NORD,21.34,0.41,29.7,7,ouvré,16.045
4055,2025-02-03 18:00:00,accueil ,19.07,4.08,44.6,9,ouvré,11.968
5997,2025-02-19 23:00:00,Bureau_Sud,20.39,0.49,44.8,12,ouvré,9.65
2894,2025-01-25 02:00:00,Salle Serveur,21.14,1.12,36.2,0,weekend,46.411
4661,2025-02-08 20:00:00,BUREAU NORD,22.23,4.72,42.3,0,weekend,8.785
8283,2025-03-11 00:00:00,Atelier,20.0,1.59,43.4,3,ouvré,12.029
2484,2025-01-21 16:00:00,Salle_Serveur,21.68,6.4,47.8,0,ouvré,45.9
6636,2025-02-25 07:00:00,bureau_nord,21.17,-1.01,55.0,7,ouvré,13.233
6245,2025-02-22 00:00:00,accueil ,22.13,1.81,55.7,0,,9.098
1624,2025-01-14 12:00:00,Salle Serveur,21.48,3.56,38.9,0,ouvré,46.606
7477,2025-03-04 07:00:00,Bureau_Sud,21.89,1.73,38.4,4,ouvré,12.617
10603,2025-03-30 08:00:00,Atelier,19.81,7.9,48.3,0,weekend,11.307
8534,2025-03-13 02:00:00,Salle_Serveur,21.01,0.99,55.1,0,ouvré,45.62
3650,2025-01-31 09:00:00,accueil ,19.99,3.66,46.8,6,ouvré,11.582
686,2025-01-06 17:00:00,BUREAU NORD,20.95,3.84,51.2,7,ouvré,14.116
162,2025-01-02 08:00:00,Bureau_Sud,21.01,-0.17,50.3,7,ouvré,16.662
3599,2025-01-30 23:00:00,Salle_Serveur,20.02,2.82,45.2,0,ouvré,47.258
4069,2025-02-03 21:00:00,Salle_Serveur,21.81,2.46,44.7,0,ouvré,46.864
3404,2025-01-29 08:00:00,Salle_Serveur,20.69,0.9,49.9,0,ouvré,48.056
7813,2025-03-07 02:00:00,atelier,21.59,2.12,43.5,12,ouvré,12.701
3372,2025-01-29 02:00:00,Bureau_Sud,19.56,-1.81,,9,ouvré,13.106
9367,2025-03-20 01:00:00,Bureau_Sud,22.01,3.75,,7,ouvré,8.444
4239,2025-02-05 07:00:00,Salle_Serveur,21.14,1.84,55.4,,ouvré,46.238
5312,2025-02-14 06:00:00,Bureau_Sud,21.35,-0.54,56.4,9,ouvré,12.893
2550,2025-01-22 05:00:00,accueil ,19.79,-3.45,44.5,10,ouvré,11.972
5323,2025-02-14 08:00:00,atelier,20.91,2.04,53.1,0,ouvré,20.793
4487,2025-02-07 09:00:00,Bureau_Sud,21.73,2.63,43.9,0,ouvré,15.305
6316,2025-02-22 15:00:00,BUREAU NORD,21.36,6.38,36.1,0,weekend,7.946
4278,2025-02-05 15:00:00,atelier,19.44,5.98,47.1,13,ouvré,30.26
3236,2025-01-27 23:00:00,BUREAU NORD,21.4,0.4,50.9,8,ouvré,11.475
4357,2025-02-06 07:00:00,Bureau_Sud,22.12,-0.46,40.6,8,ouvré,14.211
5518,2025-02-15 23:00:00,atelier,21.78,0.98,35.8,,weekend,16.371
6619,2025-02-25 03:00:00,Salle Serveur,19.73,-0.44,32.2,0,ouvré,47.185
7379,2025-03-03 11:00:00,Salle Serveur,20.21,8.1,39.4,0,ouvré,43.797
7516,2025-03-04 15:00:00,bureau_nord,20.71,9.7,35.9,0,ouvré,14.722
4188,2025-02-04 21:00:00,Atelier,21.48,2.58,40.7,6,ouvré,15.101
577,2025-01-05 19:00:00,Bureau_Sud,21.62,4.05,54.8,0,weekend,11.996
10332,2025-03-28 02:00:00,Bureau_Sud,20.96,2.48,49.0,6,ouvré,10.75
3985,2025-02-03 04:00:00,Accueil,22.4,-0.1,,3,ouvré,10.825
10483,2025-03-29 08:00:00,atelier,21.05,4.75,43.1,0,weekend,12.137
6177,2025-02-21 11:00:00,Bureau_Sud,20.64,4.38,39.9,2,ouvré,18.392
9850,2025-03-24 01:00:00,accueil ,18.68,3.75,42.8,8,ouvré,8.085
841,2025-01-08 00:00:00,BUREAU NORD,19.09,-0.17,,10,ouvré,10.954
6876,2025-02-27 07:00:00,bureau_nord,20.62,1.48,48.7,4,ouvré,12.816
7533,2025-03-04 18:00:00,atelier,21.12,7.33,51.8,3,ouvré,18.202
8822,2025-03-15 12:00:00,Bureau_Sud,21.31,8.82,53.2,0,weekend,7.774
8717,2025-03-14 15:00:00,bureau sud,21.68,12.02,41.8,5,ouvré,15.501
5762,2025-02-18 00:00:00,Bureau_Sud,20.97,1.22,45.5,0,ouvré,
290,2025-01-03 09:00:00,accueil ,22.56,0.9,48.2,,ouvré,15.306
8837,2025-03-15 15:00:00,bureau sud,21.71,8.22,44.6,0,weekend,7.776
10734,2025-03-31 10:00:00,Salle_Serveur,21.35,10.03,43.4,0,ouvré,42.859
2541,2025-01-22 04:00:00,BUREAU NORD,20.71,-1.5,37.6,0,ouvré,10.308
333,2025-01-03 18:00:00,atelier,23.08,6.84,39.1,5,ouvré,18.143
1216,2025-01-11 03:00:00,BUREAU NORD,21.39,0.19,47.6,0,weekend,10.354
5285,2025-02-14 00:00:00,Accueil,22.35,-0.07,40.2,13,ouvré,9.088
8787,2025-03-15 05:00:00,bureau sud,22.8,3.36,49.4,0,,10.456
8563,2025-03-13 08:00:00,Atelier,21.42,5.22,44.4,,ouvré,20.024
1138,2025-01-10 11:00:00,Atelier,21.88,2.83,51.3,4,ouvré,31.407
10153,2025-03-26 14:00:00,Atelier,21.66,10.79,40.3,13,ouvré,30.225
1930,2025-01-17 01:00:00,accueil ,20.81,-0.94,46.8,5,ouvré,9.424
9264,2025-03-19 04:00:00,Salle_Serveur,21.01,1.91,41.8,0,ouvré,46.787
9040,2025-03-17 07:00:00,Accueil,21.25,3.46,47.1,4,ouvré,750.689
8157,2025-03-09 23:00:00,bureau sud,19.05,6.84,46.2,0,weekend,9.559
1520,2025-01-13 15:00:00,accueil ,18.62,4.59,53.0,7,ouvré,14.465
10270,2025-03-27 13:00:00,Accueil,20.16,9.86,39.7,13,ouvré,13.235
9852,2025-03-24 02:00:00,Bureau_Sud,22.19,4.93,51.1,5,ouvré,8.012
9886,2025-03-24 09:00:00,Bureau_Nord,22.29,7.6,44.1,2,ouvré,12.339
3011,2025-01-26 02:00:00,Bureau_Nord,21.25,-0.38,46.7,0,weekend,10.851
81,2025-01-01 16:00:00,BUREAU NORD,21.2,6.32,53.2,7,férié,14.562
9509,2025-03-21 05:00:00,Salle Serveur,20.54,4.83,44.2,,ouvré,46.0
9315,2025-03-19 14:00:00,Accueil,20.52,9.15,38.4,11,ouvré,10.98
3771,2025-02-01 10:00:00,Bureau_Nord,-999,1.79,46.8,0,weekend,11.587
9875,2025-03-24 06:00:00,accueil ,21.9,2.81,42.9,4,ouvré,9.979
6659,2025-02-25 11:00:00,Salle Serveur,21.18,6.01,49.2,0,ouvré,47.095
9427,2025-03-20 13:00:00,Bureau_Sud,21.36,8.18,43.7,3,ouvré,18.514
10682,2025-03-31 00:00:00,bureau sud,21.54,3.55,46.8,9,ouvré,683.818
9827,2025-03-23 21:00:00,bureau sud,20.2,5.9,50.4,0,weekend,7.972
2991,2025-01-25 22:00:00,Bureau_Nord,20.55,0.69,46.9,0,weekend,10.199
3666,2025-01-31 13:00:00,BUREAU NORD,-999,6.39,34.7,6,ouvré,17.381
6355,2025-02-22 22:00:00,Accueil,20.97,3.49,46.6,0,weekend,7.847
1048,2025-01-09 17:00:00,Atelier,21.17,6.21,36.1,7,ouvré,23.533
4806,2025-02-10 01:00:00,bureau_nord,21.35,-0.91,,6,ouvré,12.746
7537,2025-03-04 19:00:00,bureau sud,21.53,7.01,,,,12.463
8779,2025-03-15 03:00:00,Salle Serveur,20.18,1.55,54.2,0,weekend,47.121
1982,2025-01-17 12:00:00,bureau sud,21.96,3.2,,0,ouvré,
3860,2025-02-02 03:00:00,Accueil,20.96,-1.87,38.1,0,weekend,11.754
3489,2025-01-30 01:00:00,Salle Serveur,20.64,-3.74,46.8,0,ouvré,50.021
5803,2025-02-18 08:00:00,Atelier,22.17,3.37,48.1,0,ouvré,21.042
10602,2025-03-30 08:00:00,bureau sud,21.49,7.9,42.3,0,weekend,8.378
10363,2025-03-28 08:00:00,Atelier,20.59,6.06,42.6,8,ouvré,19.798
10679,2025-03-30 23:00:00,Salle Serveur,19.46,4.89,39.2,0,weekend,47.627
4855,2025-02-10 10:00:00,accueil ,20.07,3.27,36.7,17,ouvré,12.91
761,2025-01-07 08:00:00,BUREAU NORD,21.68,0.21,38.3,3,ouvré,13.482
9466,2025-03-20 21:00:00,bureau_nord,21.57,5.72,51.7,12,ouvré,10.596
4956,2025-02-11 07:00:00,BUREAU NORD,21.9,-0.42,54.8,9,ouvré,12.193
10128,2025-03-26 09:00:00,Atelier,22.18,7.67,39.3,7,ouvré,24.241
526,2025-01-05 09:00:00,Bureau_Nord,19.85,3.38,32.4,0,weekend,10.995
5450,2025-02-15 09:00:00,Accueil,21.83,1.82,48.8,0,weekend,8.254
6769,2025-02-26 09:00:00,Salle Serveur,21.4,3.96,46.8,,ouvré,45.224
971,2025-01-09 02:00:00,BUREAU NORD,20.66,-3.42,54.2,7,ouvré,11.701
4436,2025-02-06 23:00:00,bureau_nord,20.85,0.95,53.9,11,ouvré,9.528
7065,2025-02-28 20:00:00,accueil ,20.76,6.48,43.9,3,ouvré,7.401
3997,2025-02-03 07:00:00,bureau sud,23.1,1.94,47.4,14,ouvré,14.464
1771,2025-01-15 18:00:00,bureau_nord,20.81,2.99,,7,ouvré,12.538
1145,2025-01-10 12:00:00,Accueil,21.18,5.17,43.7,7,ouvré,13.983
7039,2025-02-28 15:00:00,Salle Serveur,21.04,7.72,41.1,0,ouvré,44.568
10207,2025-03-27 01:00:00,Bureau_Sud,21.39,2.38,44.7,12,ouvré,9.047
782,2025-01-07 12:00:00,Bureau_Sud,-999,5.32,44.9,5,ouvré,18.502
6685,2025-02-25 16:00:00,Accueil,21.33,7.84,46.1,7,ouvré,10.729
2017,2025-01-17 19:00:00,bureau sud,20.91,5.55,47.7,4,ouvré,10.751
10389,2025-03-28 13:00:00,Salle Serveur,20.15,12.12,45.5,0,ouvré,43.402
3326,2025-01-28 17:00:00,Bureau_Nord,22.39,4.1,37.5,11,ouvré,14.332
8852,2025-03-15 18:00:00,bureau sud,21.55,10.2,43.8,0,weekend,5.927
7331,2025-03-03 02:00:00,Bureau_Nord,20.31,2.22,47.5,6,ouvré,9.459
5595,2025-02-16 14:00:00,Accueil,19.96,8.9,48.3,0,weekend,5.375
7014,2025-02-28 10:00:00,Salle Serveur,21.48,5.75,46.7,0,ouvré,45.361
5798,2025-02-18 07:00:00,Atelier,20.97,1.76,41.5,14,ouvré,17.758
479,2025-01-04 23:00:00,Salle_Serveur,20.25,0.97,47.0,0,weekend,47.831
587,2025-01-05 21:00:00,bureau sud,22.5,-0.56,52.5,0,weekend,12.723
2694,2025-01-23 10:00:00,Salle_Serveur,20.87,5.36,47.5,0,ouvré,45.915
9048,2025-03-17 09:00:00,Atelier,21.64,5.87,41.7,7,ouvré,22.97
10418,2025-03-28 19:00:00,Atelier,21.86,8.68,44.9,13,ouvré,15.747
2303,2025-01-20 04:00:00,atelier,21.05,-1.2,43.1,8,ouvré,14.604
1858,2025-01-16 11:00:00,atelier,20.86,3.98,50.6,10,ouvré,31.416
2865,2025-01-24 20:00:00,accueil ,21.78,4.78,40.3,2,ouvré,8.835
9750,2025-03-23 05:00:00,Accueil,20.26,4.12,46.8,0,weekend,7.421
1607,2025-01-14 09:00:00,Bureau_Sud,20.5,1.38,34.2,10,ouvré,15.139
1204,2025-01-11 00:00:00,Salle Serveur,20.11,0.83,31.5,0,weekend,48.618
494,2025-01-05 02:00:00,Salle_Serveur,20.19,-1.71,39.9,0,weekend,47.866
90,2025-01-01 17:00:00,accueil ,20.95,4.62,47.4,7,férié,11.778
3805,2025-02-01 16:00:00,Accueil,21.18,4.89,55.0,0,weekend,9.248
8478,2025-03-12 15:00:00,atelier,22.85,8.06,,5,ouvré,29.103
3094,2025-01-26 18:00:00,Salle_Serveur,20.48,5.87,,0,weekend,46.031
2647,2025-01-23 01:00:00,Bureau_Sud,21.27,-0.94,39.1,11,ouvré,11.43
3552,2025-01-30 14:00:00,Bureau_Sud,21.11,3.51,44.1,1,ouvré,20.986
5572,2025-02-16 10:00:00,bureau sud,20.39,5.18,41.4,0,weekend,9.589
9361,2025-03-20 00:00:00,Bureau_Nord,20.99,4.0,42.8,8,ouvré,8.127
4913,2025-02-10 22:00:00,atelier,19.67,0.65,55.1,11,ouvré,14.646
6440,2025-02-23 15:00:00,Accueil,20.96,8.15,35.6,0,weekend,5.696
8580,2025-03-13 11:00:00,Accueil,21.38,8.49,35.2,2,ouvré,12.364
8,2025-01-01 01:00:00,Atelier,21.53,-1.52,37.7,11,férié,13.57
5018,2025-02-11 19:00:00,Atelier,20.71,5.13,45.8,10,ouvré,16.436
9022,2025-03-17 04:00:00,Bureau_Sud,20.78,1.23,39.6,9,ouvré,13.839
9358,2025-03-19 23:00:00,Atelier,22.3,4.0,45.9,8,ouvré,13.394
4912,2025-02-10 22:00:00,Bureau_Sud,21.84,0.65,55.2,7,ouvré,12.147
6578,2025-02-24 19:00:00,atelier,21.87,6.75,41.7,9,ouvré,16.245
7088,2025-03-01 01:00:00,Atelier,20.2,2.86,41.3,0,weekend,12.674
7979,2025-03-08 11:00:00,Salle Serveur,-999,6.15,43.1,0,weekend,45.854
9323,2025-03-19 16:00:00,atelier,20.46,9.64,54.3,7,ouvré,23.889
3329,2025-01-28 17:00:00,Salle Serveur,20.85,4.1,48.1,0,ouvré,45.27
8731,2025-03-14 18:00:00,Bureau_Nord,21.39,9.23,53.1,12,ouvré,9.887
4274,2025-02-05 14:00:00,Salle_Serveur,,6.89,47.7,0,ouvré,619.185
2660,2025-01-23 03:00:00,Accueil,21.42,-2.73,30.3,4,ouvré,11.14
8410,2025-03-12 01:00:00,accueil ,20.88,2.07,36.1,5,ouvré,9.716
9168,2025-03-18 09:00:00,Atelier,19.77,5.75,26.3,0,ouvré,22.702
5821,2025-02-18 12:00:00,bureau_nord,21.83,7.14,46.1,9,ouvré,17.224
4618,2025-02-08 11:00:00,atelier,22.38,3.46,44.5,0,weekend,13.582
6820,2025-02-26 19:00:00,Accueil,20.99,6.95,54.7,4,ouvré,7.529
5183,2025-02-13 04:00:00,Atelier,21.65,-1.74,50.3,8,ouvré,15.444
6971,2025-02-28 02:00:00,bureau_nord,21.14,0.35,48.9,12,ouvré,10.121
6160,2025-02-21 07:00:00,Accueil,,0.9,40.5,,ouvré,9.605
1821,2025-01-16 04:00:00,Bureau_Nord,20.64,-1.63,36.3,10,ouvré,12.148
7625,2025-03-05 12:00:00,accueil ,19.7,8.85,44.0,11,ouvré,13.222
9083,2025-03-17 16:00:00,Atelier,21.57,9.27,40.8,6,ouvré,25.629
4473,2025-02-07 06:00:00,atelier,20.82,-0.01,50.8,1,ouvré,18.086
8226,2025-03-10 13:00:00,BUREAU NORD,21.53,9.06,39.9,1,ouvré,14.513
1979,2025-01-17 11:00:00,Salle Serveur,21.92,4.59,50.9,0,ouvré,45.852
2127,2025-01-18 17:00:00,bureau sud,20.7,5.33,43.2,0,weekend,9.22
3769,2025-02-01 09:00:00,Salle Serveur,21.33,3.28,30.0,0,weekend,46.15
5047,2025-02-12 01:00:00,bureau sud,21.18,-1.21,54.6,7,ouvré,11.15
878,2025-01-08 07:00:00,atelier,20.02,1.81,50.5,14,ouvré,19.103
2587,2025-01-22 13:00:00,bureau sud,20.4,4.97,38.0,12,ouvré,19.199
7896,2025-03-07 19:00:00,Bureau_Nord,22.25,8.69,34.8,12,ouvré,9.447
7759,2025-03-06 15:00:00,Salle Serveur,19.72,10.79,47.1,0,ouvré,43.681
8140,2025-03-09 19:00:00,accueil ,20.91,7.97,42.1,0,weekend,6.213
3198,2025-01-27 15:00:00,Atelier,21.35,6.27,43.7,3,ouvré,30.206
8132,2025-03-09 18:00:00,bureau sud,19.21,7.54,43.0,0,weekend,8.253
6856,2025-02-27 03:00:00,Bureau_Nord,21.33,0.55,51.4,7,ouvré,9.242
2021,2025-01-17 20:00:00,BUREAU NORD,20.79,4.35,44.2,4,ouvré,10.842
5833,2025-02-18 14:00:00,Atelier,21.54,8.48,50.3,13,ouvré,30.457
5747,2025-02-17 21:00:00,Bureau_Sud,19.35,3.29,46.6,9,ouvré,9.989
8659,2025-03-14 03:00:00,Salle Serveur,21.37,1.51,56.4,0,ouvré,49.048
8941,2025-03-16 12:00:00,Bureau_Nord,20.95,9.74,,0,weekend,7.197
4520,2025-02-07 15:00:00,Accueil,21.17,5.79,43.7,5,ouvré,12.256
3005,2025-01-26 00:00:00,Accueil,21.82,0.52,46.2,0,weekend,11.252
4010,2025-02-03 09:00:00,accueil ,21.77,1.36,50.3,4,ouvré,12.41
10017,2025-03-25 11:00:00,Bureau_Sud,20.19,7.65,44.4,6,ouvré,15.974
10287,2025-03-27 17:00:00,bureau sud,21.63,11.31,43.0,7,ouvré,12.405
4398,2025-02-06 15:00:00,Atelier,21.14,7.62,55.9,11,ouvré,30.041
6107,2025-02-20 21:00:00,Bureau_Sud,20.46,4.31,41.9,4,ouvré,9.806
6693,2025-02-25 18:00:00,Atelier,21.05,7.6,43.2,8,ouvré,18.679
1134,2025-01-10 10:00:00,Salle_Serveur,21.35,3.48,53.5,0,ouvré,480.792
3710,2025-01-31 21:00:00,Accueil,21.53,2.26,52.6,8,ouvré,9.581
3126,2025-01-27 01:00:00,Bureau_Nord,19.83,0.2,39.6,9,ouvré,9.867
3863,2025-02-02 04:00:00,Atelier,21.03,-1.07,37.7,0,weekend,15.327
9643,2025-03-22 08:00:00,Atelier,21.29,5.75,43.8,0,weekend,12.758
5920,2025-02-19 07:00:00,Accueil,21.09,0.5,47.4,9,ouvré,10.981
5398,2025-02-14 23:00:00,atelier,20.33,-0.29,49.9,1,ouvré,13.325
3416,2025-01-29 11:00:00,BUREAU NORD,22.21,3.34,45.9,8,ouvré,15.613
10224,2025-03-27 04:00:00,Salle_Serveur,20.78,1.14,35.9,,ouvré,47.209
2653,2025-01-23 02:00:00,Atelier,20.67,-1.72,57.7,1,ouvré,14.919
3339,2025-01-28 19:00:00,Salle Serveur,20.16,5.4,48.1,0,ouvré,45.452
5574,2025-02-16 10:00:00,Salle_Serveur,21.15,5.18,46.2,0,weekend,46.126
3156,2025-01-27 07:00:00,BUREAU NORD,21.09,-1.67,51.3,11,ouvré,12.028
5779,2025-02-18 03:00:00,Salle_Serveur,21.44,-1.71,34.8,0,ouvré,49.211
7853,2025-03-07 10:00:00,Atelier,22.72,6.5,53.1,0,ouvré,26.227
401,2025-01-04 08:00:00,bureau_nord,21.94,-0.33,33.5,0,weekend,11.539
10622,2025-03-30 12:00:00,bureau sud,21.92,9.23,48.9,0,weekend,5.761
7989,2025-03-08 13:00:00,Salle_Serveur,22.71,9.08,49.7,,weekend,43.161
4857,2025-02-10 11:00:00,Bureau_Sud,21.45,5.54,49.7,6,ouvré,18.51
6271,2025-02-22 06:00:00,BUREAU NORD,21.14,-0.02,29.2,0,weekend,11.845
1021,2025-01-09 12:00:00,Bureau_Nord,20.81,3.04,42.8,6,ouvré,18.209
3572,2025-01-30 18:00:00,Bureau_Sud,22.44,4.53,53.2,14,ouvré,13.701
1956,2025-01-17 07:00:00,BUREAU NORD,21.48,0.2,42.8,0,ouvré,14.662
7603,2025-03-05 08:00:00,atelier,20.96,4.51,55.0,,ouvré,19.589
9069,2025-03-17 13:00:00,Salle Serveur,20.23,7.7,53.2,0,ouvré,44.605
4404,2025-02-06 16:00:00,Salle_Serveur,21.34,6.56,39.8,0,ouvré,45.476
2645,2025-01-23 00:00:00,accueil ,20.16,-0.91,36.1,8,ouvré,9.861
5245,2025-02-13 16:00:00,Accueil,20.58,9.07,39.0,12,ouvré,9.451
2687,2025-01-23 09:00:00,Bureau_Sud,21.11,2.68,47.8,6,ouvré,16.025
4807,2025-02-10 01:00:00,bureau sud,21.16,-0.91,41.6,,ouvré,11.681
4452,2025-02-07 02:00:00,Bureau_Sud,20.21,-2.96,43.5,4,ouvré,11.785
10543,2025-03-29 20:00:00,atelier,21.24,7.77,49.2,0,weekend,10.891
10403,2025-03-28 16:00:00,atelier,20.24,11.57,45.7,,ouvré,24.904
9981,2025-03-25 04:00:00,BUREAU NORD,20.45,3.93,47.1,6,ouvré,10.361
1069,2025-01-09 21:00:00,Salle Serveur,20.53,2.39,39.4,0,ouvré,48.227
6976,2025-02-28 03:00:00,BUREAU NORD,22.29,2.86,49.0,3,ouvré,9.393
9418,2025-03-20 11:00:00,atelier,21.64,7.81,49.9,10,ouvré,30.546
410,2025-01-04 09:00:00,Accueil,20.21,3.25,44.8,0,weekend,7.13
3912,2025-02-02 14:00:00,Bureau_Sud,20.72,4.79,58.2,,weekend,7.776
2963,2025-01-25 16:00:00,Atelier,20.86,5.03,47.4,0,weekend,14.755
9321,2025-03-19 16:00:00,Bureau_Nord,21.1,9.64,46.8,9,ouvré,13.202
6173,2025-02-21 10:00:00,atelier,20.4,4.29,48.2,6,ouvré,28.394
1901,2025-01-16 20:00:00,bureau_nord,20.47,2.14,58.2,10,ouvré,9.072
5591,2025-02-16 14:00:00,BUREAU NORD,20.32,8.9,41.4,0,weekend,6.68
4558,2025-02-07 23:00:00,atelier,22.35,-0.58,,10,ouvré,14.532
9754,2025-03-23 06:00:00,Salle Serveur,22.17,3.7,46.8,0,weekend,47.47
773,2025-01-07 10:00:00,atelier,21.84,1.55,48.6,9,ouvré,29.033
8086,2025-03-09 09:00:00,Bureau_Nord,21.05,7.99,57.9,0,weekend,8.104
310,2025-01-03 13:00:00,accueil ,19.92,4.2,56.8,14,ouvré,13.142
1883,2025-01-16 16:00:00,atelier,20.9,8.27,38.4,10,ouvré,26.265
8479,2025-03-12 15:00:00,Salle_Serveur,21.16,8.06,42.9,0,ouvré,43.934
6363,2025-02-23 00:00:00,atelier,20.84,0.14,43.9,0,weekend,14.428
9256,2025-03-19 03:00:00,bureau_nord,,2.83,55.1,5,ouvré,8.819
5652,2025-02-17 02:00:00,Bureau_Sud,20.56,0.02,41.5,4,ouvré,12.828
1456,2025-01-13 03:00:00,bureau_nord,20.01,-2.27,44.0,9,ouvré,12.776
6866,2025-02-27 05:00:00,Bureau_Nord,20.47,1.22,53.0,10,ouvré,11.163
1475,2025-01-13 06:00:00,accueil ,20.16,-0.29,42.9,7,ouvré,11.793
3302,2025-01-28 12:00:00,bureau sud,21.9,5.88,42.1,4,ouvré,18.682
6905,2025-02-27 12:00:00,accueil ,21.39,8.63,39.8,8,ouvré,12.312
4669,2025-02-08 21:00:00,Salle_Serveur,21.09,2.23,45.5,0,weekend,46.827
4186,2025-02-04 21:00:00,Bureau_Nord,20.12,2.58,34.6,10,ouvré,9.707
4628,2025-02-08 13:00:00,atelier,20.43,5.91,50.4,0,weekend,13.066
9766,2025-03-23 09:00:00,Bureau_Nord,22.01,5.68,37.1,0,weekend,8.443
2477,2025-01-21 15:00:00,bureau sud,21.03,5.26,40.7,19,ouvré,20.022
6998,2025-02-28 07:00:00,Atelier,,2.63,51.7,10,ouvré,18.977
10046,2025-03-25 17:00:00,BUREAU NORD,-999,11.41,42.8,5,ouvré,
190,2025-01-02 13:00:00,accueil ,20.32,4.06,38.2,1,ouvré,14.584
1835,2025-01-16 06:00:00,Accueil,21.76,-1.03,35.6,9,ouvré,9.92
10050,2025-03-25 17:00:00,Accueil,20.91,11.41,42.0,7,ouvré,7.845
7727,2025-03-06 09:00:00,bureau sud,19.96,6.25,57.8,8,ouvré,14.365
4512,2025-02-07 14:00:00,bureau sud,20.93,5.78,42.5,6,ouvré,19.363
2120,2025-01-18 15:00:00,Accueil,21.55,5.08,37.5,0,weekend,7.229
3111,2025-01-26 22:00:00,BUREAU NORD,21.58,-0.16,50.7,0,weekend,10.82
6039,2025-02-20 07:00:00,Salle Serveur,22.01,0.56,43.6,0,ouvré,46.616
3682,2025-01-31 16:00:00,bureau sud,-999,7.43,42.2,10,ouvré,15.247
7125,2025-03-01 08:00:00,accueil ,20.51,2.1,42.0,0,weekend,9.386
10758,2025-03-31 15:00:00,atelier,20.75,10.5,40.7,15,ouvré,29.943
5102,2025-02-12 12:00:00,Bureau_Sud,20.19,3.5,41.7,5,ouvré,19.802
8380,2025-03-11 19:00:00,Accueil,21.14,6.3,44.5,,ouvré,8.265
9282,2025-03-19 08:00:00,Bureau_Sud,21.01,4.87,47.2,14,ouvré,13.943
5417,2025-02-15 03:00:00,Bureau_Sud,19.92,-2.31,42.3,0,weekend,11.785
8167,2025-03-10 01:00:00,bureau sud,20.77,2.41,47.6,12,ouvré,9.098
8125,2025-03-09 16:00:00,Accueil,21.22,10.21,41.6,0,weekend,4.776
8063,2025-03-09 04:00:00,atelier,21.73,0.41,45.1,0,weekend,14.005
4111,2025-02-04 06:00:00,Bureau_Nord,20.68,0.02,37.5,8,ouvré,11.289
5550,2025-02-16 05:00:00,accueil ,21.34,-0.91,53.6,0,weekend,10.886
10724,2025-03-31 08:00:00,Salle_Serveur,21.2,6.26,59.1,0,ouvré,45.14
7350,2025-03-03 05:00:00,Accueil,20.98,0.84,41.4,7,ouvré,10.774
183,2025-01-02 12:00:00,atelier,20.82,6.15,47.2,5,ouvré,32.954
6503,2025-02-24 04:00:00,Atelier,20.71,2.18,60.6,8,ouvré,13.673
4710,2025-02-09 05:00:00,accueil ,20.94,-0.05,48.0,0,weekend,9.587
7101,2025-03-01 04:00:00,BUREAU NORD,21.99,-0.9,59.7,0,weekend,12.537
4430,2025-02-06 21:00:00,Accueil,21.8,3.66,41.4,5,ouvré,8.727
8969,2025-03-16 17:00:00,Salle Serveur,20.68,9.26,48.6,0,weekend,43.61
3988,2025-02-03 05:00:00,Atelier,20.09,-0.49,41.8,9,ouvré,15.816
5327,2025-02-14 09:00:00,Bureau_Sud,20.3,2.75,47.2,9,ouvré,14.892
4481,2025-02-07 08:00:00,Bureau_Nord,21.77,1.88,44.9,8,ouvré,13.215
7424,2025-03-03 20:00:00,Salle_Serveur,22.44,6.32,48.4,0,ouvré,45.263
23,2025-01-01 04:00:00,Atelier,18.9,-2.25,42.2,7,férié,14.487
1573,2025-01-14 02:00:00,Atelier,19.02,-0.85,47.9,5,ouvré,14.193
7270,2025-03-02 13:00:00,Accueil,,7.05,50.0,0,weekend,6.798
1695,2025-01-15 02:00:00,Accueil,20.62,-3.19,44.3,4,ouvré,11.985
2495,2025-01-21 18:00:00,accueil ,20.51,4.52,52.7,11,ouvré,9.614
153,2025-01-02 06:00:00,atelier,22.38,0.38,42.1,8,ouvré,17.453
1042,2025-01-09 16:00:00,Bureau_Sud,22.69,5.65,,5,ouvré,15.56
5429,2025-02-15 05:00:00,Salle_Serveur,20.85,-0.87,41.4,0,weekend,47.676
5941,2025-02-19 12:00:00,Bureau_Nord,20.54,6.95,44.7,5,ouvré,17.087
8295,2025-03-11 02:00:00,Accueil,20.34,-1.08,40.7,4,ouvré,8.689
6112,2025-02-20 22:00:00,bureau sud,20.88,5.57,31.6,8,ouvré,8.329
2871,2025-01-24 22:00:00,BUREAU NORD,21.99,-1.27,40.6,2,ouvré,11.399
680,2025-01-06 15:00:00,accueil ,20.46,4.73,46.1,6,ouvré,14.092
6412,2025-02-23 10:00:00,bureau sud,19.9,6.3,42.5,0,weekend,9.147
8791,2025-03-15 06:00:00,Bureau_Nord,21.44,1.3,,0,weekend,9.207
3362,2025-01-29 00:00:00,Bureau_Sud,21.24,-3.47,44.1,12,ouvré,10.983
10492,2025-03-29 10:00:00,bureau sud,21.42,8.19,51.3,0,weekend,6.259
8654,2025-03-14 02:00:00,Salle_Serveur,20.48,-1.86,50.3,0,ouvré,48.214
4608,2025-02-08 09:00:00,atelier,21.28,2.31,53.1,0,weekend,15.335
9831,2025-03-23 22:00:00,BUREAU NORD,21.6,6.09,51.8,0,weekend,8.439
5876,2025-02-18 23:00:00,Bureau_Nord,21.28,1.19,47.4,15,ouvré,9.313
1990,2025-01-17 13:00:00,accueil ,21.19,3.3,42.3,7,ouvré,14.622
5491,2025-02-15 18:00:00,Bureau_Nord,22.31,5.95,42.9,0,weekend,9.045
4101,2025-02-04 04:00:00,Bureau_Nord,21.23,-1.27,55.2,5,ouvré,10.809
4279,2025-02-05 15:00:00,Salle_Serveur,20.38,5.98,37.3,0,ouvré,46.486
7546,2025-03-04 21:00:00,bureau_nord,19.71,6.47,47.5,11,ouvré,9.757
2008,2025-01-17 17:00:00,Atelier,20.71,8.95,38.1,0,ouvré,20.884
10731,2025-03-31 10:00:00,bureau_nord,19.46,10.03,44.9,7,ouvré,12.441
1116,2025-01-10 07:00:00,Bureau_Nord,21.78,-0.45,,2,ouvré,13.626
5053,2025-02-12 02:00:00,atelier,21.81,-1.39,38.3,1,ouvré,13.196
5287,2025-02-14 01:00:00,bureau sud,20.53,-0.01,39.2,4,ouvré,11.302
3084,2025-01-26 16:00:00,Salle_Serveur,21.15,5.76,59.0,0,weekend,43.396
9004,2025-03-17 00:00:00,Salle Serveur,19.8,2.47,37.5,0,ouvré,48.262
4029,2025-02-03 13:00:00,Salle Serveur,20.65,4.92,57.3,0,ouvré,46.792
6113,2025-02-20 22:00:00,atelier,22.82,5.57,40.0,4,ouvré,13.019
10110,2025-03-26 05:00:00,Accueil,21.13,5.46,,10,ouvré,8.669
6034,2025-02-20 06:00:00,Salle Serveur,21.08,-0.18,48.0,0,ouvré,47.895
7578,2025-03-05 03:00:00,atelier,20.56,1.81,,8,ouvré,15.562
565,2025-01-05 16:00:00,accueil ,20.54,5.51,34.6,0,weekend,7.394
7484,2025-03-04 08:00:00,Salle_Serveur,21.62,4.65,49.8,0,ouvré,44.916
9857,2025-03-24 03:00:00,bureau sud,20.74,1.2,38.3,7,ouvré,9.761
2577,2025-01-22 11:00:00,bureau sud,19.96,4.48,34.4,13,ouvré,17.989
4616,2025-02-08 11:00:00,Bureau_Nord,22.36,3.46,42.7,0,weekend,8.811
6995,2025-02-28 06:00:00,accueil ,-999,2.75,46.6,3,ouvré,9.311
7519,2025-03-04 15:00:00,Salle Serveur,20.99,9.7,42.6,0,ouvré,44.896
7933,2025-03-08 02:00:00,atelier,20.33,2.52,47.8,0,weekend,15.603
231,2025-01-02 22:00:00,Bureau_Nord,21.0,-1.11,45.8,6,ouvré,11.596
113,2025-01-01 22:00:00,Atelier,19.8,3.6,34.1,9,férié,12.41
369,2025-01-04 01:00:00,Salle Serveur,20.62,-1.4,48.1,0,weekend,49.72
8936,2025-03-16 11:00:00,Bureau_Nord,20.59,9.77,40.4,0,weekend,6.385
9151,2025-03-18 06:00:00,BUREAU NORD,20.93,3.63,43.3,0,ouvré,
10361,2025-03-28 08:00:00,Bureau_Nord,20.99,6.06,44.3,9,ouvré,10.828
8315,2025-03-11 06:00:00,Accueil,,1.18,47.8,9,ouvré,10.73
10423,2025-03-28 20:00:00,Atelier,22.15,7.86,49.5,9,ouvré,13.166
2306,2025-01-20 05:00:00,Bureau_Nord,20.38,-1.1,41.8,14,ouvré,12.15
4959,2025-02-11 07:00:00,Salle Serveur,20.36,-0.42,,0,ouvré,50.019
670,2025-01-06 13:00:00,Accueil,21.75,5.41,55.9,8,ouvré,13.961
3447,2025-01-29 17:00:00,bureau sud,22.18,4.26,44.7,2,ouvré,15.15
1194,2025-01-10 22:00:00,Salle Serveur,20.61,0.35,48.1,,ouvré,48.71
7559,2025-03-04 23:00:00,Salle_Serveur,21.07,3.01,,0,ouvré,45.94
7380,2025-03-03 11:00:00,accueil ,20.87,8.1,285.1,5,ouvré,10.385
2943,2025-01-25 12:00:00,atelier,20.55,3.23,41.6,,weekend,14.407
7732,2025-03-06 10:00:00,Bureau_Sud,21.99,4.59,34.8,5,ouvré,17.161
8512,2025-03-12 22:00:00,Bureau_Sud,22.32,5.6,42.8,8,ouvré,9.337
2338,2025-01-20 11:00:00,atelier,21.67,3.53,43.2,8,ouvré,32.486
7581,2025-03-05 04:00:00,bureau_nord,21.63,-0.68,49.2,4,ouvré,10.081
3775,2025-02-01 10:00:00,Accueil,21.56,1.79,43.6,0,weekend,10.312
1306,2025-01-11 21:00:00,Bureau_Nord,19.85,0.47,44.5,0,weekend,11.625
9405,2025-03-20 08:00:00,Accueil,21.44,4.93,30.9,4,ouvré,9.695
7894,2025-03-07 18:00:00,Salle Serveur,20.24,8.49,42.6,0,ouvré,43.858
880,2025-01-08 07:00:00,Accueil,19.28,1.81,39.9,7,ouvré,10.668
3765,2025-02-01 08:00:00,Accueil,20.88,0.61,,0,weekend,11.552
10793,2025-03-31 22:00:00,atelier,20.34,8.14,,11,ouvré,12.0
8457,2025-03-12 11:00:00,Bureau_Sud,20.11,7.46,30.1,10,ouvré,16.821
6402,2025-02-23 08:00:00,Bureau_Sud,22.28,2.98,40.0,0,weekend,
1481,2025-01-13 08:00:00,Bureau_Nord,20.85,0.4,41.3,7,ouvré,13.123
4062,2025-02-03 20:00:00,bureau sud,21.32,3.02,40.6,12,ouvré,11.922
5399,2025-02-14 23:00:00,Salle_Serveur,22.27,-0.29,49.5,0,ouvré,48.559
1090,2025-01-10 01:00:00,Accueil,20.85,-1.76,37.4,12,ouvré,10.901
4182,2025-02-04 20:00:00,Bureau_Sud,21.59,4.4,44.2,6,ouvré,9.619
9394,2025-03-20 06:00:00,Salle_Serveur,20.19,4.61,39.0,0,ouvré,46.396
2001,2025-01-17 16:00:00,bureau_nord,21.37,4.74,43.8,8,ouvré,13.049
9017,2025-03-17 03:00:00,Bureau_Sud,21.48,-0.05,52.7,13,ouvré,10.799
4979,2025-02-11 11:00:00,Salle Serveur,21.76,3.48,48.8,0,ouvré,46.091
1420,2025-01-12 19:00:00,Accueil,20.89,3.32,281.9,0,weekend,8.922
307,2025-01-03 13:00:00,Bureau_Sud,20.06,4.2,46.5,13,ouvré,21.431
10385,2025-03-28 12:00:00,accueil ,,10.66,38.2,7,ouvré,10.081
3384,2025-01-29 04:00:00,Salle Serveur,21.37,-1.13,40.6,0,ouvré,48.717
218,2025-01-02 19:00:00,Atelier,20.4,2.16,51.2,10,ouvré,18.818
3383,2025-01-29 04:00:00,atelier,19.46,-1.13,45.7,4,ouvré,15.097
272,2025-01-03 06:00:00,bureau sud,21.07,-0.58,35.8,6,ouvré,12.432
1598,2025-01-14 07:00:00,atelier,,-0.34,44.9,13,ouvré,20.405
2655,2025-01-23 02:00:00,Accueil,20.44,-1.72,49.0,5,ouvré,11.184
9897,2025-03-24 11:00:00,Bureau_Sud,21.66,10.02,44.7,10,ouvré,17.31
2714,2025-01-23 14:00:00,Salle_Serveur,20.0,5.84,52.7,0,ouvré,44.405
621,2025-01-06 04:00:00,Bureau_Nord,21.11,-0.41,40.9,12,ouvré,11.396
1299,2025-01-11 19:00:00,Salle_Serveur,21.25,3.7,50.8,0,weekend,45.736
4792,2025-02-09 22:00:00,bureau sud,21.4,1.3,46.2,0,weekend,11.416
2375,2025-01-20 18:00:00,Accueil,21.06,5.51,40.9,6,ouvré,10.619
2476,2025-01-21 15:00:00,bureau_nord,20.57,5.26,46.6,5,ouvré,14.619
877,2025-01-08 07:00:00,Bureau_Sud,20.74,1.81,34.7,6,ouvré,13.99
8152,2025-03-09 22:00:00,Bureau_Sud,,3.34,53.1,0,weekend,8.679
2964,2025-01-25 16:00:00,Salle_Serveur,21.22,5.03,36.5,0,weekend,43.86
10441,2025-03-29 00:00:00,bureau_nord,23.15,3.13,43.6,0,weekend,9.134
6329,2025-02-22 17:00:00,Salle Serveur,21.34,5.42,51.2,0,weekend,568.369
1514,2025-01-13 14:00:00,Salle_Serveur,21.51,5.96,48.7,0,ouvré,44.868
8015,2025-03-08 18:00:00,accueil ,21.03,6.86,34.9,0,weekend,7.881
9067,2025-03-17 13:00:00,bureau sud,21.56,7.7,32.5,8,ouvré,21.635
8919,2025-03-16 07:00:00,Salle Serveur,20.27,5.96,53.6,0,weekend,44.112
10262,2025-03-27 12:00:00,Bureau_Sud,19.95,7.85,30.1,6,ouvré,18.164
2967,2025-01-25 17:00:00,bureau sud,20.76,5.23,46.2,0,weekend,9.659
839,2025-01-07 23:00:00,Salle Serveur,20.14,0.15,42.5,0,ouvré,47.947
7867,2025-03-07 13:00:00,Bureau_Sud,21.52,8.51,42.0,12,ouvré,17.744
3735,2025-02-01 02:00:00,accueil ,20.64,-1.78,40.9,0,weekend,11.517
1408,2025-01-12 17:00:00,atelier,19.47,5.27,41.4,0,weekend,14.287
2350,2025-01-20 13:00:00,Accueil,21.09,5.51,42.3,11,ouvré,12.378
7169,2025-03-01 17:00:00,Salle_Serveur,21.72,7.22,49.8,,weekend,44.854
1139,2025-01-10 11:00:00,Salle_Serveur,21.1,2.83,37.0,,ouvré,47.219
9369,2025-03-20 01:00:00,Salle_Serveur,,3.75,41.0,0,ouvré,47.094
7053,2025-02-28 18:00:00,Atelier,21.25,6.48,52.7,9,ouvré,18.199
4290,2025-02-05 17:00:00,accueil ,20.68,5.25,32.8,6,ouvré,11.084
31,2025-01-01 06:00:00,Bureau_Nord,21.39,0.02,40.8,12,férié,12.028
2575,2025-01-22 10:00:00,Accueil,21.41,3.35,45.5,8,ouvré,13.552
7856,2025-03-07 11:00:00,bureau_nord,19.93,6.28,45.4,5,ouvré,15.727
3062,2025-01-26 12:00:00,Bureau_Sud,21.02,4.59,47.6,0,weekend,9.081
8070,2025-03-09 05:00:00,accueil ,20.95,1.89,51.4,0,weekend,9.361
422,2025-01-04 12:00:00,Bureau_Sud,23.0,5.9,44.1,0,weekend,7.244
7835,2025-03-07 06:00:00,Accueil,22.0,-0.09,45.3,10,ouvré,11.513
9099,2025-03-17 19:00:00,Salle_Serveur,20.92,7.1,49.4,0,ouvré,44.418
3061,2025-01-26 12:00:00,Bureau_Nord,19.62,4.59,37.1,0,weekend,8.696
6129,2025-02-21 01:00:00,Salle_Serveur,20.29,-1.55,48.7,0,ouvré,49.166
5961,2025-02-19 16:00:00,Bureau_Nord,19.87,5.43,46.8,3,,16.455
7059,2025-02-28 19:00:00,Salle Serveur,21.81,4.34,36.1,0,ouvré,46.349
3659,2025-01-31 11:00:00,Salle Serveur,22.03,3.44,44.7,0,ouvré,47.105
970,2025-01-09 01:00:00,accueil ,20.35,1.93,53.6,9,ouvré,9.956
7607,2025-03-05 09:00:00,bureau sud,21.24,3.81,47.8,3,ouvré,15.187
5866,2025-02-18 21:00:00,bureau_nord,19.77,3.61,36.2,0,ouvré,10.523
975,2025-01-09 02:00:00,Accueil,21.29,-3.42,50.8,3,ouvré,11.404
9316,2025-03-19 15:00:00,Bureau_Nord,21.49,11.63,40.0,3,ouvré,14.22
10404,2025-03-28 16:00:00,Salle Serveur,20.83,11.57,56.2,0,ouvré,42.592
10277,2025-03-27 15:00:00,Bureau_Sud,21.77,12.74,37.6,5,ouvré,14.029
3216,2025-01-27 19:00:00,Bureau_Nord,21.18,4.73,43.8,9,ouvré,9.952
7248,2025-03-02 09:00:00,Atelier,19.96,2.86,54.1,0,weekend,12.772
5029,2025-02-11 21:00:00,Salle_Serveur,21.44,3.17,47.6,0,ouvré,46.708
8492,2025-03-12 18:00:00,bureau sud,20.1,8.1,54.2,8,ouvré,11.541
3670,2025-01-31 13:00:00,accueil ,20.48,6.39,47.0,11,ouvré,13.594
5573,2025-02-16 10:00:00,Atelier,21.37,5.18,43.6,0,weekend,477.151
3273,2025-01-28 06:00:00,Atelier,20.35,-1.62,46.1,8,ouvré,16.989
1819,2025-01-16 03:00:00,Salle_Serveur,21.38,-3.23,33.4,0,ouvré,49.339
8101,2025-03-09 12:00:00,Bureau_Nord,20.23,7.82,41.1,0,weekend,8.616
8623,2025-03-13 20:00:00,Atelier,22.44,4.84,40.8,,ouvré,15.527
35,2025-01-01 06:00:00,accueil ,20.72,0.02,46.4,5,férié,11.447
8411,2025-03-12 02:00:00,bureau_nord,20.53,1.73,45.3,8,ouvré,11.038
7404,2025-03-03 16:00:00,Salle Serveur,21.24,10.55,51.0,0,ouvré,43.606
1866,2025-01-16 13:00:00,BUREAU NORD,19.93,4.49,34.9,6,ouvré,18.163
6782,2025-02-26 12:00:00,bureau sud,20.9,7.35,48.4,10,ouvré,19.001
627,2025-01-06 05:00:00,bureau sud,21.13,-2.04,40.8,5,ouvré,12.477
8638,2025-03-13 23:00:00,Atelier,20.96,2.47,44.6,8,ouvré,13.575
909,2025-01-08 13:00:00,Salle_Serveur,19.77,4.26,50.1,0,ouvré,46.192
2866,2025-01-24 21:00:00,Bureau_Nord,20.66,1.04,54.0,2,ouvré,11.801
8385,2025-03-11 20:00:00,Accueil,20.56,6.38,51.5,9,ouvré,8.453
1263,2025-01-11 12:00:00,atelier,21.86,5.73,48.6,0,weekend,14.172
9886,2025-03-24 09:00:00,Bureau_Nord,22.29,7.6,44.1,2,ouvré,12.339
9557,2025-03-21 15:00:00,Bureau_Sud,20.68,10.35,,4,ouvré,15.849
6185,2025-02-21 12:00:00,accueil ,21.25,6.83,42.9,10,ouvré,13.581
5736,2025-02-17 19:00:00,Bureau_Nord,20.19,7.15,47.3,0,ouvré,8.187
8952,2025-03-16 14:00:00,bureau sud,20.87,13.09,35.3,0,weekend,5.664
2793,2025-01-24 06:00:00,atelier,,-1.43,47.0,8,ouvré,17.518
7908,2025-03-07 21:00:00,atelier,21.58,6.86,42.4,0,ouvré,12.141
10737,2025-03-31 11:00:00,Bureau_Sud,20.91,10.73,54.3,15,ouvré,15.342
1219,2025-01-11 03:00:00,Salle_Serveur,21.84,0.19,51.2,0,weekend,47.882
2893,2025-01-25 02:00:00,atelier,20.06,1.12,57.0,0,weekend,14.782
3595,2025-01-30 22:00:00,accueil ,20.73,-0.97,40.4,3,ouvré,10.447
10457,2025-03-29 03:00:00,bureau sud,21.9,1.25,48.6,0,weekend,10.268
1947,2025-01-17 05:00:00,Bureau_Sud,20.94,0.64,48.6,10,ouvré,12.329
9649,2025-03-22 09:00:00,Salle Serveur,19.94,6.17,51.8,0,weekend,45.57
5710,2025-02-17 13:00:00,accueil ,22.73,6.5,45.2,5,ouvré,11.981
2753,2025-01-23 22:00:00,Atelier,20.79,0.37,41.9,14,ouvré,13.856
3083,2025-01-26 16:00:00,atelier,20.9,5.76,49.1,0,weekend,11.394
1080,2025-01-09 23:00:00,accueil ,21.97,0.76,39.3,13,ouvré,8.962
7951,2025-03-08 06:00:00,BUREAU NORD,21.64,3.5,40.2,0,weekend,10.534
4546,2025-02-07 21:00:00,bureau_nord,21.1,-0.49,50.0,0,ouvré,13.523
7421,2025-03-03 20:00:00,Bureau_Nord,,6.32,50.3,13,ouvré,10.303
8040,2025-03-08 23:00:00,accueil ,20.37,2.83,,0,weekend,7.649
864,2025-01-08 04:00:00,Salle Serveur,-999,-0.99,37.3,0,ouvré,48.29
2200,2025-01-19 07:00:00,accueil ,20.65,-2.25,41.6,0,weekend,12.319
2097,2025-01-18 11:00:00,bureau sud,23.17,3.7,44.2,0,weekend,11.664
2897,2025-01-25 03:00:00,Bureau_Sud,,-2.88,47.3,0,weekend,
5663,2025-02-17 04:00:00,atelier,20.2,-1.05,41.1,8,ouvré,15.487
1405,2025-01-12 16:00:00,Accueil,20.49,7.21,44.8,0,weekend,5.631
7080,2025-02-28 23:00:00,Accueil,20.52,3.19,47.7,7,ouvré,9.319
6554,2025-02-24 14:00:00,Salle Serveur,20.66,8.1,,,ouvré,44.213
449,2025-01-04 17:00:00,Salle_Serveur,20.92,6.65,42.6,0,weekend,45.911
4320,2025-02-05 23:00:00,Accueil,21.44,-1.37,47.3,5,ouvré,10.352
4175,2025-02-04 18:00:00,Accueil,20.83,4.85,53.1,13,ouvré,10.326
4446,2025-02-07 01:00:00,Bureau_Nord,21.13,-1.62,38.7,8,ouvré,11.735
2919,2025-01-25 07:00:00,Salle Serveur,20.24,1.88,41.3,0,weekend,46.178
4336,2025-02-06 03:00:00,bureau_nord,21.05,-0.24,44.4,8,ouvré,12.944
2971,2025-01-25 18:00:00,bureau_nord,20.98,4.89,46.0,0,weekend,9.304
2616,2025-01-22 19:00:00,bureau_nord,21.5,2.86,49.1,7,ouvré,12.205
3060,2025-01-26 11:00:00,accueil ,21.29,3.98,43.4,0,weekend,7.347
5799,2025-02-18 07:00:00,Salle_Serveur,22.19,1.76,52.6,0,ouvré,48.324
9052,2025-03-17 10:00:00,Bureau_Sud,20.36,7.72,50.1,6,ouvré,15.78
895,2025-01-08 10:00:00,accueil ,19.64,-0.85,54.7,15,ouvré,13.443
2046,2025-01-18 01:00:00,Bureau_Nord,21.17,-0.22,48.8,0,weekend,12.992
5116,2025-02-12 15:00:00,Bureau_Nord,19.72,6.53,37.2,14,ouvré,14.969
8460,2025-03-12 11:00:00,Accueil,20.16,7.46,37.3,,ouvré,12.006
4070,2025-02-03 21:00:00,accueil ,22.02,2.46,27.7,8,ouvré,9.624
388,2025-01-04 05:00:00,Atelier,21.29,-0.12,34.1,0,weekend,14.82
5495,2025-02-15 18:00:00,Accueil,22.21,5.95,41.3,0,weekend,6.889
8821,2025-03-15 12:00:00,BUREAU NORD,21.82,8.82,45.8,0,weekend,6.124
8367,2025-03-11 17:00:00,Bureau_Sud,21.05,10.9,42.7,2,ouvré,11.335
2566,2025-01-22 09:00:00,bureau_nord,21.11,2.34,34.2,8,ouvré,15.878
1761,2025-01-15 16:00:00,bureau_nord,22.21,4.94,50.2,4,ouvré,16.604
4500,2025-02-07 11:00:00,accueil ,20.08,3.49,46.4,7,ouvré,
3044,2025-01-26 08:00:00,Salle Serveur,20.13,1.87,52.1,0,weekend,46.644
3043,2025-01-26 08:00:00,Atelier,20.19,1.87,57.2,0,weekend,14.499
8050,2025-03-09 01:00:00,accueil ,20.75,2.85,53.0,0,weekend,10.679
6736,2025-02-26 03:00:00,Bureau_Nord,20.82,-2.21,40.2,10,ouvré,12.334
10421,2025-03-28 20:00:00,bureau_nord,20.61,7.86,42.2,13,ouvré,8.684
6449,2025-02-23 17:00:00,Salle_Serveur,21.41,6.3,39.1,0,weekend,44.248
7185,2025-03-01 20:00:00,Accueil,20.23,5.62,40.2,,weekend,7.165
1282,2025-01-11 16:00:00,bureau sud,20.92,4.9,46.3,0,weekend,11.041
1820,2025-01-16 03:00:00,accueil ,20.66,-3.23,50.4,6,ouvré,9.736
3724,2025-02-01 00:00:00,Salle_Serveur,19.69,-0.04,48.1,0,weekend,48.631
7834,2025-03-07 06:00:00,Salle_Serveur,20.76,-0.09,49.5,0,ouvré,49.651
10648,2025-03-30 17:00:00,Atelier,21.47,13.13,46.8,0,weekend,9.277
1911,2025-01-16 22:00:00,Bureau_Nord,22.18,3.07,47.4,9,ouvré,9.502
1007,2025-01-09 09:00:00,Bureau_Sud,22.08,3.59,49.8,6,ouvré,639.309
5991,2025-02-19 22:00:00,BUREAU NORD,21.89,3.97,45.0,9,ouvré,8.092
8762,2025-03-15 00:00:00,bureau sud,21.94,1.98,49.0,0,weekend,9.365
543,2025-01-05 12:00:00,Atelier,21.06,6.29,42.5,0,weekend,12.771
2116,2025-01-18 15:00:00,BUREAU NORD,20.1,5.08,39.1,0,weekend,9.11
4442,2025-02-07 00:00:00,bureau sud,21.94,-1.06,54.2,7,ouvré,10.459
161,2025-01-02 08:00:00,BUREAU NORD,21.78,-0.17,,0,ouvré,14.0
3983,2025-02-03 04:00:00,atelier,21.11,-0.1,43.1,6,ouvré,14.743
1351,2025-01-12 06:00:00,bureau_nord,,1.26,44.0,,weekend,12.016
3058,2025-01-26 11:00:00,Atelier,22.19,3.98,34.4,0,weekend,12.338
7703,2025-03-06 04:00:00,atelier,20.93,-0.33,48.9,11,ouvré,14.201
6467,2025-02-23 21:00:00,Bureau_Sud,20.92,7.02,38.1,0,weekend,
1434,2025-01-12 22:00:00,Salle Serveur,20.7,0.7,43.0,0,weekend,47.898
8366,2025-03-11 17:00:00,Bureau_Nord,22.57,10.9,44.5,9,ouvré,11.903
10238,2025-03-27 07:00:00,Atelier,21.42,4.66,40.9,5,ouvré,15.958
4434,2025-02-06 22:00:00,Salle_Serveur,21.24,-0.13,37.4,0,ouvré,48.648
304,2025-01-03 12:00:00,Salle_Serveur,21.03,4.62,28.2,0,ouvré,47.302
1013,2025-01-09 10:00:00,atelier,20.6,5.53,38.8,9,ouvré,26.974
3506,2025-01-30 05:00:00,Bureau_Nord,19.91,-1.99,34.6,4,ouvré,10.75
8588,2025-03-13 13:00:00,Atelier,19.25,9.64,42.3,9,ouvré,30.599
3677,2025-01-31 15:00:00,Bureau_Sud,20.92,4.02,52.3,5,ouvré,17.516
9995,2025-03-25 06:00:00,Accueil,21.08,4.87,48.8,9,ouvré,9.157
1241,2025-01-11 08:00:00,Bureau_Nord,21.1,1.54,46.9,0,weekend,
5440,2025-02-15 07:00:00,Accueil,20.49,0.36,38.0,0,weekend,9.887
556,2025-01-05 15:00:00,bureau_nord,22.77,6.7,50.7,,weekend,7.798
7799,2025-03-06 23:00:00,Salle_Serveur,20.1,3.53,37.5,0,ouvré,46.59
6202,2025-02-21 16:00:00,bureau sud,21.32,8.04,,2,ouvré,14.547
9045,2025-03-17 08:00:00,accueil ,21.2,5.56,56.0,0,ouvré,9.096
7530,2025-03-04 17:00:00,Accueil,20.26,6.57,42.6,13,ouvré,11.007
76,2025-01-01 15:00:00,BUREAU NORD,20.24,5.97,33.4,5,férié,15.539
8230,2025-03-10 13:00:00,Accueil,20.79,9.06,43.8,7,ouvré,11.766
5566,2025-02-16 09:00:00,BUREAU NORD,,3.19,44.3,0,weekend,9.477
6424,2025-02-23 12:00:00,Salle Serveur,21.2,4.57,48.5,0,weekend,46.14
1677,2025-01-14 23:00:00,Bureau_Sud,21.02,1.7,48.7,13,ouvré,
2206,2025-01-19 09:00:00,Bureau_Nord,22.25,3.58,44.3,0,weekend,9.549
3184,2025-01-27 12:00:00,Salle Serveur,20.05,4.98,43.3,0,ouvré,46.311
654,2025-01-06 10:00:00,Salle Serveur,23.04,4.33,46.1,0,ouvré,43.773
1346,2025-01-12 05:00:00,Bureau_Nord,19.81,1.25,234.3,0,weekend,11.863
6301,2025-02-22 12:00:00,Bureau_Nord,21.94,6.95,52.0,0,weekend,7.433
7919,2025-03-07 23:00:00,Salle_Serveur,21.65,2.58,49.2,0,ouvré,46.107
1877,2025-01-16 15:00:00,Bureau_Sud,21.84,7.68,43.6,12,ouvré,16.436
163,2025-01-02 08:00:00,Atelier,21.91,-0.17,38.5,7,ouvré,22.181
6120,2025-02-20 23:00:00,accueil ,21.63,4.46,44.3,9,ouvré,7.057
10472,2025-03-29 06:00:00,Bureau_Sud,20.67,2.02,43.8,0,weekend,11.743
3864,2025-02-02 04:00:00,Salle Serveur,20.25,-1.07,39.9,0,weekend,48.396
2790,2025-01-24 05:00:00,Accueil,21.15,-1.44,42.1,8,ouvré,11.813
3646,2025-01-31 09:00:00,Bureau_Nord,21.1,3.66,43.0,10,ouvré,12.49
1435,2025-01-12 22:00:00,accueil ,21.61,0.7,47.2,0,weekend,8.28
3045,2025-01-26 08:00:00,accueil ,20.9,1.87,49.4,0,weekend,9.091
6528,2025-02-24 09:00:00,atelier,20.93,3.83,46.3,5,ouvré,24.117
1464,2025-01-13 04:00:00,Salle Serveur,21.71,-5.14,47.5,0,ouvré,51.572
6317,2025-02-22 15:00:00,bureau sud,20.62,6.38,50.3,0,weekend,9.424
7033,2025-02-28 14:00:00,atelier,21.82,8.15,47.9,2,ouvré,30.306
6171,2025-02-21 10:00:00,BUREAU NORD,20.9,4.29,44.6,13,ouvré,15.244
6046,2025-02-20 09:00:00,Bureau_Nord,21.63,1.7,47.0,8,ouvré,13.587
7653,2025-03-05 18:00:00,atelier,19.9,8.99,41.6,7,ouvré,18.371
1850,2025-01-16 09:00:00,accueil ,20.33,1.85,41.9,1,ouvré,11.418
4672,2025-02-08 22:00:00,bureau sud,19.47,0.13,40.3,0,weekend,12.781
5107,2025-02-12 13:00:00,bureau sud,20.89,6.25,44.3,5,ouvré,18.838
5092,2025-02-12 10:00:00,Bureau_Sud,22.59,1.7,47.1,6,ouvré,18.247
3402,2025-01-29 08:00:00,bureau sud,20.74,0.9,48.3,,ouvré,14.551
4957,2025-02-11 07:00:00,Bureau_Sud,19.21,-0.42,47.5,10,ouvré,13.459
7675,2025-03-05 22:00:00,Accueil,20.8,2.92,46.1,13,ouvré,8.336
254,2025-01-03 02:00:00,Salle_Serveur,20.64,-1.2,42.9,0,ouvré,49.067
4948,2025-02-11 05:00:00,atelier,20.34,1.55,,11,ouvré,14.704
7274,2025-03-02 14:00:00,Salle Serveur,20.66,9.3,50.9,0,weekend,45.155
9532,2025-03-21 10:00:00,bureau sud,20.66,8.91,51.3,2,ouvré,14.889
10535,2025-03-29 18:00:00,accueil ,20.51,10.39,43.0,0,weekend,6.192
104,2025-01-01 20:00:00,Salle_Serveur,21.34,3.26,41.1,0,férié,332.599
6497,2025-02-24 03:00:00,Bureau_Sud,20.7,-1.74,49.6,1,ouvré,11.879
4360,2025-02-06 07:00:00,Accueil,20.15,-0.46,38.3,12,ouvré,11.638
1177,2025-01-10 19:00:00,bureau sud,21.86,3.26,38.2,8,ouvré,10.716
8679,2025-03-14 07:00:00,Salle Serveur,21.67,4.34,39.4,0,ouvré,45.278
9175,2025-03-18 10:00:00,accueil ,20.17,6.54,47.4,4,ouvré,11.09
3182,2025-01-27 12:00:00,bureau sud,20.26,4.98,44.8,8,ouvré,20.108
10627,2025-03-30 13:00:00,Bureau_Sud,21.27,12.15,49.3,0,weekend,7.585
4264,2025-02-05 12:00:00,Salle_Serveur,20.19,6.22,31.4,0,ouvré,45.425
3871,2025-02-02 06:00:00,bureau_nord,21.76,-0.31,47.3,0,weekend,12.75
6242,2025-02-22 00:00:00,bureau sud,18.7,1.81,40.2,0,weekend,11.287
402,2025-01-04 08:00:00,bureau sud,21.28,-0.33,42.4,0,weekend,11.447
5956,2025-02-19 15:00:00,Bureau_Nord,21.77,8.48,50.2,4,ouvré,
343,2025-01-03 20:00:00,Atelier,20.66,2.81,,6,ouvré,15.863
3894,2025-02-02 10:00:00,Salle_Serveur,21.6,3.22,37.1,0,weekend,46.434
9859,2025-03-24 03:00:00,Salle_Serveur,20.0,1.2,,0,ouvré,46.212
8237,2025-03-10 15:00:00,bureau sud,20.64,10.52,51.3,6,ouvré,17.489
452,2025-01-04 18:00:00,bureau sud,21.35,7.38,47.9,0,weekend,7.193
1032,2025-01-09 14:00:00,bureau sud,21.03,6.69,36.6,8,ouvré,19.537
6163,2025-02-21 08:00:00,Atelier,21.09,3.94,46.2,8,ouvré,20.684
632,2025-01-06 06:00:00,Bureau_Sud,22.45,0.53,48.9,2,ouvré,12.257
2509,2025-01-21 21:00:00,Salle_Serveur,21.21,1.37,40.6,0,ouvré,48.89
2738,2025-01-23 19:00:00,atelier,21.8,3.26,42.4,3,ouvré,17.829
10163,2025-03-26 16:00:00,atelier,21.39,13.9,51.0,3,ouvré,24.837
6680,2025-02-25 15:00:00,accueil ,20.71,6.47,39.9,6,ouvré,11.517
6913,2025-02-27 14:00:00,atelier,22.08,8.97,,8,ouvré,31.112
3681,2025-01-31 16:00:00,BUREAU NORD,21.89,7.43,50.1,11,ouvré,14.719
1668,2025-01-14 21:00:00,Atelier,21.4,1.36,45.5,0,ouvré,14.576
5865,2025-02-18 20:00:00,Accueil,21.41,5.68,47.2,11,ouvré,8.801
6802,2025-02-26 16:00:00,bureau sud,21.5,6.2,39.8,6,ouvré,15.07
6658,2025-02-25 11:00:00,Atelier,20.78,6.01,50.8,13,ouvré,30.709
1574,2025-01-14 02:00:00,Salle Serveur,20.46,-0.85,34.5,0,ouvré,48.551
38,2025-01-01 07:00:00,atelier,21.36,0.96,51.9,9,férié,19.319
5977,2025-02-19 19:00:00,Bureau_Sud,20.48,6.11,51.3,,ouvré,10.997
6509,2025-02-24 05:00:00,Salle Serveur,22.22,-0.75,46.8,0,ouvré,48.275
3703,2025-01-31 20:00:00,Atelier,21.32,4.17,43.7,1,ouvré,15.259
9428,2025-03-20 13:00:00,Atelier,21.36,8.18,54.2,2,ouvré,30.704
5620,2025-02-16 19:00:00,accueil ,20.93,3.61,31.3,0,weekend,9.278
10282,2025-03-27 16:00:00,bureau sud,19.8,11.95,34.1,6,ouvré,12.629
4346,2025-02-06 05:00:00,Bureau_Nord,21.11,-1.22,39.8,17,ouvré,12.818
668,2025-01-06 13:00:00,Atelier,20.92,5.41,34.9,12,ouvré,32.429
3854,2025-02-02 02:00:00,Salle Serveur,20.21,-1.4,45.7,0,weekend,47.408
2406,2025-01-21 01:00:00,Bureau_Nord,19.7,-1.33,49.8,10,ouvré,9.514
1781,2025-01-15 20:00:00,bureau_nord,21.86,2.6,45.5,3,ouvré,11.056
7921,2025-03-08 00:00:00,Bureau_Nord,21.13,3.32,39.4,0,weekend,8.408
7107,2025-03-01 05:00:00,bureau sud,20.45,0.29,43.3,0,weekend,12.79
1321,2025-01-12 00:00:00,BUREAU NORD,22.89,0.62,40.7,0,weekend,11.077
2038,2025-01-17 23:00:00,Atelier,21.51,2.1,38.2,4,ouvré,13.371
2321,2025-01-20 08:00:00,Bureau_Nord,20.77,-0.32,39.9,6,ouvré,13.605
6354,2025-02-22 22:00:00,Salle_Serveur,19.73,3.49,57.6,0,weekend,46.747
8011,2025-03-08 18:00:00,BUREAU NORD,20.69,6.86,57.4,0,weekend,7.62
1981,2025-01-17 12:00:00,bureau_nord,20.42,3.2,41.3,9,ouvré,20.013
451,2025-01-04 18:00:00,Bureau_Nord,22.04,7.38,35.4,0,,8.297
7744,2025-03-06 12:00:00,Salle_Serveur,,7.26,42.0,0,ouvré,44.536
8601,2025-03-13 16:00:00,bureau_nord,21.45,11.02,50.0,4,ouvré,12.347
6845,2025-02-27 00:00:00,accueil ,21.49,1.28,42.4,7,ouvré,9.659
7030,2025-02-28 13:00:00,accueil ,,8.43,43.0,17,ouvré,12.019
4598,2025-02-08 07:00:00,Atelier,20.55,-0.04,52.3,0,weekend,13.855
10027,2025-03-25 13:00:00,bureau sud,21.31,8.98,51.4,4,ouvré,17.634
8186,2025-03-10 05:00:00,BUREAU NORD,21.59,1.18,42.2,8,ouvré,328.341
1109,2025-01-10 05:00:00,Salle_Serveur,22.09,-1.48,42.4,0,ouvré,48.327
2835,2025-01-24 14:00:00,accueil ,,6.63,48.5,7,ouvré,13.24
7655,2025-03-05 18:00:00,Accueil,21.4,8.99,42.4,7,ouvré,7.308
6203,2025-02-21 16:00:00,atelier,21.69,8.04,47.0,0,ouvré,26.554
21,2025-01-01 04:00:00,bureau_nord,20.1,-2.25,44.1,13,férié,543.35
2359,2025-01-20 15:00:00,Salle Serveur,21.63,7.17,38.6,0,ouvré,44.986
4674,2025-02-08 22:00:00,Salle_Serveur,21.77,0.13,39.3,0,weekend,48.053
3456,2025-01-29 19:00:00,bureau_nord,21.98,5.79,50.1,10,ouvré,
42,2025-01-01 08:00:00,bureau sud,21.28,1.89,44.0,14,férié,13.425
10302,2025-03-27 20:00:00,Bureau_Sud,21.73,8.12,44.3,6,ouvré,10.16
1360,2025-01-12 07:00:00,accueil ,19.52,1.17,52.1,0,weekend,9.609
921,2025-01-08 16:00:00,BUREAU NORD,21.42,7.53,41.8,1,ouvré,
2221,2025-01-19 12:00:00,bureau_nord,20.84,4.27,,0,weekend,8.998
4459,2025-02-07 03:00:00,Salle Serveur,19.96,-1.77,51.3,0,ouvré,49.746
9309,2025-03-19 13:00:00,Salle Serveur,21.53,10.85,42.9,0,ouvré,44.357
1890,2025-01-16 17:00:00,Accueil,20.44,4.61,31.5,9,ouvré,10.855
5011,2025-02-11 18:00:00,BUREAU NORD,21.05,7.75,37.2,13,ouvré,10.722
7402,2025-03-03 16:00:00,bureau sud,22.01,10.55,44.3,11,ouvré,15.565
7837,2025-03-07 07:00:00,bureau sud,21.64,3.74,44.2,1,ouvré,11.775
5677,2025-02-17 07:00:00,bureau sud,21.64,3.49,43.0,11,ouvré,11.621
6306,2025-02-22 13:00:00,bureau_nord,22.43,7.55,41.9,0,weekend,6.048
9579,2025-03-21 19:00:00,Salle_Serveur,21.12,9.08,50.8,0,ouvré,44.752
857,2025-01-08 03:00:00,Bureau_Sud,20.39,-2.74,45.5,2,ouvré,13.439
2065,2025-01-18 04:00:00,accueil ,20.79,-1.67,54.5,0,weekend,734.274
2483,2025-01-21 16:00:00,atelier,20.97,6.4,34.4,5,ouvré,25.892
5455,2025-02-15 10:00:00,accueil ,21.54,4.19,,0,weekend,7.642
9216,2025-03-18 19:00:00,Bureau_Nord,21.52,8.45,38.9,17,ouvré,10.832
5499,2025-02-15 19:00:00,Salle_Serveur,20.73,4.62,48.4,0,weekend,46.806
8749,2025-03-14 21:00:00,Salle_Serveur,,6.79,48.2,0,ouvré,45.967
9188,2025-03-18 13:00:00,atelier,20.77,9.77,34.8,7,ouvré,30.343
8343,2025-03-11 12:00:00,Atelier,19.55,8.49,37.5,7,ouvré,
7692,2025-03-06 02:00:00,bureau sud,20.45,1.73,53.9,3,ouvré,10.198
6136,2025-02-21 03:00:00,Bureau_Nord,21.38,-1.62,38.4,7,ouvré,11.455
9176,2025-03-18 11:00:00,BUREAU NORD,22.28,8.24,59.1,11,ouvré,14.606
4266,2025-02-05 13:00:00,Bureau_Nord,20.52,8.03,38.1,5,ouvré,16.366
518,2025-01-05 07:00:00,Atelier,22.16,-0.72,61.4,0,weekend,14.049
821,2025-01-07 20:00:00,Bureau_Nord,21.28,4.62,49.5,12,ouvré,11.017
3281,2025-01-28 08:00:00,bureau_nord,21.18,1.23,56.7,4,ouvré,13.653
5434,2025-02-15 06:00:00,Salle Serveur,22.57,0.07,49.3,0,weekend,47.672
2718,2025-01-23 15:00:00,Atelier,21.73,4.4,33.9,13,ouvré,30.859
9007,2025-03-17 01:00:00,bureau sud,21.49,2.88,52.9,12,ouvré,9.307
6445,2025-02-23 16:00:00,accueil ,20.48,6.71,39.9,0,weekend,7.119
7071,2025-02-28 22:00:00,BUREAU NORD,20.29,2.03,46.3,0,ouvré,9.761
9596,2025-03-21 23:00:00,Bureau_Nord,21.38,3.42,41.8,10,ouvré,9.331
691,2025-01-06 18:00:00,Bureau_Nord,20.32,4.89,46.3,4,ouvré,11.92
5754,2025-02-17 22:00:00,Salle Serveur,22.03,1.66,46.0,0,ouvré,46.833
1762,2025-01-15 16:00:00,bureau sud,20.29,4.94,55.2,15,ouvré,16.724
7987,2025-03-08 13:00:00,bureau sud,20.64,9.08,45.7,0,weekend,8.612
447,2025-01-04 17:00:00,bureau sud,20.25,6.65,45.3,0,weekend,9.5
6335,2025-02-22 18:00:00,accueil ,20.03,7.24,46.6,0,weekend,6.904
4517,2025-02-07 15:00:00,bureau sud,22.49,5.79,53.1,4,ouvré,17.002
6257,2025-02-22 03:00:00,Bureau_Sud,-999,-1.48,50.0,0,weekend,11.893
1288,2025-01-11 17:00:00,atelier,21.27,3.28,33.2,0,,12.821
10592,2025-03-30 06:00:00,Bureau_Sud,21.59,6.83,39.4,0,weekend,9.537
5846,2025-02-18 17:00:00,BUREAU NORD,20.63,6.81,53.3,9,ouvré,11.585
4187,2025-02-04 21:00:00,Bureau_Sud,20.93,2.58,48.9,7,ouvré,10.383
3464,2025-01-29 20:00:00,Salle_Serveur,20.71,2.78,46.8,0,ouvré,46.454
10500,2025-03-29 11:00:00,Accueil,22.16,10.13,36.9,0,weekend,6.443
10116,2025-03-26 07:00:00,bureau_nord,20.73,4.34,40.4,8,ouvré,11.115
1195,2025-01-10 22:00:00,Accueil,21.15,0.35,48.9,11,ouvré,10.925
244,2025-01-03 00:00:00,Salle_Serveur,21.4,-1.7,55.6,0,ouvré,50.459
7679,2025-03-05 23:00:00,Salle Serveur,20.27,4.25,41.4,0,ouvré,47.783
4944,2025-02-11 04:00:00,Salle Serveur,21.17,-3.86,48.2,0,ouvré,49.796
1414,2025-01-12 18:00:00,Salle Serveur,20.83,5.58,45.2,0,weekend,45.849
6914,2025-02-27 14:00:00,Salle_Serveur,21.65,8.97,44.3,0,ouvré,43.317
6070,2025-02-20 13:00:00,Accueil,21.9,6.18,53.1,9,ouvré,12.819
1976,2025-01-17 11:00:00,bureau_nord,22.17,4.59,,5,ouvré,17.563
7515,2025-03-04 14:00:00,accueil ,21.36,9.38,54.5,16,ouvré,11.26
6916,2025-02-27 15:00:00,bureau_nord,22.38,9.48,46.1,,ouvré,15.621
9663,2025-03-22 12:00:00,Atelier,20.68,9.39,45.0,0,weekend,10.395
7353,2025-03-03 06:00:00,Atelier,21.38,1.86,50.5,13,ouvré,16.335
7746,2025-03-06 13:00:00,BUREAU NORD,20.26,8.78,45.8,,ouvré,15.97
7054,2025-02-28 18:00:00,Salle_Serveur,20.21,6.48,40.8,0,ouvré,45.451
733,2025-01-07 02:00:00,Atelier,21.14,-3.55,52.2,1,ouvré,16.444
10304,2025-03-27 20:00:00,Salle_Serveur,19.36,8.12,47.9,0,ouvré,43.954
2070,2025-01-18 05:00:00,Accueil,22.66,-2.11,42.4,0,weekend,12.124
1169,2025-01-10 17:00:00,Salle_Serveur,21.88,6.03,44.0,0,ouvré,
8195,2025-03-10 06:00:00,accueil ,21.66,3.84,49.9,9,ouvré,9.318
6889,2025-02-27 09:00:00,Salle_Serveur,21.79,3.56,37.5,0,ouvré,46.844
3170,2025-01-27 09:00:00,Accueil,21.85,2.56,36.3,13,ouvré,11.592
4991,2025-02-11 14:00:00,BUREAU NORD,22.43,7.02,59.0,4,ouvré,16.918
2857,2025-01-24 19:00:00,Bureau_Sud,22.0,4.7,45.4,6,ouvré,11.608
8465,2025-03-12 12:00:00,accueil ,19.87,7.09,45.0,5,ouvré,12.975
6768,2025-02-26 09:00:00,atelier,21.28,3.96,45.0,8,ouvré,24.196
1068,2025-01-09 21:00:00,Atelier,22.31,2.39,36.6,7,ouvré,14.522
10494,2025-03-29 10:00:00,Salle_Serveur,20.94,8.19,51.1,,weekend,44.356
8064,2025-03-09 04:00:00,Salle Serveur,21.6,0.41,51.4,0,weekend,49.597
3408,2025-01-29 09:00:00,Atelier,22.46,1.1,42.4,7,ouvré,26.736
6215,2025-02-21 18:00:00,Accueil,20.24,5.82,41.6,0,ouvré,9.43
2913,2025-01-25 06:00:00,atelier,20.36,0.43,52.1,0,weekend,13.098
10708,2025-03-31 05:00:00,atelier,21.73,3.52,35.3,10,ouvré,13.467
10502,2025-03-29 12:00:00,Bureau_Sud,20.14,8.87,40.4,0,weekend,8.869
3915,2025-02-02 14:00:00,accueil ,20.64,4.79,39.1,0,weekend,7.594
8263,2025-03-10 20:00:00,Atelier,20.17,6.73,37.0,3,ouvré,13.887
7454,2025-03-04 02:00:00,Salle_Serveur,21.29,-0.73,45.4,0,ouvré,48.258
2664,2025-01-23 04:00:00,Salle Serveur,21.04,-1.01,44.6,0,ouvré,47.973
7872,2025-03-07 14:00:00,Bureau_Sud,22.45,10.9,50.0,0,ouvré,16.45
6877,2025-02-27 07:00:00,Bureau_Sud,19.79,1.48,56.4,6,ouvré,13.7
6805,2025-02-26 16:00:00,accueil ,21.13,6.2,48.8,5,ouvré,10.321
10016,2025-03-25 11:00:00,BUREAU NORD,20.21,7.65,44.0,4,ouvré,17.025
2992,2025-01-25 22:00:00,bureau sud,20.94,0.69,41.1,0,weekend,11.412
6273,2025-02-22 06:00:00,Atelier,19.71,-0.02,47.1,,weekend,15.807
1660,2025-01-14 19:00:00,Accueil,21.35,3.27,46.6,8,ouvré,9.918
571,2025-01-05 18:00:00,Bureau_Nord,20.26,6.36,52.4,0,weekend,9.218
1932,2025-01-17 02:00:00,Bureau_Sud,21.31,-1.1,39.5,6,ouvré,10.618
2497,2025-01-21 19:00:00,Bureau_Sud,20.14,3.24,53.8,13,ouvré,11.328
817,2025-01-07 19:00:00,bureau sud,20.56,3.28,45.0,8,ouvré,12.54
6758,2025-02-26 07:00:00,atelier,21.48,0.58,46.6,5,ouvré,18.555
958,2025-01-08 23:00:00,Atelier,19.73,-0.57,26.7,14,ouvré,14.163
10299,2025-03-27 19:00:00,Salle_Serveur,23.47,8.13,,0,ouvré,44.274
4640,2025-02-08 15:00:00,Accueil,,7.76,42.6,0,weekend,6.824
3575,2025-01-30 18:00:00,accueil ,22.08,4.53,40.0,0,ouvré,8.639
6868,2025-02-27 05:00:00,atelier,21.59,1.22,,9,ouvré,15.48
5179,2025-02-13 03:00:00,Salle_Serveur,,0.01,48.1,0,ouvré,48.937
7954,2025-03-08 06:00:00,Salle_Serveur,21.04,3.5,35.0,0,weekend,47.062
1427,2025-01-12 21:00:00,Bureau_Sud,20.57,2.69,40.4,0,weekend,8.031
1860,2025-01-16 11:00:00,accueil ,22.99,3.98,39.1,4,ouvré,13.459
5640,2025-02-16 23:00:00,accueil ,20.29,1.19,49.2,0,weekend,9.543
7229,2025-03-02 05:00:00,Salle Serveur,21.35,3.03,45.2,0,weekend,46.611
1765,2025-01-15 16:00:00,Accueil,21.05,4.94,34.9,8,ouvré,12.012
7083,2025-03-01 00:00:00,Atelier,21.88,0.07,40.0,0,weekend,13.908
639,2025-01-06 07:00:00,Salle Serveur,20.89,1.14,,0,ouvré,47.349
4362,2025-02-06 08:00:00,bureau sud,20.86,2.14,37.5,10,ouvré,15.185
3719,2025-01-31 23:00:00,Salle Serveur,21.23,1.09,44.1,0,ouvré,48.477
5840,2025-02-18 15:00:00,Accueil,21.31,6.76,45.9,7,ouvré,12.96
7903,2025-03-07 20:00:00,Atelier,20.94,6.46,45.0,11,ouvré,15.245
10528,2025-03-29 17:00:00,atelier,21.28,10.68,41.8,0,weekend,10.737
8877,2025-03-15 23:00:00,Bureau_Sud,21.55,4.16,46.7,0,weekend,10.118
1792,2025-01-15 22:00:00,Bureau_Sud,21.23,0.57,,6,ouvré,12.368
9851,2025-03-24 02:00:00,Bureau_Nord,21.29,4.93,39.9,13,ouvré,8.972
4842,2025-02-10 08:00:00,Bureau_Sud,20.04,2.59,51.8,4,ouvré,13.741
6694,2025-02-25 18:00:00,Salle Serveur,21.65,7.6,41.9,0,ouvré,45.389
6005,2025-02-20 00:00:00,accueil ,21.62,0.68,38.3,1,ouvré,10.149
9443,2025-03-20 16:00:00,Atelier,22.12,10.68,53.2,14,ouvré,23.811
7600,2025-03-05 07:00:00,accueil ,20.04,3.64,41.0,13,ouvré,10.494
8576,2025-03-13 11:00:00,bureau_nord,21.97,8.49,,12,ouvré,14.909
6444,2025-02-23 16:00:00,Salle Serveur,21.75,6.71,46.9,0,weekend,44.938
7387,2025-03-03 13:00:00,bureau sud,20.74,6.84,38.2,11,ouvré,18.386
10338,2025-03-28 03:00:00,atelier,23.05,3.71,41.7,9,ouvré,13.25
8182,2025-03-10 04:00:00,bureau sud,21.12,2.81,39.9,9,ouvré,9.212
4655,2025-02-08 18:00:00,accueil ,19.94,5.77,51.0,0,weekend,7.568
6461,2025-02-23 20:00:00,Bureau_Nord,20.7,3.15,58.2,0,weekend,9.544
1480,2025-01-13 07:00:00,accueil ,20.9,0.39,36.4,12,ouvré,10.075
3533,2025-01-30 10:00:00,Atelier,20.83,2.61,48.7,0,ouvré,28.917
6598,2025-02-24 23:00:00,atelier,20.76,1.32,49.4,6,ouvré,13.229
7882,2025-03-07 16:00:00,Bureau_Sud,22.01,10.33,54.3,9,ouvré,13.194
2641,2025-01-23 00:00:00,Bureau_Nord,21.08,-0.91,47.3,2,ouvré,11.487
3714,2025-01-31 22:00:00,Salle_Serveur,19.61,2.92,53.0,0,ouvré,48.065
2050,2025-01-18 01:00:00,Accueil,21.66,-0.22,50.2,0,weekend,9.532
9895,2025-03-24 10:00:00,accueil ,21.16,8.15,44.8,7,ouvré,11.019
3082,2025-01-26 16:00:00,Bureau_Sud,21.42,5.76,41.1,0,weekend,8.095
1375,2025-01-12 10:00:00,Accueil,20.63,2.34,45.0,0,weekend,7.373
6954,2025-02-27 22:00:00,Salle_Serveur,22.69,4.75,46.6,0,ouvré,45.751
5633,2025-02-16 22:00:00,atelier,21.57,2.03,40.0,0,weekend,12.939
1318,2025-01-11 23:00:00,atelier,20.75,0.16,45.2,,weekend,15.486
8674,2025-03-14 06:00:00,Salle Serveur,21.01,2.51,42.3,0,ouvré,46.026
2147,2025-01-18 21:00:00,Bureau_Sud,20.66,3.67,45.1,0,weekend,593.272
7682,2025-03-06 00:00:00,bureau sud,20.95,1.89,40.7,8,ouvré,10.346
7406,2025-03-03 17:00:00,bureau_nord,21.0,7.2,39.9,5,ouvré,12.624
6950,2025-02-27 21:00:00,Accueil,21.3,5.39,50.1,15,ouvré,8.019
5609,2025-02-16 17:00:00,Salle Serveur,20.97,8.38,43.6,0,weekend,44.952
1076,2025-01-09 23:00:00,bureau_nord,20.53,0.76,39.2,9,ouvré,11.184
3228,2025-01-27 21:00:00,Atelier,21.73,1.58,40.2,4,ouvré,15.429
7447,2025-03-04 01:00:00,bureau sud,21.0,2.14,50.4,18,ouvré,11.004
5690,2025-02-17 09:00:00,accueil ,20.39,3.38,41.6,2,ouvré,11.721
5795,2025-02-18 06:00:00,Accueil,21.24,1.69,44.9,,ouvré,8.739
7640,2025-03-05 15:00:00,Accueil,19.09,10.11,46.5,10,ouvré,10.39
6126,2025-02-21 01:00:00,BUREAU NORD,21.57,-1.55,45.9,7,ouvré,11.262
4976,2025-02-11 11:00:00,bureau_nord,21.09,3.48,,,ouvré,16.35
10381,2025-03-28 12:00:00,BUREAU NORD,22.16,10.66,47.4,9,ouvré,15.204
4484,2025-02-07 08:00:00,Salle_Serveur,20.56,1.88,39.4,0,ouvré,46.163
8561,2025-03-13 08:00:00,bureau_nord,20.27,5.22,31.5,3,ouvré,11.902
6419,2025-02-23 11:00:00,Salle_Serveur,19.09,5.14,43.3,0,weekend,46.111
370,2025-01-04 01:00:00,accueil ,20.76,-1.4,44.9,0,weekend,9.502
3709,2025-01-31 21:00:00,Salle_Serveur,20.43,2.26,41.5,0,ouvré,46.456
9881,2025-03-24 08:00:00,bureau_nord,21.62,5.47,42.8,6,ouvré,9.789
4848,2025-02-10 09:00:00,atelier,20.36,2.37,49.4,0,ouvré,24.874
6943,2025-02-27 20:00:00,Atelier,21.04,6.27,39.4,3,ouvré,14.419
3201,2025-01-27 16:00:00,Bureau_Nord,21.2,5.01,43.7,9,ouvré,14.923
4365,2025-02-06 08:00:00,accueil ,20.98,2.14,,0,ouvré,10.119
8776,2025-03-15 03:00:00,Bureau_Nord,21.04,1.55,38.6,0,weekend,9.954
8948,2025-03-16 13:00:00,Atelier,20.37,9.55,43.5,0,weekend,11.916
5150,2025-02-12 21:00:00,accueil ,20.47,3.96,46.3,11,ouvré,9.152
6416,2025-02-23 11:00:00,Bureau_Nord,20.67,5.14,43.1,0,weekend,8.191
6093,2025-02-20 18:00:00,atelier,20.94,5.3,49.2,9,ouvré,18.645
6388,2025-02-23 05:00:00,atelier,20.37,1.28,35.6,0,weekend,-2.28
7786,2025-03-06 21:00:00,bureau_nord,19.09,2.93,40.0,8,ouvré,9.715
1732,2025-01-15 10:00:00,bureau sud,20.71,1.19,35.0,2,ouvré,19.328
2499,2025-01-21 19:00:00,Salle_Serveur,21.04,3.24,37.5,0,ouvré,47.472
6111,2025-02-20 22:00:00,Bureau_Nord,22.35,5.57,47.9,1,ouvré,8.274
6477,2025-02-23 23:00:00,bureau sud,20.66,4.39,55.5,0,weekend,9.926
4994,2025-02-11 14:00:00,Salle_Serveur,21.27,7.02,,0,ouvré,45.259
7002,2025-02-28 08:00:00,bureau sud,21.13,3.39,47.8,6,ouvré,13.09
1833,2025-01-16 06:00:00,Atelier,21.38,-1.03,47.1,8,ouvré,16.069
206,2025-01-02 17:00:00,bureau_nord,19.01,3.31,49.0,12,ouvré,14.582
3315,2025-01-28 14:00:00,accueil ,19.5,6.73,42.6,5,ouvré,11.676
9710,2025-03-22 21:00:00,Accueil,20.85,8.45,37.8,0,weekend,5.916
2193,2025-01-19 06:00:00,Atelier,21.76,1.13,,0,weekend,13.959
8160,2025-03-09 23:00:00,accueil ,21.1,6.84,44.0,0,weekend,-34.981
10795,2025-03-31 22:00:00,Accueil,22.35,8.14,27.1,2,ouvré,5.541
2449,2025-01-21 09:00:00,Salle_Serveur,20.98,3.42,34.2,,ouvré,45.382
467,2025-01-04 21:00:00,Bureau_Sud,21.85,0.57,64.6,0,weekend,11.999
8868,2025-03-15 21:00:00,Atelier,20.91,3.45,43.6,0,weekend,12.529
4791,2025-02-09 22:00:00,BUREAU NORD,21.04,1.3,39.4,0,weekend,9.146
7414,2025-03-03 18:00:00,Salle_Serveur,21.29,8.27,37.6,0,ouvré,44.687
280,2025-01-03 07:00:00,accueil ,21.5,0.18,49.2,4,ouvré,12.318
3728,2025-02-01 01:00:00,atelier,20.74,-4.19,43.2,0,weekend,17.067
7719,2025-03-06 07:00:00,Salle_Serveur,21.3,2.3,44.4,0,ouvré,48.301
4658,2025-02-08 19:00:00,Atelier,19.98,2.9,40.2,0,weekend,13.118
1572,2025-01-14 02:00:00,Bureau_Sud,21.46,-0.85,45.0,7,ouvré,9.853
6241,2025-02-22 00:00:00,bureau_nord,20.52,1.81,46.5,0,weekend,10.237
2582,2025-01-22 12:00:00,Bureau_Sud,20.15,6.04,49.1,11,ouvré,18.685
8928,2025-03-16 09:00:00,Atelier,21.77,6.72,37.0,0,weekend,11.499
7717,2025-03-06 07:00:00,Bureau_Sud,21.46,2.3,50.3,0,ouvré,12.244
1248,2025-01-11 09:00:00,Atelier,20.94,0.61,41.7,0,weekend,12.556
450,2025-01-04 17:00:00,Accueil,22.04,6.65,44.7,0,weekend,6.324
6841,2025-02-27 00:00:00,Bureau_Nord,21.53,1.28,41.3,7,ouvré,8.183
7010,2025-02-28 09:00:00,Accueil,21.76,3.82,34.6,15,ouvré,10.134
8084,2025-03-09 08:00:00,Salle Serveur,20.02,2.42,45.5,0,weekend,48.741
6635,2025-02-25 06:00:00,accueil ,20.83,1.02,39.5,8,ouvré,9.054
7189,2025-03-01 21:00:00,Salle_Serveur,21.69,5.43,53.1,0,weekend,46.295
6064,2025-02-20 12:00:00,Salle Serveur,21.49,4.64,41.6,0,ouvré,46.611
943,2025-01-08 20:00:00,atelier,20.99,2.24,51.2,5,ouvré,17.831
5036,2025-02-11 23:00:00,bureau_nord,19.17,-1.54,41.1,4,ouvré,12.154
6274,2025-02-22 06:00:00,Salle_Serveur,21.89,-0.02,47.5,0,weekend,47.227
55,2025-01-01 10:00:00,accueil ,20.54,2.63,37.5,4,férié,13.411
10425,2025-03-28 20:00:00,Accueil,22.0,7.86,38.1,16,ouvré,7.389
1264,2025-01-11 12:00:00,Salle Serveur,22.09,5.73,53.0,0,weekend,45.409
6537,2025-02-24 11:00:00,bureau sud,21.11,4.44,56.9,3,ouvré,17.678
5737,2025-02-17 19:00:00,Bureau_Sud,21.4,7.15,47.4,,ouvré,10.865
5392,2025-02-14 22:00:00,bureau sud,20.99,1.67,37.8,5,ouvré,10.578
1785,2025-01-15 20:00:00,Accueil,20.58,2.6,37.5,4,ouvré,9.691
1058,2025-01-09 19:00:00,atelier,20.81,2.43,45.4,4,ouvré,18.345
7115,2025-03-01 06:00:00,Accueil,19.06,1.61,47.7,0,weekend,8.633
6484,2025-02-24 00:00:00,Salle_Serveur,21.12,-0.03,42.2,0,ouvré,49.274
5590,2025-02-16 13:00:00,Accueil,20.9,6.41,40.7,0,weekend,7.818
4395,2025-02-06 14:00:00,accueil ,21.61,8.05,42.6,15,ouvré,12.07
8967,2025-03-16 17:00:00,bureau sud,20.15,9.26,49.4,0,weekend,8.476
7630,2025-03-05 13:00:00,accueil ,20.94,8.68,38.7,11,ouvré,12.882
7049,2025-02-28 17:00:00,Salle Serveur,20.34,8.73,37.2,0,ouvré,45.638
10012,2025-03-25 10:00:00,Bureau_Sud,20.61,8.28,39.7,12,ouvré,14.368
4825,2025-02-10 04:00:00,Accueil,20.72,-4.43,36.3,9,ouvré,14.442
3814,2025-02-01 18:00:00,Salle_Serveur,21.12,4.69,35.2,0,weekend,46.886
10060,2025-03-25 19:00:00,Accueil,20.76,9.26,51.0,3,ouvré,5.888
3748,2025-02-01 05:00:00,Atelier,21.36,-1.94,50.3,0,weekend,16.414
4620,2025-02-08 11:00:00,accueil ,21.46,3.46,,0,weekend,7.362
7641,2025-03-05 16:00:00,bureau_nord,22.43,11.09,44.4,5,ouvré,13.179
4633,2025-02-08 14:00:00,atelier,19.31,7.6,45.9,0,weekend,9.829
3224,2025-01-27 20:00:00,Salle_Serveur,21.03,1.95,49.3,0,ouvré,47.547
4668,2025-02-08 21:00:00,Atelier,20.3,2.23,63.6,0,weekend,14.772
10552,2025-03-29 22:00:00,Bureau_Sud,20.98,8.87,41.7,0,weekend,7.847
6368,2025-02-23 01:00:00,Atelier,21.89,0.46,40.6,0,weekend,15.173
6191,2025-02-21 14:00:00,Bureau_Nord,21.12,9.08,47.1,5,ouvré,15.307
3647,2025-01-31 09:00:00,bureau sud,20.98,3.66,,8,ouvré,15.437
9563,2025-03-21 16:00:00,atelier,19.6,9.88,32.5,11,ouvré,24.427
3954,2025-02-02 22:00:00,Salle Serveur,19.36,0.68,42.0,0,weekend,48.482
5177,2025-02-13 03:00:00,Bureau_Sud,21.53,0.01,53.5,0,ouvré,11.179
1130,2025-01-10 09:00:00,Accueil,21.26,2.32,45.5,,ouvré,11.856
1421,2025-01-12 20:00:00,bureau_nord,21.33,2.12,56.7,0,weekend,10.885
6291,2025-02-22 10:00:00,bureau_nord,21.41,3.99,40.9,0,weekend,8.951
3081,2025-01-26 16:00:00,BUREAU NORD,21.27,5.76,44.9,0,weekend,8.753
9051,2025-03-17 10:00:00,BUREAU NORD,21.94,7.72,49.9,8,ouvré,12.744
4230,2025-02-05 05:00:00,Accueil,21.58,0.34,53.2,10,ouvré,10.233
9588,2025-03-21 21:00:00,Atelier,19.95,5.98,45.3,11,ouvré,13.49
1809,2025-01-16 01:00:00,Salle Serveur,21.27,-1.17,40.3,0,ouvré,48.715
9043,2025-03-17 08:00:00,Atelier,21.27,5.56,39.7,11,ouvré,19.207
7901,2025-03-07 20:00:00,bureau_nord,,6.46,31.5,7,ouvré,8.839
1549,2025-01-13 21:00:00,Salle_Serveur,21.21,-0.94,49.7,0,ouvré,49.211
7119,2025-03-01 07:00:00,Salle Serveur,21.92,0.84,53.8,0,weekend,48.417
5733,2025-02-17 18:00:00,atelier,20.27,8.69,46.5,6,ouvré,16.881
6453,2025-02-23 18:00:00,atelier,21.81,8.04,45.8,,weekend,11.693
8289,2025-03-11 01:00:00,Salle Serveur,19.82,5.02,52.9,0,ouvré,45.459
10336,2025-03-28 03:00:00,BUREAU NORD,20.94,3.71,50.9,10,ouvré,8.56
6316,2025-02-22 15:00:00,BUREAU NORD,21.36,6.38,36.1,0,weekend,7.859
8597,2025-03-13 15:00:00,bureau sud,20.83,9.12,,10,ouvré,16.793
2981,2025-01-25 20:00:00,bureau_nord,21.03,3.33,42.4,0,weekend,9.363
8831,2025-03-15 14:00:00,bureau_nord,21.42,9.45,37.5,0,weekend,5.683
2634,2025-01-22 22:00:00,Salle Serveur,20.15,1.2,54.9,0,ouvré,48.579
3784,2025-02-01 12:00:00,Salle_Serveur,20.79,5.05,57.4,0,weekend,46.648
6593,2025-02-24 22:00:00,atelier,21.33,2.37,49.0,10,ouvré,13.91
6398,2025-02-23 07:00:00,Atelier,20.47,4.7,43.6,0,weekend,12.418
8895,2025-03-16 02:00:00,Accueil,20.52,2.13,31.5,0,weekend,9.684
6746,2025-02-26 05:00:00,BUREAU NORD,20.63,0.06,45.4,1,ouvré,12.191
1759,2025-01-15 15:00:00,Salle Serveur,21.38,7.21,42.9,0,ouvré,45.831
10005,2025-03-25 08:00:00,Accueil,19.94,4.95,48.8,0,ouvré,11.727
9635,2025-03-22 06:00:00,accueil ,20.62,3.13,,0,weekend,8.445
919,2025-01-08 15:00:00,Salle Serveur,20.82,7.01,41.8,0,ouvré,44.271
8014,2025-03-08 18:00:00,Salle Serveur,21.65,6.86,28.8,0,weekend,43.977
6139,2025-02-21 03:00:00,Salle Serveur,21.59,-1.62,34.0,0,ouvré,49.459
2544,2025-01-22 04:00:00,Salle Serveur,20.42,-1.5,46.1,0,ouvré,49.691
2672,2025-01-23 06:00:00,Bureau_Sud,20.91,-1.41,46.5,9,ouvré,13.705
4034,2025-02-03 14:00:00,Salle Serveur,21.76,6.98,35.8,0,ouvré,45.794
8379,2025-03-11 19:00:00,Salle_Serveur,20.02,6.3,42.5,0,ouvré,45.315
8627,2025-03-13 21:00:00,bureau sud,22.19,6.55,41.4,6,ouvré,9.25
5520,2025-02-15 23:00:00,Accueil,20.71,0.98,51.1,,weekend,9.547
10525,2025-03-29 16:00:00,accueil ,20.52,9.58,53.9,0,,4.169
9703,2025-03-22 20:00:00,atelier,22.84,5.73,48.5,0,weekend,11.078
3460,2025-01-29 19:00:00,accueil ,20.86,5.79,39.4,9,ouvré,8.484
10166,2025-03-26 17:00:00,BUREAU NORD,20.24,8.53,31.9,9,ouvré,12.843
9457,2025-03-20 19:00:00,Bureau_Sud,20.9,7.83,40.7,3,ouvré,10.27
5173,2025-02-13 02:00:00,Atelier,21.0,-1.82,38.0,11,ouvré,14.909
726,2025-01-07 01:00:00,bureau_nord,21.39,0.21,36.4,9,ouvré,11.242
607,2025-01-06 01:00:00,Bureau_Sud,22.19,-1.94,46.7,9,ouvré,12.371
9113,2025-03-17 22:00:00,atelier,21.5,4.89,,9,ouvré,12.079
8254,2025-03-10 18:00:00,Salle Serveur,21.34,9.57,44.9,0,ouvré,44.38
208,2025-01-02 17:00:00,atelier,20.8,3.31,48.1,11,ouvré,25.213
6676,2025-02-25 15:00:00,Bureau_Nord,20.25,6.47,41.7,6,ouvré,15.122
6247,2025-02-22 01:00:00,Bureau_Sud,21.0,2.74,38.3,0,weekend,9.946
6540,2025-02-24 11:00:00,Accueil,20.78,4.44,43.6,5,ouvré,13.661
360,2025-01-03 23:00:00,accueil ,20.86,-0.33,36.4,7,ouvré,9.837
1437,2025-01-12 23:00:00,Bureau_Sud,20.51,1.88,31.8,,weekend,9.834
5178,2025-02-13 03:00:00,atelier,20.39,0.01,55.5,5,ouvré,13.035
4548,2025-02-07 21:00:00,atelier,21.05,-0.49,43.7,,ouvré,15.959
937,2025-01-08 19:00:00,bureau sud,22.03,4.4,48.0,1,ouvré,11.459
9758,2025-03-23 07:00:00,atelier,21.67,5.53,38.8,0,weekend,13.705
5564,2025-02-16 08:00:00,Salle Serveur,21.08,2.01,52.1,0,weekend,47.775
787,2025-01-07 13:00:00,bureau sud,22.11,5.17,51.5,7,ouvré,20.137
4754,2025-02-09 14:00:00,Salle Serveur,20.87,7.07,51.5,0,weekend,45.225
2261,2025-01-19 20:00:00,bureau_nord,20.67,3.61,42.4,0,weekend,10.812
10286,2025-03-27 17:00:00,Bureau_Nord,21.55,11.31,61.9,7,ouvré,9.468
5801,2025-02-18 08:00:00,Bureau_Nord,20.36,3.37,41.3,4,ouvré,12.47
9033,2025-03-17 06:00:00,atelier,21.44,3.83,33.4,7,ouvré,15.361
3590,2025-01-30 21:00:00,accueil ,20.32,0.94,,12,,9.183
6810,2025-02-26 17:00:00,Accueil,21.08,7.55,43.7,6,ouvré,9.764
10576,2025-03-30 03:00:00,Bureau_Nord,21.65,3.61,50.3,0,weekend,9.984
10069,2025-03-25 21:00:00,Salle Serveur,21.16,6.52,46.8,0,ouvré,45.363
5103,2025-02-12 12:00:00,atelier,21.57,3.5,59.7,10,ouvré,33.725
314,2025-01-03 14:00:00,Salle Serveur,20.83,7.03,54.8,0,ouvré,44.88
2666,2025-01-23 05:00:00,bureau_nord,19.88,-0.04,39.4,10,ouvré,11.788
1112,2025-01-10 06:00:00,bureau sud,20.55,0.67,46.1,1,,11.536
5988,2025-02-19 21:00:00,Atelier,21.16,3.51,55.2,10,ouvré,593.972
3701,2025-01-31 20:00:00,BUREAU NORD,21.82,4.17,46.5,4,ouvré,10.594
4828,2025-02-10 05:00:00,atelier,19.64,-1.82,45.8,4,ouvré,16.734
5371,2025-02-14 18:00:00,Bureau_Nord,20.7,6.86,45.4,2,ouvré,12.758
4567,2025-02-08 01:00:00,Bureau_Sud,21.15,2.43,51.2,0,weekend,9.578
2255,2025-01-19 18:00:00,Accueil,21.23,6.43,48.2,0,weekend,
6343,2025-02-22 20:00:00,Atelier,22.18,3.26,46.5,0,weekend,12.979
5424,2025-02-15 04:00:00,Salle Serveur,21.42,-3.63,55.3,0,weekend,51.169
8849,2025-03-15 17:00:00,Salle Serveur,20.75,7.53,46.4,0,weekend,44.247
733,2025-01-07 02:00:00,Atelier,21.14,-3.55,52.2,1,ouvré,16.444
3415,2025-01-29 10:00:00,Accueil,20.51,5.63,42.4,3,ouvré,10.974
1183,2025-01-10 20:00:00,Atelier,22.82,3.96,48.7,10,ouvré,14.976
9172,2025-03-18 10:00:00,Bureau_Sud,21.14,6.54,52.9,3,ouvré,15.143
4000,2025-02-03 07:00:00,accueil ,21.41,1.94,50.6,17,ouvré,8.489
6082,2025-02-20 16:00:00,bureau sud,21.6,7.98,41.5,1,ouvré,13.929
10309,2025-03-27 21:00:00,Salle Serveur,21.71,7.54,40.7,0,ouvré,45.489
497,2025-01-05 03:00:00,bureau sud,20.83,-0.48,48.6,0,weekend,11.441
8055,2025-03-09 02:00:00,Accueil,19.86,0.17,,0,,-20.268
2057,2025-01-18 03:00:00,Bureau_Sud,21.76,-3.13,44.4,0,weekend,13.343
6231,2025-02-21 22:00:00,BUREAU NORD,20.84,4.47,53.9,2,ouvré,7.326
3164,2025-01-27 08:00:00,Salle Serveur,21.42,2.04,,0,ouvré,435.656
3923,2025-02-02 16:00:00,atelier,21.37,9.27,47.0,0,weekend,11.011
2474,2025-01-21 14:00:00,Salle Serveur,20.1,7.31,52.0,0,ouvré,44.849
271,2025-01-03 06:00:00,Bureau_Nord,20.1,-0.58,,2,ouvré,12.842
2270,2025-01-19 21:00:00,accueil ,21.92,2.51,43.8,0,weekend,9.351
6150,2025-02-21 05:00:00,accueil ,21.83,-1.41,42.3,4,ouvré,11.749
6887,2025-02-27 09:00:00,Bureau_Sud,20.83,3.56,42.8,7,ouvré,15.903
1861,2025-01-16 12:00:00,bureau_nord,21.92,2.91,,6,ouvré,17.265
128,2025-01-02 01:00:00,atelier,20.98,1.94,56.9,9,ouvré,13.132
9207,2025-03-18 17:00:00,bureau sud,20.57,9.7,50.7,8,ouvré,12.775
7612,2025-03-05 10:00:00,bureau sud,20.65,5.45,42.6,11,ouvré,16.863
9908,2025-03-24 13:00:00,atelier,21.76,8.84,44.2,7,ouvré,32.612
6900,2025-02-27 11:00:00,accueil ,20.44,5.22,49.5,2,ouvré,12.986
503,2025-01-05 04:00:00,atelier,21.68,-0.86,39.1,0,weekend,16.13
7922,2025-03-08 00:00:00,bureau sud,21.37,3.32,35.7,0,weekend,9.138
9951,2025-03-24 22:00:00,bureau_nord,20.96,6.01,41.8,8,ouvré,8.455
8231,2025-03-10 14:00:00,Bureau_Nord,21.66,6.54,36.1,8,ouvré,18.036
2110,2025-01-18 13:00:00,Accueil,,3.39,42.0,0,weekend,8.464
5814,2025-02-18 10:00:00,Salle_Serveur,,2.88,48.3,0,ouvré,46.489
1817,2025-01-16 03:00:00,Bureau_Sud,21.95,-3.23,39.3,5,ouvré,12.07
4307,2025-02-05 21:00:00,Bureau_Sud,20.36,1.52,44.5,,ouvré,10.271
10776,2025-03-31 19:00:00,Bureau_Nord,21.64,8.74,48.1,,ouvré,8.824
420,2025-01-04 11:00:00,accueil ,20.76,4.13,35.5,0,weekend,8.598
2988,2025-01-25 21:00:00,atelier,21.56,1.1,49.3,0,weekend,14.275
1140,2025-01-10 11:00:00,Accueil,,2.83,41.4,6,ouvré,14.308
5193,2025-02-13 06:00:00,atelier,,1.7,49.1,0,ouvré,16.767
6871,2025-02-27 06:00:00,bureau_nord,20.65,2.61,50.3,3,ouvré,11.692
8774,2025-03-15 02:00:00,Salle_Serveur,21.93,0.58,44.1,0,weekend,47.913
3183,2025-01-27 12:00:00,Atelier,20.54,4.98,38.9,11,ouvré,32.554
6417,2025-02-23 11:00:00,Bureau_Sud,21.79,5.14,42.7,0,weekend,9.022
5693,2025-02-17 10:00:00,atelier,20.84,7.09,54.4,8,ouvré,24.306
6344,2025-02-22 20:00:00,Salle Serveur,19.81,3.26,49.3,0,weekend,46.057
10197,2025-03-26 23:00:00,Bureau_Sud,21.31,2.25,47.9,6,ouvré,9.931
10227,2025-03-27 05:00:00,Bureau_Sud,20.19,3.56,36.8,7,ouvré,9.255
4521,2025-02-07 16:00:00,BUREAU NORD,20.76,5.92,,5,ouvré,14.946
2617,2025-01-22 19:00:00,bureau sud,20.81,2.86,58.2,9,ouvré,12.233
6201,2025-02-21 16:00:00,bureau_nord,21.56,8.04,50.4,7,ouvré,12.166
495,2025-01-05 02:00:00,accueil ,22.26,-1.71,48.7,0,weekend,9.573
9296,2025-03-19 11:00:00,bureau_nord,20.94,7.07,36.7,7,ouvré,15.31
8531,2025-03-13 02:00:00,bureau_nord,19.91,0.99,40.1,2,ouvré,10.338
4361,2025-02-06 08:00:00,BUREAU NORD,21.57,2.14,40.8,5,ouvré,14.076
8247,2025-03-10 17:00:00,bureau sud,21.39,9.11,52.8,16,ouvré,12.887
6435,2025-02-23 14:00:00,accueil ,20.57,6.6,48.4,0,weekend,7.163
8540,2025-03-13 03:00:00,Accueil,20.61,2.11,47.6,8,,8.326
5303,2025-02-14 04:00:00,atelier,20.34,0.27,41.5,4,ouvré,15.649
2347,2025-01-20 13:00:00,Bureau_Sud,22.6,5.51,41.7,1,ouvré,19.289
3075,2025-01-26 14:00:00,Accueil,22.37,6.05,44.1,0,weekend,7.697
7737,2025-03-06 11:00:00,bureau sud,21.86,6.85,42.3,4,ouvré,17.352
6970,2025-02-28 01:00:00,accueil ,21.3,0.95,50.6,7,ouvré,9.845
9160,2025-03-18 07:00:00,Accueil,21.67,5.21,44.3,3,ouvré,7.776
10171,2025-03-26 18:00:00,Bureau_Nord,19.61,10.82,53.6,8,ouvré,7.751
4822,2025-02-10 04:00:00,Bureau_Sud,19.92,-4.43,,2,ouvré,13.221
176,2025-01-02 11:00:00,Bureau_Nord,20.45,5.11,48.8,6,ouvré,17.769
1479,2025-01-13 07:00:00,Salle Serveur,19.7,0.39,53.4,0,ouvré,48.158
10155,2025-03-26 14:00:00,Accueil,19.61,10.79,43.3,0,ouvré,9.744
5686,2025-02-17 09:00:00,Bureau_Nord,,3.38,34.8,7,ouvré,14.285
7506,2025-03-04 13:00:00,bureau_nord,21.11,7.12,38.4,7,ouvré,17.874
9778,2025-03-23 11:00:00,atelier,22.45,9.91,37.3,0,weekend,10.509
1996,2025-01-17 15:00:00,BUREAU NORD,20.6,6.54,42.9,0,ouvré,16.51
10774,2025-03-31 18:00:00,Salle Serveur,20.93,11.76,39.5,0,ouvré,41.999
6670,2025-02-25 13:00:00,Accueil,20.13,6.74,36.6,9,ouvré,12.503
9855,2025-03-24 02:00:00,accueil ,20.38,4.93,37.9,7,ouvré,7.27
4400,2025-02-06 15:00:00,accueil ,21.08,7.62,32.1,6,ouvré,12.024
1201,2025-01-11 00:00:00,bureau_nord,21.17,0.83,46.0,0,weekend,11.558
4581,2025-02-08 04:00:00,bureau_nord,19.21,-0.69,44.7,0,weekend,12.546
4696,2025-02-09 03:00:00,BUREAU NORD,20.33,-0.84,48.7,0,weekend,11.472
7345,2025-03-03 04:00:00,Accueil,21.0,-0.6,51.8,1,ouvré,9.819
9407,2025-03-20 09:00:00,bureau sud,20.1,6.39,27.7,8,ouvré,13.494
9072,2025-03-17 14:00:00,Bureau_Sud,22.52,10.57,48.5,,ouvré,17.066
4581,2025-02-08 04:00:00,bureau_nord,19.21,-0.69,44.7,0,weekend,12.546
9452,2025-03-20 18:00:00,bureau sud,21.02,8.77,44.2,11,ouvré,11.739
1731,2025-01-15 10:00:00,bureau_nord,20.23,1.19,49.6,10,ouvré,16.097
6991,2025-02-28 06:00:00,bureau_nord,20.63,2.75,,6,ouvré,11.149
2370,2025-01-20 17:00:00,accueil ,20.67,4.13,38.8,13,ouvré,11.609
8269,2025-03-10 21:00:00,Salle_Serveur,21.07,5.22,39.6,0,ouvré,46.076
2190,2025-01-19 05:00:00,accueil ,21.18,-0.28,31.0,0,weekend,12.14
1737,2025-01-15 11:00:00,bureau sud,20.31,3.61,47.1,4,ouvré,19.023
6754,2025-02-26 06:00:00,Salle Serveur,22.02,-0.55,43.7,0,ouvré,48.369
10565,2025-03-30 00:00:00,Accueil,19.86,5.58,45.2,0,weekend,6.637
8828,2025-03-15 13:00:00,Atelier,19.28,8.85,50.1,0,weekend,9.864
10782,2025-03-31 20:00:00,bureau sud,20.41,10.75,,11,ouvré,9.205
1182,2025-01-10 20:00:00,Bureau_Sud,21.68,3.96,50.1,10,ouvré,11.8
5111,2025-02-12 14:00:00,BUREAU NORD,21.9,6.71,57.0,14,ouvré,15.768
8356,2025-03-11 15:00:00,Bureau_Nord,21.11,9.44,42.3,11,ouvré,14.814
7909,2025-03-07 21:00:00,Salle Serveur,21.08,6.86,45.1,0,ouvré,44.263
2767,2025-01-24 01:00:00,bureau sud,21.56,-1.71,38.0,14,ouvré,10.854
4210,2025-02-05 01:00:00,Accueil,22.79,-0.25,45.0,13,ouvré,8.776
2888,2025-01-25 01:00:00,atelier,20.63,-3.98,47.2,0,weekend,16.34
9387,2025-03-20 05:00:00,Bureau_Sud,20.62,5.23,49.7,3,ouvré,10.092
3039,2025-01-26 07:00:00,Salle_Serveur,20.22,2.3,44.4,0,weekend,47.161
7890,2025-03-07 17:00:00,Accueil,20.46,8.76,47.7,12,ouvré,8.49
9885,2025-03-24 08:00:00,accueil ,21.02,5.47,49.8,9,ouvré,10.565
8077,2025-03-09 07:00:00,bureau sud,21.03,4.31,40.2,0,weekend,10.955
3675,2025-01-31 14:00:00,accueil ,21.38,7.61,,5,ouvré,11.946
6224,2025-02-21 20:00:00,Salle_Serveur,21.95,5.22,,0,ouvré,44.728
6165,2025-02-21 08:00:00,Accueil,21.74,3.94,44.8,14,ouvré,10.98
7828,2025-03-07 05:00:00,Atelier,19.79,2.76,58.8,0,ouvré,11.796
4652,2025-02-08 18:00:00,bureau sud,20.98,5.77,26.5,0,weekend,8.404
7573,2025-03-05 02:00:00,atelier,20.94,2.0,42.3,2,ouvré,14.123
3437,2025-01-29 15:00:00,bureau sud,21.06,5.04,44.7,9,ouvré,17.571
9451,2025-03-20 18:00:00,bureau_nord,20.39,8.77,40.8,15,ouvré,9.728
7876,2025-03-07 15:00:00,BUREAU NORD,19.78,8.73,40.8,9,ouvré,13.104
3569,2025-01-30 17:00:00,Salle_Serveur,20.93,3.79,46.5,0,ouvré,
1176,2025-01-10 19:00:00,BUREAU NORD,21.59,3.26,44.5,11,ouvré,12.109
3571,2025-01-30 18:00:00,bureau_nord,21.56,4.53,42.1,6,ouvré,12.775
5849,2025-02-18 17:00:00,Salle Serveur,21.62,6.81,53.6,0,ouvré,44.17
168,2025-01-02 09:00:00,Atelier,20.98,0.3,38.6,12,ouvré,26.41
6402,2025-02-23 08:00:00,Bureau_Sud,22.28,2.98,40.0,0,weekend,
9370,2025-03-20 01:00:00,Accueil,20.55,3.75,46.6,13,ouvré,7.601
7587,2025-03-05 05:00:00,bureau sud,19.94,-0.77,41.7,13,ouvré,11.13
5007,2025-02-11 17:00:00,Bureau_Sud,19.65,7.65,47.6,8,ouvré,13.648
2625,2025-01-22 20:00:00,accueil ,21.25,4.23,38.6,11,ouvré,9.354
7188,2025-03-01 21:00:00,atelier,21.27,5.43,47.3,0,weekend,11.482
444,2025-01-04 16:00:00,Salle_Serveur,18.83,6.03,,0,weekend,46.297
437,2025-01-04 15:00:00,bureau sud,21.51,5.48,42.9,0,weekend,10.258
4035,2025-02-03 14:00:00,Accueil,20.49,6.98,42.4,6,ouvré,11.883
4865,2025-02-10 12:00:00,accueil ,21.95,6.76,46.6,9,ouvré,10.673
6618,2025-02-25 03:00:00,atelier,21.16,-0.44,304.7,12,ouvré,13.86
4201,2025-02-05 00:00:00,bureau_nord,21.11,1.11,,9,ouvré,9.544
898,2025-01-08 11:00:00,Atelier,20.29,3.67,,7,ouvré,32.018
6474,2025-02-23 22:00:00,Salle_Serveur,19.31,1.71,46.7,,weekend,808.465
1153,2025-01-10 14:00:00,atelier,21.04,4.9,43.6,,ouvré,32.775
6921,2025-02-27 16:00:00,bureau_nord,20.57,9.14,53.1,,ouvré,12.344
2540,2025-01-22 03:00:00,Accueil,21.27,-0.87,45.5,12,ouvré,10.114
6148,2025-02-21 05:00:00,atelier,20.86,-1.41,50.5,9,ouvré,16.182
10029,2025-03-25 13:00:00,Salle_Serveur,20.29,8.98,49.7,0,ouvré,44.802
6824,2025-02-26 20:00:00,Salle Serveur,21.13,3.39,48.8,0,ouvré,46.52
2400,2025-01-20 23:00:00,accueil ,21.75,-1.3,39.3,3,ouvré,
9366,2025-03-20 01:00:00,BUREAU NORD,20.83,3.75,,4,ouvré,9.52
1779,2025-01-15 19:00:00,Salle_Serveur,21.9,4.06,52.2,0,ouvré,47.094
4364,2025-02-06 08:00:00,Salle_Serveur,21.18,2.14,41.4,0,ouvré,46.066
2411,2025-01-21 02:00:00,bureau_nord,19.39,-4.73,45.1,1,ouvré,12.062
4872,2025-02-10 14:00:00,Bureau_Sud,20.75,7.05,51.0,9,ouvré,18.809
956,2025-01-08 23:00:00,bureau_nord,20.25,-0.57,38.7,12,ouvré,11.328
10762,2025-03-31 16:00:00,bureau sud,20.41,12.59,55.1,11,ouvré,13.015
4911,2025-02-10 22:00:00,BUREAU NORD,20.91,0.65,55.1,7,ouvré,10.307
779,2025-01-07 11:00:00,Salle_Serveur,20.86,5.79,47.2,0,ouvré,46.857
7141,2025-03-01 12:00:00,bureau_nord,22.14,7.1,38.2,0,weekend,9.468
7788,2025-03-06 21:00:00,atelier,21.32,2.93,41.1,11,ouvré,14.285
4427,2025-02-06 21:00:00,Bureau_Sud,20.61,3.66,42.2,9,ouvré,10.091
7250,2025-03-02 09:00:00,accueil ,21.06,2.86,38.0,0,weekend,8.469
1366,2025-01-12 09:00:00,BUREAU NORD,19.17,1.97,42.5,0,weekend,12.016
2773,2025-01-24 02:00:00,atelier,21.84,-2.77,46.4,0,ouvré,16.149
6422,2025-02-23 12:00:00,Bureau_Sud,,4.57,,0,weekend,10.733
5244,2025-02-13 16:00:00,Salle_Serveur,21.64,9.07,47.7,,ouvré,43.826
3038,2025-01-26 07:00:00,Atelier,22.3,2.3,38.5,0,weekend,13.765
4616,2025-02-08 11:00:00,Bureau_Nord,22.36,3.46,42.7,0,weekend,8.811
9182,2025-03-18 12:00:00,bureau sud,21.13,9.06,46.5,,ouvré,17.119
5554,2025-02-16 06:00:00,Salle_Serveur,18.99,0.71,42.2,0,weekend,46.414
2559,2025-01-22 07:00:00,Salle Serveur,20.09,1.84,40.0,0,ouvré,-17.539
1157,2025-01-10 15:00:00,bureau sud,20.67,7.36,47.1,6,ouvré,15.941
8558,2025-03-13 07:00:00,atelier,21.19,1.9,37.2,9,ouvré,18.779
3645,2025-01-31 08:00:00,accueil ,20.5,0.48,41.5,6,ouvré,11.442
4531,2025-02-07 18:00:00,Bureau_Nord,20.89,6.93,46.9,8,ouvré,12.784
3272,2025-01-28 06:00:00,Bureau_Sud,21.45,-1.62,45.5,6,ouvré,13.396
1553,2025-01-13 22:00:00,Atelier,19.9,1.18,46.6,6,ouvré,15.421
7037,2025-02-28 15:00:00,Bureau_Sud,20.94,7.72,45.7,9,ouvré,17.366
1368,2025-01-12 09:00:00,Atelier,20.91,1.97,37.2,0,weekend,16.877
9653,2025-03-22 10:00:00,atelier,21.37,8.35,38.6,0,weekend,10.725
2752,2025-01-23 22:00:00,Bureau_Sud,21.3,0.37,47.4,11,ouvré,10.621
8583,2025-03-13 12:00:00,atelier,20.48,8.53,46.8,4,ouvré,31.194
5875,2025-02-18 22:00:00,accueil ,19.83,1.19,54.2,13,ouvré,10.366
6663,2025-02-25 12:00:00,atelier,21.1,6.49,42.4,1,ouvré,31.106
6004,2025-02-20 00:00:00,Salle Serveur,19.92,0.68,44.6,0,ouvré,46.939
443,2025-01-04 16:00:00,Atelier,20.02,6.03,37.7,0,weekend,13.371
6078,2025-02-20 15:00:00,atelier,20.0,6.72,48.0,9,ouvré,28.658
4134,2025-02-04 10:00:00,Salle Serveur,20.81,4.33,40.8,0,ouvré,46.738
9386,2025-03-20 05:00:00,bureau_nord,22.04,5.23,47.5,0,ouvré,9.333
2450,2025-01-21 09:00:00,accueil ,22.13,3.42,,9,ouvré,11.05
6491,2025-02-24 02:00:00,Bureau_Nord,21.17,2.35,44.3,11,ouvré,8.848
5859,2025-02-18 19:00:00,Salle Serveur,21.4,5.9,41.0,0,ouvré,43.96
10578,2025-03-30 03:00:00,atelier,21.88,3.61,41.0,0,weekend,13.994
6623,2025-02-25 04:00:00,Atelier,20.85,-0.22,43.6,2,ouvré,
9600,2025-03-21 23:00:00,accueil ,20.57,3.42,48.0,9,ouvré,8.336
6602,2025-02-25 00:00:00,bureau sud,20.85,-0.35,45.0,14,ouvré,11.539
8471,2025-03-12 14:00:00,bureau_nord,22.13,9.5,52.5,8,ouvré,14.328
1179,2025-01-10 19:00:00,Salle Serveur,20.39,3.26,49.7,0,,46.618
6446,2025-02-23 17:00:00,bureau_nord,21.02,6.3,54.5,0,weekend,7.575
88,2025-01-01 17:00:00,Atelier,22.05,4.62,39.0,4,férié,23.837
5010,2025-02-11 17:00:00,Accueil,21.18,7.65,43.5,7,ouvré,10.004
9697,2025-03-22 19:00:00,bureau sud,23.11,9.64,43.7,0,weekend,6.13
3777,2025-02-01 11:00:00,Bureau_Sud,20.09,6.36,40.8,0,weekend,7.845
4047,2025-02-03 17:00:00,bureau sud,22.74,6.31,34.7,5,ouvré,14.422
1422,2025-01-12 20:00:00,bureau sud,21.31,2.12,43.1,0,weekend,9.715
2715,2025-01-23 14:00:00,Accueil,21.3,5.84,,5,ouvré,15.464
2699,2025-01-23 11:00:00,Salle_Serveur,20.85,3.64,58.8,0,ouvré,45.411
4190,2025-02-04 21:00:00,Accueil,20.14,2.58,44.3,11,ouvré,8.588
2572,2025-01-22 10:00:00,bureau sud,21.14,3.35,41.0,6,ouvré,17.916
8063,2025-03-09 04:00:00,atelier,21.73,0.41,45.1,0,weekend,13.953
4082,2025-02-04 00:00:00,Bureau_Sud,20.88,-0.52,,11,ouvré,11.606
2434,2025-01-21 06:00:00,Salle_Serveur,,2.3,36.7,0,ouvré,46.578
3490,2025-01-30 01:00:00,accueil ,21.74,-3.74,32.4,6,ouvré,10.544
10204,2025-03-27 00:00:00,Salle_Serveur,20.44,4.44,49.6,0,ouvré,47.392
10035,2025-03-25 14:00:00,accueil ,21.67,10.26,29.8,8,ouvré,11.342
5000,2025-02-11 15:00:00,accueil ,21.92,7.49,39.0,11,ouvré,10.77
7076,2025-02-28 23:00:00,BUREAU NORD,21.43,3.19,42.3,6,ouvré,8.497
9360,2025-03-19 23:00:00,accueil ,20.65,4.0,50.8,9,ouvré,9.319
6733,2025-02-26 02:00:00,Atelier,21.36,0.3,28.4,2,ouvré,14.786
3251,2025-01-28 02:00:00,BUREAU NORD,21.21,0.11,48.2,7,ouvré,9.585
4339,2025-02-06 03:00:00,Salle Serveur,20.06,-0.24,45.2,0,ouvré,47.934
2317,2025-01-20 07:00:00,Bureau_Sud,20.98,-1.25,45.6,9,ouvré,15.782
3896,2025-02-02 11:00:00,BUREAU NORD,20.72,4.99,43.7,0,weekend,9.551
2880,2025-01-24 23:00:00,accueil ,20.65,-1.78,34.5,7,ouvré,10.685
8475,2025-03-12 14:00:00,Accueil,21.35,9.5,50.7,,ouvré,10.495
8326,2025-03-11 09:00:00,BUREAU NORD,20.89,6.28,42.4,,ouvré,13.663
10520,2025-03-29 15:00:00,accueil ,21.62,10.93,46.6,0,weekend,5.23
5470,2025-02-15 13:00:00,Accueil,21.06,6.82,44.2,0,weekend,6.98
7408,2025-03-03 17:00:00,atelier,21.62,7.2,41.5,9,ouvré,21.334
4591,2025-02-08 06:00:00,Bureau_Nord,21.0,-0.58,43.7,,weekend,10.262
6359,2025-02-22 23:00:00,Salle Serveur,22.71,2.26,51.9,0,weekend,47.245
4995,2025-02-11 14:00:00,accueil ,20.65,7.02,46.0,5,ouvré,12.711
1461,2025-01-13 04:00:00,BUREAU NORD,21.66,-5.14,51.1,0,ouvré,11.491
3789,2025-02-01 13:00:00,Salle_Serveur,22.44,7.86,40.2,0,weekend,45.069
8818,2025-03-15 11:00:00,atelier,21.86,9.23,41.9,0,weekend,12.543
7563,2025-03-05 00:00:00,Atelier,21.17,3.43,40.5,5,ouvré,13.278
6389,2025-02-23 05:00:00,Salle Serveur,21.85,1.28,39.9,0,weekend,47.161
10293,2025-03-27 18:00:00,atelier,20.92,10.27,42.7,13,ouvré,17.257
2121,2025-01-18 16:00:00,bureau_nord,20.04,7.86,48.0,0,weekend,7.607
9762,2025-03-23 08:00:00,bureau sud,21.56,5.78,37.6,0,weekend,9.271
7805,2025-03-07 00:00:00,accueil ,20.1,0.95,37.6,,ouvré,10.582
2681,2025-01-23 08:00:00,BUREAU NORD,20.93,0.71,,6,ouvré,13.757
932,2025-01-08 18:00:00,bureau sud,22.18,6.01,284.4,,ouvré,13.741
7695,2025-03-06 02:00:00,Accueil,20.51,1.73,43.9,11,ouvré,8.775
8441,2025-03-12 08:00:00,BUREAU NORD,21.88,3.6,29.9,5,ouvré,13.294
1852,2025-01-16 10:00:00,bureau sud,20.83,4.0,48.1,2,ouvré,17.086
6233,2025-02-21 22:00:00,atelier,20.08,4.47,40.9,8,ouvré,11.344
4986,2025-02-11 13:00:00,BUREAU NORD,20.89,6.17,45.6,6,ouvré,17.106
10783,2025-03-31 20:00:00,atelier,20.75,10.75,49.1,5,ouvré,13.156
545,2025-01-05 12:00:00,accueil ,21.2,6.29,47.0,0,weekend,7.625
7736,2025-03-06 11:00:00,BUREAU NORD,21.63,6.85,54.6,2,ouvré,15.789
8604,2025-03-13 16:00:00,Salle Serveur,22.3,11.02,49.5,0,ouvré,43.422
28,2025-01-01 05:00:00,atelier,19.96,-0.5,32.7,10,férié,16.785
1400,2025-01-12 15:00:00,Accueil,,4.93,36.2,0,weekend,7.093
3123,2025-01-27 00:00:00,Atelier,21.17,-2.35,51.9,8,ouvré,13.59
5811,2025-02-18 10:00:00,BUREAU NORD,21.19,2.88,44.0,7,ouvré,17.385
8314,2025-03-11 06:00:00,Salle_Serveur,21.38,1.18,54.1,0,ouvré,47.927
10429,2025-03-28 21:00:00,Salle Serveur,20.62,8.79,,0,ouvré,713.005
1551,2025-01-13 22:00:00,Bureau_Nord,20.91,1.18,42.4,,ouvré,10.497
8568,2025-03-13 09:00:00,atelier,20.18,3.9,45.8,11,ouvré,24.354
4625,2025-02-08 12:00:00,Accueil,22.35,5.53,48.0,0,weekend,6.546
9317,2025-03-19 15:00:00,Bureau_Sud,20.84,11.63,,4,ouvré,14.774
570,2025-01-05 17:00:00,Accueil,21.54,5.89,41.9,0,weekend,7.96
10620,2025-03-30 11:00:00,accueil ,20.57,9.68,,0,weekend,564.385
10587,2025-03-30 05:00:00,bureau sud,21.43,3.42,39.4,,weekend,10.938
3967,2025-02-03 01:00:00,bureau sud,20.92,-1.7,49.8,14,ouvré,11.883
6272,2025-02-22 06:00:00,bureau sud,20.82,-0.02,42.3,,weekend,12.089
3298,2025-01-28 11:00:00,atelier,21.08,4.25,46.7,5,ouvré,31.191
8219,2025-03-10 11:00:00,Salle Serveur,20.0,7.05,,0,ouvré,45.56
6544,2025-02-24 12:00:00,Salle Serveur,21.69,7.95,37.9,0,ouvré,44.404
4809,2025-02-10 01:00:00,Salle Serveur,21.32,-0.91,38.5,0,ouvré,48.477
6282,2025-02-22 08:00:00,Bureau_Sud,20.06,5.74,42.6,0,weekend,8.296
5657,2025-02-17 03:00:00,Bureau_Sud,20.34,-0.65,36.3,11,ouvré,11.831
7187,2025-03-01 21:00:00,bureau sud,22.11,5.43,53.4,0,weekend,8.743
7492,2025-03-04 10:00:00,Bureau_Sud,21.72,7.24,49.5,4,ouvré,15.473
7011,2025-02-28 10:00:00,BUREAU NORD,21.13,5.75,41.0,9,ouvré,14.786
6961,2025-02-28 00:00:00,BUREAU NORD,21.49,1.71,51.7,11,ouvré,10.614
8785,2025-03-15 04:00:00,accueil ,21.06,0.48,51.9,0,weekend,10.805
10505,2025-03-29 12:00:00,accueil ,20.34,8.87,,0,weekend,5.705
8666,2025-03-14 05:00:00,BUREAU NORD,20.27,0.43,46.6,1,ouvré,10.094
2613,2025-01-22 18:00:00,atelier,22.62,4.56,44.9,7,ouvré,18.784
1359,2025-01-12 07:00:00,Salle_Serveur,20.71,1.17,48.8,0,weekend,50.127
3913,2025-02-02 14:00:00,Atelier,20.23,4.79,44.4,0,weekend,11.701
4117,2025-02-04 07:00:00,bureau sud,21.11,0.67,38.8,5,ouvré,891.432
260,2025-01-03 03:00:00,accueil ,20.96,-0.96,43.2,3,ouvré,11.349
2563,2025-01-22 08:00:00,Atelier,21.64,2.16,47.3,9,ouvré,22.117
1390,2025-01-12 13:00:00,Accueil,20.38,7.82,,0,weekend,5.115
535,2025-01-05 10:00:00,accueil ,21.69,3.11,43.5,0,weekend,7.208
5975,2025-02-19 18:00:00,accueil ,20.98,7.36,34.4,4,ouvré,10.039
5524,2025-02-16 00:00:00,Salle_Serveur,19.17,1.04,48.7,0,weekend,47.347
9764,2025-03-23 08:00:00,Salle Serveur,21.69,5.78,40.5,0,weekend,45.172
1137,2025-01-10 11:00:00,bureau sud,19.69,2.83,49.9,13,ouvré,19.078
6553,2025-02-24 14:00:00,Atelier,20.74,8.1,43.3,1,ouvré,30.689
3277,2025-01-28 07:00:00,bureau sud,21.48,1.86,35.9,17,ouvré,12.884
5086,2025-02-12 09:00:00,bureau_nord,21.5,3.58,46.7,12,ouvré,13.843
9819,2025-03-23 19:00:00,Salle Serveur,21.19,10.0,47.5,0,weekend,44.086
6960,2025-02-27 23:00:00,Accueil,21.65,0.11,39.2,7,ouvré,9.061
5611,2025-02-16 18:00:00,Bureau_Nord,21.04,8.88,45.1,0,weekend,7.531
9106,2025-03-17 21:00:00,bureau_nord,20.15,3.95,43.4,10,ouvré,11.365
7291,2025-03-02 18:00:00,BUREAU NORD,20.57,6.04,44.4,0,weekend,7.355
1235,2025-01-11 06:00:00,accueil ,21.28,0.64,39.9,0,weekend,9.912
2593,2025-01-22 14:00:00,atelier,20.19,6.47,,10,ouvré,32.383
1681,2025-01-15 00:00:00,BUREAU NORD,19.66,1.1,45.8,2,ouvré,9.478
336,2025-01-03 19:00:00,BUREAU NORD,20.48,2.36,42.3,2,ouvré,9.846
4971,2025-02-11 10:00:00,BUREAU NORD,19.81,4.78,36.8,2,ouvré,14.963
4650,2025-02-08 17:00:00,accueil ,20.71,5.39,46.7,0,weekend,6.496
10124,2025-03-26 08:00:00,Salle_Serveur,20.98,6.84,36.4,0,ouvré,46.146
10231,2025-03-27 06:00:00,Bureau_Nord,21.18,6.45,42.2,,ouvré,7.881
2917,2025-01-25 07:00:00,Bureau_Sud,22.1,1.88,31.5,0,weekend,11.0
3987,2025-02-03 05:00:00,Bureau_Sud,21.19,-0.49,35.2,11,ouvré,8.893
651,2025-01-06 10:00:00,Bureau_Nord,19.76,4.33,38.5,10,ouvré,16.027
5041,2025-02-12 00:00:00,bureau_nord,21.38,1.28,46.7,2,ouvré,10.554
935,2025-01-08 18:00:00,accueil ,21.15,6.01,55.2,4,ouvré,8.183
2818,2025-01-24 11:00:00,atelier,20.09,3.66,43.7,8,ouvré,30.121
8085,2025-03-09 08:00:00,Accueil,21.23,2.42,44.8,0,weekend,9.452
3118,2025-01-26 23:00:00,Atelier,20.82,-1.36,57.1,0,weekend,15.245
7322,2025-03-03 00:00:00,Bureau_Sud,22.16,0.12,50.7,,ouvré,10.916
171,2025-01-02 10:00:00,Bureau_Nord,21.28,3.47,50.7,3,ouvré,15.844
6452,2025-02-23 18:00:00,Bureau_Sud,20.96,8.04,53.1,0,weekend,8.186
4974,2025-02-11 10:00:00,Salle_Serveur,21.3,4.78,46.4,0,ouvré,44.712
10707,2025-03-31 05:00:00,Bureau_Sud,,3.52,45.1,0,ouvré,10.136
5487,2025-02-15 17:00:00,Bureau_Sud,21.52,6.51,46.1,0,weekend,8.543
243,2025-01-03 00:00:00,Atelier,21.24,-1.7,40.3,5,ouvré,15.394
3793,2025-02-01 14:00:00,Atelier,21.34,5.05,47.9,0,weekend,13.717
8024,2025-03-08 20:00:00,Salle Serveur,,5.98,41.3,0,weekend,45.957
7940,2025-03-08 03:00:00,accueil ,19.85,2.47,45.5,0,weekend,8.812
7898,2025-03-07 19:00:00,Atelier,22.07,8.69,37.3,8,ouvré,15.038
4044,2025-02-03 16:00:00,Salle Serveur,20.78,6.18,51.2,0,ouvré,824.535
1676,2025-01-14 23:00:00,Bureau_Nord,21.43,1.7,50.7,12,ouvré,10.822
8107,2025-03-09 13:00:00,Bureau_Sud,21.32,7.64,39.0,0,weekend,9.168
58,2025-01-01 11:00:00,Atelier,21.46,5.86,50.5,,férié,29.159
1534,2025-01-13 18:00:00,Salle_Serveur,20.75,6.49,,0,ouvré,45.328
10507,2025-03-29 13:00:00,bureau sud,20.61,12.5,45.2,0,weekend,4.538
6372,2025-02-23 02:00:00,bureau sud,20.5,0.19,42.6,0,weekend,11.942
1156,2025-01-10 15:00:00,Bureau_Nord,21.81,7.36,47.1,9,ouvré,16.625
300,2025-01-03 11:00:00,accueil ,22.46,3.51,,19,ouvré,13.073
1200,2025-01-10 23:00:00,accueil ,20.8,-0.2,32.2,11,ouvré,10.802
9923,2025-03-24 16:00:00,Atelier,20.24,11.29,,9,ouvré,24.602
4894,2025-02-10 18:00:00,Salle_Serveur,20.97,3.61,47.5,0,ouvré,45.443
2388,2025-01-20 21:00:00,atelier,19.45,3.73,47.1,7,ouvré,14.408
253,2025-01-03 02:00:00,Atelier,20.78,-1.2,41.8,13,ouvré,14.205
5743,2025-02-17 20:00:00,Atelier,21.36,5.82,43.0,2,ouvré,14.403
9615,2025-03-22 02:00:00,accueil ,,1.94,36.7,0,weekend,9.366
5080,2025-02-12 07:00:00,Accueil,21.07,1.71,50.2,8,ouvré,10.823
4450,2025-02-07 01:00:00,accueil ,21.02,-1.62,46.1,,ouvré,9.911
4933,2025-02-11 02:00:00,Atelier,22.54,-0.1,48.8,5,ouvré,14.885
5343,2025-02-14 12:00:00,Atelier,21.53,6.15,46.7,11,ouvré,34.392
1447,2025-01-13 01:00:00,Bureau_Sud,20.87,-1.05,46.1,8,ouvré,11.517
1837,2025-01-16 07:00:00,bureau sud,20.88,0.6,45.0,10,ouvré,12.255
2109,2025-01-18 13:00:00,Salle Serveur,22.94,3.39,40.8,0,weekend,47.735
1593,2025-01-14 06:00:00,Atelier,22.26,-3.43,36.3,12,ouvré,19.193
2247,2025-01-19 17:00:00,bureau sud,21.4,6.27,40.7,0,weekend,8.284
9906,2025-03-24 13:00:00,Bureau_Nord,21.44,8.84,45.1,7,ouvré,15.185
4510,2025-02-07 13:00:00,Accueil,21.73,5.94,36.7,6,ouvré,13.504
7967,2025-03-08 09:00:00,Bureau_Sud,19.36,6.8,38.8,,weekend,9.075
2832,2025-01-24 14:00:00,bureau sud,21.09,6.63,,11,ouvré,18.069
6922,2025-02-27 16:00:00,Bureau_Sud,19.89,9.14,36.9,9,ouvré,17.059
1294,2025-01-11 18:00:00,Salle Serveur,21.53,6.3,38.7,0,weekend,45.2
4978,2025-02-11 11:00:00,atelier,21.44,3.48,34.3,4,ouvré,30.492
285,2025-01-03 08:00:00,accueil ,21.35,2.49,49.1,10,ouvré,12.167
4261,2025-02-05 12:00:00,Bureau_Nord,19.91,6.22,53.1,10,ouvré,
8344,2025-03-11 12:00:00,Salle Serveur,-999,8.49,47.8,0,ouvré,43.401
9185,2025-03-18 12:00:00,Accueil,21.15,9.06,45.9,7,ouvré,12.107
8521,2025-03-13 00:00:00,Bureau_Nord,20.3,4.45,42.4,0,ouvré,7.655
5858,2025-02-18 19:00:00,atelier,19.55,5.9,35.3,6,ouvré,16.242
2293,2025-01-20 02:00:00,Atelier,21.29,-1.9,40.6,9,ouvré,13.503
4073,2025-02-03 22:00:00,atelier,19.74,0.73,59.5,8,ouvré,13.951
3611,2025-01-31 02:00:00,BUREAU NORD,22.07,-2.31,47.9,7,ouvré,12.382
10354,2025-03-28 06:00:00,Salle_Serveur,22.24,3.71,37.6,0,ouvré,45.385
2351,2025-01-20 14:00:00,bureau_nord,20.25,5.69,43.2,6,ouvré,17.222
7600,2025-03-05 07:00:00,accueil ,20.04,3.64,41.0,13,ouvré,10.494
1704,2025-01-15 04:00:00,Salle_Serveur,21.24,-1.88,31.8,,ouvré,48.307
7355,2025-03-03 06:00:00,Accueil,20.84,1.86,43.6,12,ouvré,9.848
2363,2025-01-20 16:00:00,Atelier,21.1,7.59,59.5,8,ouvré,25.706
1657,2025-01-14 19:00:00,Bureau_Sud,19.6,3.27,48.4,8,ouvré,12.522
10514,2025-03-29 14:00:00,Salle Serveur,21.23,12.94,47.2,0,weekend,42.916
9618,2025-03-22 03:00:00,atelier,21.38,4.31,49.2,0,weekend,13.774
10161,2025-03-26 16:00:00,BUREAU NORD,21.1,13.9,45.8,7,ouvré,10.634
5791,2025-02-18 06:00:00,bureau_nord,20.34,1.69,48.7,13,ouvré,11.881
2240,2025-01-19 15:00:00,accueil ,20.39,6.4,56.0,0,weekend,6.918
9475,2025-03-20 22:00:00,accueil ,21.31,8.65,43.7,10,ouvré,6.899
8081,2025-03-09 08:00:00,BUREAU NORD,21.21,2.42,49.9,0,weekend,10.035
9247,2025-03-19 01:00:00,Bureau_Sud,21.16,2.43,36.9,9,ouvré,10.526
9818,2025-03-23 19:00:00,Atelier,22.31,10.0,50.0,0,weekend,11.387
5664,2025-02-17 04:00:00,Salle Serveur,20.87,-1.05,41.3,,ouvré,46.687
994,2025-01-09 06:00:00,Salle_Serveur,21.4,-2.09,31.7,0,ouvré,51.007
7354,2025-03-03 06:00:00,Salle_Serveur,19.69,1.86,51.3,0,ouvré,45.989
9575,2025-03-21 18:00:00,accueil ,21.62,6.73,42.6,1,ouvré,7.932
6347,2025-02-22 21:00:00,bureau sud,21.11,1.98,48.9,0,weekend,11.201
3324,2025-01-28 16:00:00,Salle_Serveur,20.01,8.1,39.0,0,ouvré,898.523
3388,2025-01-29 05:00:00,atelier,21.56,-0.34,53.5,11,ouvré,16.274
10717,2025-03-31 07:00:00,Bureau_Sud,20.91,8.17,41.4,9,ouvré,10.018
9502,2025-03-21 04:00:00,bureau sud,21.2,0.01,47.5,11,ouvré,
2668,2025-01-23 05:00:00,atelier,21.4,-0.04,44.2,11,ouvré,14.786
328,2025-01-03 17:00:00,Atelier,21.85,4.76,48.2,8,ouvré,616.715
3766,2025-02-01 09:00:00,BUREAU NORD,,3.28,,0,weekend,9.86
9743,2025-03-23 04:00:00,atelier,21.1,2.19,39.6,0,weekend,14.173
9830,2025-03-23 21:00:00,Accueil,19.08,5.9,52.6,0,weekend,8.535
8241,2025-03-10 16:00:00,Bureau_Nord,20.24,10.29,42.6,8,ouvré,11.83
8736,2025-03-14 19:00:00,bureau_nord,20.42,8.64,32.4,4,ouvré,9.718
837,2025-01-07 23:00:00,bureau sud,21.51,0.15,40.0,5,ouvré,11.612
3179,2025-01-27 11:00:00,Salle Serveur,19.73,3.43,44.7,0,ouvré,47.961
8172,2025-03-10 02:00:00,Bureau_Sud,22.09,4.28,36.6,5,ouvré,
7618,2025-03-05 11:00:00,Atelier,18.49,6.1,36.1,9,ouvré,30.641
8144,2025-03-09 20:00:00,Salle_Serveur,21.46,7.47,41.9,0,weekend,46.945
15,2025-01-01 02:00:00,Accueil,21.71,-2.2,46.6,12,férié,11.718
3070,2025-01-26 13:00:00,Accueil,21.86,5.66,34.1,0,weekend,7.025
10130,2025-03-26 09:00:00,accueil ,20.59,7.67,35.6,9,ouvré,10.447
9402,2025-03-20 08:00:00,Bureau_Sud,21.73,4.93,49.1,3,ouvré,13.287
8625,2025-03-13 20:00:00,Accueil,21.64,4.84,54.4,5,ouvré,8.977
9269,2025-03-19 05:00:00,Salle Serveur,20.84,3.8,37.9,0,ouvré,47.0
1726,2025-01-15 09:00:00,Bureau_Nord,20.6,3.08,46.7,12,ouvré,14.257
10150,2025-03-26 13:00:00,accueil ,22.64,9.95,46.4,0,ouvré,9.606
5659,2025-02-17 03:00:00,Salle_Serveur,22.3,-0.65,43.0,0,ouvré,48.126
9763,2025-03-23 08:00:00,atelier,21.24,5.78,40.4,0,weekend,12.128
5038,2025-02-11 23:00:00,atelier,21.11,-1.54,43.3,7,ouvré,14.247
5994,2025-02-19 22:00:00,Salle_Serveur,22.67,3.97,46.7,0,ouvré,45.773
10562,2025-03-30 00:00:00,Bureau_Sud,21.8,5.58,37.6,,weekend,8.586
573,2025-01-05 18:00:00,Atelier,21.9,6.36,48.3,,weekend,11.966
9500,2025-03-21 03:00:00,Accueil,21.62,1.65,52.7,14,ouvré,8.166
6360,2025-02-22 23:00:00,Accueil,21.17,2.26,47.8,0,weekend,8.893
2394,2025-01-20 22:00:00,Salle_Serveur,20.8,-0.32,40.2,0,ouvré,48.191
636,2025-01-06 07:00:00,Bureau_Nord,21.67,1.14,35.7,2,ouvré,11.677
6482,2025-02-24 00:00:00,bureau sud,22.0,-0.03,44.3,8,ouvré,10.985
19,2025-01-01 03:00:00,Salle Serveur,21.22,-2.91,38.9,0,férié,49.752
4587,2025-02-08 05:00:00,Bureau_Sud,20.12,-0.48,,0,weekend,12.095
4990,2025-02-11 13:00:00,accueil ,21.36,6.17,43.5,5,ouvré,12.029
8925,2025-03-16 08:00:00,accueil ,22.41,6.6,42.9,0,weekend,6.46
4729,2025-02-09 09:00:00,Salle_Serveur,21.53,0.93,48.0,,weekend,49.125
9470,2025-03-20 21:00:00,accueil ,20.52,5.72,,,ouvré,8.707
3422,2025-01-29 12:00:00,Bureau_Sud,22.45,6.88,52.5,7,ouvré,19.866
8846,2025-03-15 17:00:00,BUREAU NORD,21.98,7.53,,0,weekend,8.319
8653,2025-03-14 02:00:00,Atelier,20.03,-1.86,57.4,5,ouvré,14.794
8439,2025-03-12 07:00:00,Salle_Serveur,21.04,-0.09,42.2,0,ouvré,49.488
10359,2025-03-28 07:00:00,Salle_Serveur,21.14,7.89,46.3,0,ouvré,44.457
8990,2025-03-16 21:00:00,accueil ,21.52,6.44,46.5,0,weekend,6.741
9495,2025-03-21 02:00:00,accueil ,21.16,3.59,46.8,7,ouvré,7.79
3938,2025-02-02 19:00:00,atelier,21.08,5.97,53.7,,weekend,12.387
5013,2025-02-11 18:00:00,Atelier,20.58,7.75,47.5,11,ouvré,17.545
10468,2025-03-29 05:00:00,atelier,20.83,4.06,39.1,0,weekend,12.786
9401,2025-03-20 08:00:00,BUREAU NORD,20.07,4.93,41.2,13,ouvré,12.809
6341,2025-02-22 20:00:00,bureau_nord,21.13,3.26,42.1,0,weekend,9.249
720,2025-01-06 23:00:00,Accueil,20.23,2.79,,6,ouvré,8.782
9713,2025-03-22 22:00:00,atelier,20.96,6.19,46.1,0,weekend,11.231
9690,2025-03-22 17:00:00,accueil ,20.68,10.78,43.7,0,weekend,5.071
8482,2025-03-12 16:00:00,Bureau_Sud,22.37,5.38,35.3,6,ouvré,16.327
8860,2025-03-15 19:00:00,accueil ,21.18,6.45,44.6,0,weekend,7.143
10656,2025-03-30 19:00:00,bureau_nord,21.27,9.25,39.2,0,weekend,6.495
5294,2025-02-14 02:00:00,Salle Serveur,22.04,-1.46,46.4,0,ouvré,49.198
5301,2025-02-14 04:00:00,bureau_nord,20.85,0.27,55.3,8,ouvré,10.803
8213,2025-03-10 10:00:00,atelier,20.92,5.71,46.9,7,ouvré,28.321
4954,2025-02-11 06:00:00,Salle Serveur,20.41,-0.03,36.9,0,ouvré,46.903
5824,2025-02-18 12:00:00,Salle Serveur,21.12,7.14,52.6,0,ouvré,44.874
10003,2025-03-25 08:00:00,atelier,20.9,4.95,42.3,8,ouvré,18.525
5861,2025-02-18 20:00:00,bureau_nord,19.85,5.68,36.1,9,ouvré,8.533
9969,2025-03-25 01:00:00,Salle Serveur,21.63,2.42,47.2,0,ouvré,46.482
6560,2025-02-24 15:00:00,accueil ,19.36,7.61,42.2,10,ouvré,9.379
7389,2025-03-03 13:00:00,Salle Serveur,21.76,6.84,40.8,0,ouvré,44.064
4154,2025-02-04 14:00:00,Salle Serveur,21.16,5.2,44.8,0,ouvré,44.907
2965,2025-01-25 16:00:00,accueil ,22.56,5.03,52.4,0,weekend,499.01
5317,2025-02-14 07:00:00,bureau sud,20.28,0.65,47.8,8,ouvré,16.614
9027,2025-03-17 05:00:00,bureau sud,20.78,3.04,51.1,12,ouvré,8.983
3481,2025-01-30 00:00:00,Bureau_Nord,20.92,0.24,42.2,12,ouvré,10.76
2762,2025-01-24 00:00:00,bureau sud,21.69,-0.68,45.0,5,ouvré,10.029
4425,2025-02-06 20:00:00,accueil ,20.37,3.39,48.5,5,ouvré,9.05
141,2025-01-02 04:00:00,BUREAU NORD,19.92,-1.82,,8,ouvré,10.927
1100,2025-01-10 03:00:00,accueil ,20.09,-2.81,51.4,5,ouvré,11.181
8515,2025-03-12 22:00:00,Accueil,21.72,5.6,38.6,10,ouvré,6.782
8789,2025-03-15 05:00:00,Salle_Serveur,20.12,3.36,45.7,0,weekend,46.675
2416,2025-01-21 03:00:00,Bureau_Nord,19.82,-1.55,,2,ouvré,11.138
2137,2025-01-18 19:00:00,Bureau_Sud,21.24,4.35,52.0,0,weekend,8.534
1859,2025-01-16 11:00:00,Salle_Serveur,20.95,3.98,51.8,0,ouvré,48.149
10636,2025-03-30 15:00:00,Bureau_Nord,20.31,10.95,40.4,0,weekend,5.953
4394,2025-02-06 14:00:00,Salle_Serveur,21.55,8.05,182.5,0,ouvré,43.995
3457,2025-01-29 19:00:00,bureau sud,22.06,5.79,50.2,6,ouvré,11.38
1714,2025-01-15 06:00:00,Salle_Serveur,20.64,-1.01,45.1,,ouvré,48.31
7269,2025-03-02 13:00:00,Salle Serveur,21.1,7.05,50.6,0,weekend,45.355
5529,2025-02-16 01:00:00,Salle Serveur,20.97,-1.41,,0,weekend,49.016
9070,2025-03-17 13:00:00,accueil ,20.64,7.7,43.9,4,ouvré,11.414
7733,2025-03-06 10:00:00,atelier,20.84,4.59,41.0,9,ouvré,27.779
6401,2025-02-23 08:00:00,bureau_nord,20.28,2.98,41.1,0,weekend,9.192
6265,2025-02-22 04:00:00,Accueil,20.83,-0.81,45.2,,weekend,9.765
2650,2025-01-23 01:00:00,accueil ,19.55,-0.94,56.6,12,ouvré,10.527
1801,2025-01-16 00:00:00,BUREAU NORD,21.28,-0.2,49.7,15,ouvré,10.996
6517,2025-02-24 07:00:00,Bureau_Sud,21.51,-1.1,41.4,13,ouvré,15.914
1296,2025-01-11 19:00:00,BUREAU NORD,19.97,3.7,41.0,0,weekend,9.043
3475,2025-01-29 22:00:00,Accueil,21.24,2.51,37.5,4,ouvré,
5425,2025-02-15 04:00:00,Accueil,21.66,-3.63,35.2,0,weekend,11.073
584,2025-01-05 20:00:00,Salle Serveur,21.04,1.98,44.9,0,weekend,46.246
1728,2025-01-15 09:00:00,atelier,22.05,3.08,,5,ouvré,25.035
2048,2025-01-18 01:00:00,Atelier,19.19,-0.22,45.2,0,weekend,15.548
2588,2025-01-22 13:00:00,atelier,20.52,4.97,48.6,4,ouvré,34.496
5210,2025-02-13 09:00:00,accueil ,23.11,2.09,47.3,13,ouvré,11.479
5712,2025-02-17 14:00:00,bureau sud,20.83,7.55,49.5,3,ouvré,18.569
6689,2025-02-25 17:00:00,Salle_Serveur,20.72,6.34,46.3,0,,46.331
907,2025-01-08 13:00:00,bureau sud,23.12,4.26,47.2,7,ouvré,20.639
8682,2025-03-14 08:00:00,bureau sud,21.23,2.84,39.9,7,ouvré,13.71
2184,2025-01-19 04:00:00,Salle_Serveur,22.31,-2.12,46.2,0,weekend,47.105
1567,2025-01-14 01:00:00,Bureau_Sud,21.12,-0.86,53.6,6,ouvré,11.62
6423,2025-02-23 12:00:00,Atelier,20.02,4.57,40.1,0,weekend,12.838
5925,2025-02-19 08:00:00,accueil ,21.87,2.12,41.9,11,ouvré,500.981
6869,2025-02-27 05:00:00,Salle Serveur,20.49,1.22,44.3,0,ouvré,47.459
7228,2025-03-02 05:00:00,atelier,19.33,3.03,38.3,0,weekend,13.315
8763,2025-03-15 00:00:00,Atelier,22.64,1.98,44.2,0,weekend,14.339
4849,2025-02-10 09:00:00,Salle Serveur,22.99,2.37,48.5,0,ouvré,46.705
3215,2025-01-27 18:00:00,Accueil,20.54,5.34,47.4,4,ouvré,9.503
6966,2025-02-28 01:00:00,bureau_nord,22.01,0.95,57.9,7,ouvré,9.566
8407,2025-03-12 01:00:00,Bureau_Sud,,2.07,53.3,4,ouvré,10.154
7748,2025-03-06 13:00:00,Atelier,20.92,8.78,45.8,7,ouvré,30.657
2531,2025-01-22 02:00:00,bureau_nord,19.46,0.09,48.2,13,ouvré,10.813
649,2025-01-06 09:00:00,Salle Serveur,20.58,2.57,43.7,0,ouvré,46.56
6217,2025-02-21 19:00:00,bureau sud,21.66,8.55,42.4,1,ouvré,8.88
1958,2025-01-17 07:00:00,atelier,20.23,0.2,,6,ouvré,19.025
3966,2025-02-03 01:00:00,Bureau_Nord,20.02,-1.7,,5,ouvré,12.09
8180,2025-03-10 03:00:00,accueil ,20.44,1.43,47.6,2,ouvré,10.267
6286,2025-02-22 09:00:00,bureau_nord,19.29,5.05,61.3,0,weekend,7.4
8893,2025-03-16 02:00:00,atelier,22.28,2.13,39.2,0,weekend,14.711
5459,2025-02-15 11:00:00,Salle Serveur,20.0,4.34,44.2,0,weekend,45.95
5504,2025-02-15 20:00:00,Salle Serveur,22.03,4.27,46.1,0,weekend,45.175
8798,2025-03-15 07:00:00,atelier,18.77,5.86,55.6,,weekend,11.725
2391,2025-01-20 22:00:00,Bureau_Nord,22.15,-0.32,55.1,6,ouvré,12.464
7236,2025-03-02 07:00:00,bureau_nord,20.78,1.47,46.9,0,weekend,11.579
1915,2025-01-16 22:00:00,Accueil,22.61,3.07,45.4,8,ouvré,767.221
6049,2025-02-20 09:00:00,Salle Serveur,,1.7,,0,ouvré,47.295
10151,2025-03-26 14:00:00,BUREAU NORD,20.63,10.79,54.9,11,ouvré,14.505
2265,2025-01-19 20:00:00,accueil ,21.65,3.61,,0,weekend,8.438
2024,2025-01-17 20:00:00,Salle Serveur,20.29,4.35,43.2,0,ouvré,45.848
5489,2025-02-15 17:00:00,Salle Serveur,20.73,6.51,51.3,,weekend,46.743
4496,2025-02-07 11:00:00,bureau_nord,20.72,3.49,35.1,10,ouvré,17.971
3076,2025-01-26 15:00:00,bureau_nord,20.17,7.32,42.4,0,weekend,7.61
7496,2025-03-04 11:00:00,Bureau_Nord,20.63,6.49,265.7,10,ouvré,15.931
8256,2025-03-10 19:00:00,BUREAU NORD,21.28,4.34,49.2,8,ouvré,11.645
10640,2025-03-30 15:00:00,Accueil,21.02,10.95,49.8,0,weekend,6.731
6721,2025-02-26 00:00:00,Bureau_Nord,20.66,1.7,39.6,7,ouvré,10.691
572,2025-01-05 18:00:00,bureau sud,22.53,6.36,48.3,0,weekend,8.773
3177,2025-01-27 11:00:00,bureau sud,20.25,3.43,46.7,12,ouvré,19.544
10059,2025-03-25 19:00:00,Salle Serveur,21.2,9.26,42.7,0,ouvré,43.188
2693,2025-01-23 10:00:00,Atelier,19.2,5.36,40.4,6,ouvré,28.904
8131,2025-03-09 18:00:00,Bureau_Nord,21.91,7.54,40.4,0,weekend,6.967
10308,2025-03-27 21:00:00,atelier,19.91,7.54,44.0,9,ouvré,11.785
6712,2025-02-25 22:00:00,bureau sud,19.41,2.72,45.3,0,ouvré,8.929
8426,2025-03-12 05:00:00,bureau_nord,19.33,2.21,41.3,2,ouvré,12.013
10422,2025-03-28 20:00:00,Bureau_Sud,21.14,7.86,53.5,6,ouvré,7.519
681,2025-01-06 16:00:00,BUREAU NORD,20.95,5.83,60.6,7,ouvré,15.283
10022,2025-03-25 12:00:00,bureau sud,20.16,8.84,49.6,14,ouvré,18.843
4146,2025-02-04 13:00:00,bureau_nord,22.84,7.52,54.4,7,ouvré,18.065
9832,2025-03-23 22:00:00,bureau sud,20.02,6.09,49.3,0,weekend,8.061
7613,2025-03-05 10:00:00,Atelier,21.38,5.45,40.3,6,ouvré,
3390,2025-01-29 05:00:00,accueil ,21.83,-0.34,50.0,12,ouvré,10.282
3679,2025-01-31 15:00:00,Salle Serveur,20.91,4.02,40.8,0,ouvré,45.532
1238,2025-01-11 07:00:00,Atelier,20.6,0.85,47.1,0,weekend,14.327
2369,2025-01-20 17:00:00,Salle_Serveur,21.15,4.13,41.4,0,ouvré,45.55
2485,2025-01-21 16:00:00,accueil ,20.02,6.4,42.3,,ouvré,11.422
9675,2025-03-22 14:00:00,Accueil,21.18,11.23,50.5,0,weekend,4.428
735,2025-01-07 02:00:00,accueil ,20.96,-3.55,41.4,9,ouvré,9.794
3312,2025-01-28 14:00:00,Bureau_Sud,20.01,6.73,45.1,21,ouvré,20.093
10460,2025-03-29 03:00:00,accueil ,,1.25,38.5,,weekend,9.946
2155,2025-01-18 22:00:00,Accueil,22.19,-1.57,44.2,0,weekend,11.393
2160,2025-01-18 23:00:00,accueil ,20.58,2.27,51.6,0,weekend,7.533
9482,2025-03-21 00:00:00,Bureau_Sud,20.67,5.83,52.9,12,ouvré,8.742
9036,2025-03-17 07:00:00,bureau_nord,20.17,3.46,49.6,3,ouvré,11.355
899,2025-01-08 11:00:00,Salle_Serveur,19.67,3.67,43.5,0,ouvré,
5242,2025-02-13 16:00:00,bureau sud,21.36,9.07,46.6,13,ouvré,14.653
1685,2025-01-15 00:00:00,accueil ,22.77,1.1,48.6,10,ouvré,8.141
10613,2025-03-30 10:00:00,Atelier,21.38,8.94,,0,weekend,12.869
3178,2025-01-27 11:00:00,atelier,20.01,3.43,45.2,6,ouvré,31.703
6290,2025-02-22 09:00:00,accueil ,21.65,5.05,44.3,0,weekend,6.744
2983,2025-01-25 20:00:00,atelier,20.78,3.33,43.0,0,weekend,13.344
3723,2025-02-01 00:00:00,Atelier,20.73,-0.04,51.5,0,weekend,14.78
1916,2025-01-16 23:00:00,BUREAU NORD,,1.4,48.7,0,ouvré,12.476
4305,2025-02-05 20:00:00,Accueil,21.06,6.24,,5,ouvré,8.635
5403,2025-02-15 00:00:00,Atelier,22.78,0.12,48.2,0,weekend,15.206
8035,2025-03-08 22:00:00,Accueil,20.98,3.67,39.5,0,,8.746
9257,2025-03-19 03:00:00,Bureau_Sud,20.07,2.83,40.1,12,ouvré,10.052
6407,2025-02-23 09:00:00,bureau sud,20.24,4.96,46.0,0,weekend,8.88
914,2025-01-08 14:00:00,Salle_Serveur,21.33,7.14,36.1,0,ouvré,44.585
4441,2025-02-07 00:00:00,Bureau_Nord,20.72,-1.06,,4,ouvré,11.271
3446,2025-01-29 17:00:00,BUREAU NORD,20.09,4.26,42.4,6,ouvré,13.432
8018,2025-03-08 19:00:00,atelier,21.6,8.97,45.3,0,,10.174
2557,2025-01-22 07:00:00,bureau sud,20.95,1.84,40.2,6,ouvré,12.008
7356,2025-03-03 07:00:00,bureau_nord,19.54,3.11,43.9,7,ouvré,11.773
2029,2025-01-17 21:00:00,Salle_Serveur,22.44,0.68,43.7,0,ouvré,47.137
4439,2025-02-06 23:00:00,Salle Serveur,20.86,0.95,41.2,0,ouvré,47.539
8532,2025-03-13 02:00:00,bureau sud,20.22,0.99,51.8,,ouvré,9.313
6285,2025-02-22 08:00:00,accueil ,20.66,5.74,52.2,0,weekend,6.251
5443,2025-02-15 08:00:00,Atelier,21.87,1.76,45.8,0,weekend,15.212
10367,2025-03-28 09:00:00,Bureau_Sud,21.24,8.54,34.1,10,ouvré,
614,2025-01-06 02:00:00,Salle_Serveur,22.67,-3.24,62.3,0,ouvré,48.048
3348,2025-01-28 21:00:00,Atelier,,3.09,51.0,7,ouvré,13.609
5366,2025-02-14 17:00:00,bureau_nord,19.42,6.42,49.0,7,ouvré,13.135
3743,2025-02-01 04:00:00,atelier,20.97,-0.19,48.4,0,weekend,16.45
795,2025-01-07 14:00:00,Accueil,21.48,6.11,53.3,0,ouvré,14.109
4488,2025-02-07 09:00:00,Atelier,20.68,2.63,49.2,8,ouvré,24.48
7577,2025-03-05 03:00:00,Bureau_Sud,21.47,1.81,54.9,9,ouvré,10.739
1871,2025-01-16 14:00:00,Bureau_Nord,21.56,7.88,49.1,0,ouvré,16.333
6530,2025-02-24 09:00:00,Accueil,22.47,3.83,44.3,10,ouvré,12.114
10448,2025-03-29 01:00:00,Atelier,20.08,4.98,42.1,0,weekend,13.56
4141,2025-02-04 12:00:00,bureau_nord,20.24,4.49,32.6,1,ouvré,18.14
2521,2025-01-22 00:00:00,BUREAU NORD,20.27,-1.04,57.1,15,ouvré,10.148
9379,2025-03-20 03:00:00,Salle Serveur,21.84,2.39,44.5,0,ouvré,46.869
7507,2025-03-04 13:00:00,bureau sud,23.49,7.12,50.8,5,ouvré,17.98
10524,2025-03-29 16:00:00,Salle_Serveur,20.53,9.58,49.0,0,weekend,43.988
7121,2025-03-01 08:00:00,Bureau_Nord,21.02,2.1,44.6,0,weekend,12.047
2452,2025-01-21 10:00:00,bureau sud,19.93,2.39,29.4,15,ouvré,17.075
3705,2025-01-31 20:00:00,Accueil,20.89,4.17,49.0,11,ouvré,9.422
4585,2025-02-08 04:00:00,Accueil,22.28,-0.69,40.2,0,weekend,499.489
2909,2025-01-25 05:00:00,Salle Serveur,21.79,-1.1,54.3,0,weekend,47.592
1413,2025-01-12 18:00:00,Atelier,21.44,5.58,53.8,0,weekend,13.383
3112,2025-01-26 22:00:00,bureau sud,22.01,-0.16,46.1,,weekend,-11.54
10232,2025-03-27 06:00:00,Bureau_Sud,,6.45,47.2,3,ouvré,9.913
1147,2025-01-10 13:00:00,Bureau_Sud,,6.77,61.5,13,ouvré,18.872
6878,2025-02-27 07:00:00,atelier,20.55,1.48,58.7,9,ouvré,19.452
5462,2025-02-15 12:00:00,bureau sud,21.25,5.59,49.8,0,weekend,8.519
1786,2025-01-15 21:00:00,BUREAU NORD,21.34,2.27,36.1,7,ouvré,9.393
4102,2025-02-04 04:00:00,Bureau_Sud,20.91,-1.27,44.2,10,ouvré,11.963
1386,2025-01-12 13:00:00,Bureau_Nord,20.65,7.82,54.9,0,weekend,8.517
5189,2025-02-13 05:00:00,Salle Serveur,21.14,-2.35,37.7,0,ouvré,49.45
2769,2025-01-24 01:00:00,Salle_Serveur,20.66,-1.71,45.5,0,ouvré,48.923
3596,2025-01-30 23:00:00,BUREAU NORD,21.28,2.82,40.4,6,ouvré,10.143
7969,2025-03-08 09:00:00,Salle Serveur,21.74,6.8,40.2,,weekend,44.833
5159,2025-02-12 23:00:00,Salle Serveur,,2.77,41.8,0,ouvré,47.195
7680,2025-03-05 23:00:00,accueil ,22.27,4.25,40.3,1,ouvré,6.28
6501,2025-02-24 04:00:00,bureau_nord,21.03,2.18,47.4,6,ouvré,10.038
4632,2025-02-08 14:00:00,Bureau_Sud,,7.6,52.6,0,weekend,7.417
7176,2025-03-01 19:00:00,Bureau_Nord,,6.58,,0,weekend,8.699
4665,2025-02-08 20:00:00,Accueil,21.45,4.72,49.6,0,weekend,7.784
1043,2025-01-09 16:00:00,Atelier,22.21,5.65,,0,ouvré,26.79
1528,2025-01-13 17:00:00,Atelier,21.1,4.54,,6,ouvré,23.582
2740,2025-01-23 19:00:00,Accueil,20.7,3.26,38.4,,ouvré,9.403
4889,2025-02-10 17:00:00,Salle Serveur,21.12,6.68,49.9,0,ouvré,45.092
3753,2025-02-01 06:00:00,Atelier,19.76,-1.55,45.5,0,weekend,
10246,2025-03-27 09:00:00,Bureau_Nord,21.87,6.96,43.0,5,ouvré,10.843
8584,2025-03-13 12:00:00,Salle Serveur,21.02,8.53,45.8,0,ouvré,45.842
7961,2025-03-08 08:00:00,BUREAU NORD,21.16,4.48,48.7,0,weekend,9.915
9205,2025-03-18 16:00:00,accueil ,21.49,9.16,,12,ouvré,11.632
4253,2025-02-05 10:00:00,Atelier,,6.07,51.1,8,ouvré,26.242
3657,2025-01-31 11:00:00,Bureau_Sud,20.7,3.44,48.8,9,ouvré,19.372
10764,2025-03-31 16:00:00,Salle_Serveur,21.76,12.59,45.2,0,ouvré,42.069
2852,2025-01-24 18:00:00,bureau sud,22.54,5.64,39.7,10,ouvré,10.505
10139,2025-03-26 11:00:00,Salle Serveur,21.59,8.99,37.0,0,ouvré,43.807
8953,2025-03-16 14:00:00,Atelier,20.62,13.09,60.9,0,weekend,9.203
5969,2025-02-19 17:00:00,Salle_Serveur,20.33,8.41,56.5,0,ouvré,41.851
6337,2025-02-22 19:00:00,bureau sud,20.88,3.65,37.9,0,weekend,10.001
9038,2025-03-17 07:00:00,atelier,20.96,3.46,35.6,12,ouvré,16.819
550,2025-01-05 13:00:00,Accueil,21.74,4.83,47.2,0,weekend,6.363
230,2025-01-02 21:00:00,Accueil,22.32,2.84,45.5,9,ouvré,9.754
2312,2025-01-20 06:00:00,Bureau_Sud,20.16,-3.28,49.0,14,ouvré,13.814
3363,2025-01-29 00:00:00,atelier,21.8,-3.47,47.7,,ouvré,13.846
2185,2025-01-19 04:00:00,Accueil,20.54,-2.12,44.1,0,weekend,9.464
4326,2025-02-06 01:00:00,BUREAU NORD,21.72,-1.38,50.9,2,ouvré,10.836
131,2025-01-02 02:00:00,BUREAU NORD,20.23,-1.48,49.2,,ouvré,10.448
2019,2025-01-17 19:00:00,Salle Serveur,21.39,5.55,48.9,0,ouvré,46.215
4668,2025-02-08 21:00:00,Atelier,20.3,2.23,63.6,0,weekend,14.819
5119,2025-02-12 15:00:00,Salle_Serveur,20.8,6.53,46.0,0,ouvré,45.585
6846,2025-02-27 01:00:00,bureau_nord,21.68,0.99,42.8,6,ouvré,9.036
2704,2025-01-23 12:00:00,Salle_Serveur,-999,5.17,48.0,0,ouvré,46.937
3174,2025-01-27 10:00:00,Salle_Serveur,21.3,2.42,54.7,0,ouvré,48.291
4198,2025-02-04 23:00:00,atelier,21.62,1.32,43.8,,ouvré,13.042
1482,2025-01-13 08:00:00,Bureau_Sud,20.29,0.4,52.0,6,ouvré,15.006
4142,2025-02-04 12:00:00,bureau sud,21.3,4.49,51.8,14,ouvré,19.142
501,2025-01-05 04:00:00,Bureau_Nord,22.42,-0.86,36.2,0,weekend,10.258
1431,2025-01-12 22:00:00,bureau_nord,21.52,0.7,46.1,0,weekend,10.835
9993,2025-03-25 06:00:00,Atelier,20.57,4.87,,11,ouvré,15.304
3802,2025-02-01 16:00:00,Bureau_Sud,21.22,4.89,41.8,0,weekend,8.009
3328,2025-01-28 17:00:00,atelier,21.62,4.1,,17,ouvré,23.58
8088,2025-03-09 09:00:00,atelier,19.72,7.99,49.6,0,weekend,11.098
7579,2025-03-05 03:00:00,Salle Serveur,20.07,1.81,43.8,0,ouvré,48.637
9313,2025-03-19 14:00:00,atelier,20.55,9.15,52.9,8,ouvré,31.784
3767,2025-02-01 09:00:00,bureau sud,22.6,3.28,39.2,0,weekend,8.841
882,2025-01-08 08:00:00,Bureau_Sud,20.2,-0.05,39.5,12,ouvré,13.739
7398,2025-03-03 15:00:00,atelier,20.55,7.82,38.1,6,ouvré,30.13
9901,2025-03-24 12:00:00,Bureau_Nord,20.43,8.56,42.3,2,ouvré,16.082
10377,2025-03-28 11:00:00,bureau sud,22.15,9.76,43.5,3,ouvré,14.729
4124,2025-02-04 08:00:00,Salle Serveur,22.33,2.9,57.6,0,ouvré,47.22
3478,2025-01-29 23:00:00,atelier,20.13,0.27,49.0,9,ouvré,15.787
5585,2025-02-16 12:00:00,accueil ,20.49,4.49,46.9,0,weekend,8.496
8308,2025-03-11 05:00:00,atelier,20.39,3.08,43.4,6,ouvré,13.603
1243,2025-01-11 08:00:00,Atelier,,1.54,45.3,0,weekend,12.836
5454,2025-02-15 10:00:00,Salle_Serveur,21.37,4.19,36.8,,weekend,47.272
8185,2025-03-10 04:00:00,Accueil,21.8,2.81,43.3,,ouvré,8.413
8870,2025-03-15 21:00:00,accueil ,20.96,3.45,40.1,,weekend,9.044
3131,2025-01-27 02:00:00,BUREAU NORD,,-1.27,36.9,7,ouvré,11.026
5511,2025-02-15 22:00:00,Bureau_Nord,,3.21,52.3,0,weekend,10.178
610,2025-01-06 01:00:00,Accueil,20.92,-1.94,48.2,10,ouvré,12.375
7929,2025-03-08 01:00:00,Salle_Serveur,20.32,2.3,46.4,0,weekend,45.111
7547,2025-03-04 21:00:00,Bureau_Sud,20.27,6.47,49.5,10,ouvré,7.481
2331,2025-01-20 10:00:00,BUREAU NORD,20.17,3.07,40.7,5,ouvré,15.632
1647,2025-01-14 17:00:00,Bureau_Sud,20.63,4.59,36.8,7,ouvré,15.877
10043,2025-03-25 16:00:00,atelier,20.58,11.33,30.7,4,ouvré,23.264
3103,2025-01-26 20:00:00,atelier,22.16,3.5,45.8,,weekend,12.358
421,2025-01-04 12:00:00,BUREAU NORD,22.12,5.9,31.7,0,weekend,8.592
8830,2025-03-15 13:00:00,accueil ,22.0,8.85,38.6,,weekend,7.128
5147,2025-02-12 21:00:00,bureau sud,20.78,3.96,53.3,7,ouvré,11.145
8434,2025-03-12 06:00:00,Salle Serveur,21.63,3.01,41.0,0,ouvré,47.415
7652,2025-03-05 18:00:00,Bureau_Sud,21.18,8.99,34.9,7,ouvré,11.407
8648,2025-03-14 01:00:00,atelier,20.5,2.31,45.3,5,ouvré,11.566
10639,2025-03-30 15:00:00,Salle_Serveur,22.16,10.95,37.9,0,weekend,44.096
6308,2025-02-22 13:00:00,atelier,20.44,7.55,49.5,0,weekend,10.98
885,2025-01-08 08:00:00,accueil ,21.52,-0.05,46.3,6,ouvré,12.509
8855,2025-03-15 18:00:00,Accueil,,10.2,41.4,0,weekend,5.387
6946,2025-02-27 21:00:00,bureau_nord,21.18,5.39,46.9,10,ouvré,10.445
4160,2025-02-04 15:00:00,accueil ,21.66,5.62,39.2,4,ouvré,14.994
6918,2025-02-27 15:00:00,atelier,22.24,9.48,47.0,3,ouvré,26.721
3663,2025-01-31 12:00:00,atelier,20.7,4.31,40.8,10,ouvré,33.229
1713,2025-01-15 06:00:00,Atelier,20.66,-1.01,55.5,10,ouvré,15.943
1576,2025-01-14 03:00:00,BUREAU NORD,21.22,-3.05,51.4,4,ouvré,11.764
8110,2025-03-09 13:00:00,accueil ,23.21,7.64,33.4,0,weekend,824.602
965,2025-01-09 00:00:00,accueil ,21.39,-2.85,43.9,7,ouvré,10.091
9479,2025-03-20 23:00:00,Salle Serveur,21.23,4.37,54.2,0,ouvré,45.613
4970,2025-02-11 09:00:00,Accueil,21.04,2.34,47.2,12,ouvré,11.449
9952,2025-03-24 22:00:00,bureau sud,19.7,6.01,50.9,1,ouvré,9.923
981,2025-01-09 04:00:00,BUREAU NORD,20.33,0.93,45.8,11,ouvré,10.125
1171,2025-01-10 18:00:00,BUREAU NORD,21.81,3.48,40.1,7,ouvré,12.629
7740,2025-03-06 11:00:00,accueil ,,6.85,53.6,8,ouvré,12.573
3655,2025-01-31 10:00:00,accueil ,20.26,3.49,47.4,13,ouvré,12.052
2107,2025-01-18 13:00:00,Bureau_Sud,21.73,3.39,42.8,0,weekend,8.932
9276,2025-03-19 07:00:00,BUREAU NORD,21.44,4.82,34.9,7,ouvré,10.525
9331,2025-03-19 18:00:00,bureau_nord,21.5,9.66,41.4,15,ouvré,10.157
1863,2025-01-16 12:00:00,Atelier,20.98,2.91,38.7,4,ouvré,33.907
8965,2025-03-16 16:00:00,Accueil,21.7,10.95,50.5,0,weekend,4.996
9426,2025-03-20 13:00:00,bureau_nord,21.34,8.18,53.2,0,ouvré,15.681
9793,2025-03-23 14:00:00,atelier,22.12,12.35,54.0,0,weekend,8.549
6792,2025-02-26 14:00:00,Bureau_Sud,22.05,8.85,41.0,5,ouvré,17.412
350,2025-01-03 21:00:00,Accueil,21.72,1.31,51.3,5,ouvré,9.308
9552,2025-03-21 14:00:00,bureau sud,21.65,12.42,47.2,3,ouvré,14.487
9826,2025-03-23 21:00:00,Bureau_Nord,,5.9,35.8,0,weekend,9.16
641,2025-01-06 08:00:00,BUREAU NORD,21.31,1.37,,,ouvré,13.085
7419,2025-03-03 19:00:00,Salle_Serveur,,5.6,39.7,0,ouvré,44.256
4752,2025-02-09 14:00:00,Bureau_Sud,,7.07,48.8,0,weekend,8.345
9462,2025-03-20 20:00:00,Bureau_Sud,21.07,7.77,49.7,10,ouvré,8.081
8660,2025-03-14 03:00:00,accueil ,21.9,1.51,44.4,9,ouvré,9.224
6000,2025-02-19 23:00:00,Accueil,21.43,0.49,40.4,4,ouvré,10.121
8199,2025-03-10 07:00:00,Salle Serveur,19.79,4.53,41.2,0,ouvré,46.587
8360,2025-03-11 15:00:00,accueil ,20.16,9.44,32.1,13,,9.968
2906,2025-01-25 05:00:00,Bureau_Nord,20.27,-1.1,48.1,0,weekend,11.901
3873,2025-02-02 06:00:00,Atelier,19.7,-0.31,50.8,0,weekend,13.736
4906,2025-02-10 21:00:00,bureau_nord,21.53,4.87,52.6,11,ouvré,-24.423
1658,2025-01-14 19:00:00,atelier,21.19,3.27,41.4,16,ouvré,17.643
6642,2025-02-25 08:00:00,bureau sud,19.68,4.84,49.8,6,ouvré,11.728
165,2025-01-02 08:00:00,accueil ,22.11,-0.17,,1,ouvré,13.292
3220,2025-01-27 19:00:00,accueil ,20.73,4.73,,6,ouvré,10.239
4699,2025-02-09 03:00:00,Salle Serveur,21.82,-0.84,42.3,0,weekend,47.123
1628,2025-01-14 13:00:00,Atelier,,7.16,40.1,,ouvré,34.25
3140,2025-01-27 03:00:00,accueil ,21.07,-1.49,40.3,4,ouvré,11.167
10549,2025-03-29 21:00:00,Salle Serveur,19.88,6.84,63.5,0,weekend,45.782
2501,2025-01-21 20:00:00,BUREAU NORD,21.58,3.74,43.1,9,ouvré,8.97
8046,2025-03-09 01:00:00,Bureau_Nord,20.56,2.85,51.1,0,weekend,10.087
6075,2025-02-20 14:00:00,accueil ,22.35,8.13,40.0,4,ouvré,12.43
7899,2025-03-07 19:00:00,Salle_Serveur,20.39,8.69,33.2,0,ouvré,43.672
8377,2025-03-11 19:00:00,Bureau_Sud,21.07,6.3,43.8,9,ouvré,12.611
2417,2025-01-21 03:00:00,Bureau_Sud,21.13,-1.55,37.2,2,ouvré,13.305
6679,2025-02-25 15:00:00,Salle_Serveur,21.06,6.47,41.0,0,ouvré,44.925
2896,2025-01-25 03:00:00,BUREAU NORD,20.73,-2.88,41.1,0,weekend,12.228
10288,2025-03-27 17:00:00,atelier,19.81,11.31,,9,ouvré,21.515
428,2025-01-04 13:00:00,atelier,21.08,4.29,40.2,0,weekend,13.005
5302,2025-02-14 04:00:00,Bureau_Sud,19.6,0.27,36.9,8,ouvré,11.7
9863,2025-03-24 04:00:00,atelier,21.99,1.33,45.7,8,ouvré,14.436
4968,2025-02-11 09:00:00,atelier,21.41,2.34,45.8,7,ouvré,
6912,2025-02-27 14:00:00,Bureau_Sud,21.78,8.97,37.4,,ouvré,18.055
3610,2025-01-31 01:00:00,Accueil,19.79,-0.7,45.9,7,ouvré,9.711
9184,2025-03-18 12:00:00,Salle_Serveur,21.89,9.06,46.5,0,ouvré,45.217
6812,2025-02-26 18:00:00,bureau sud,20.41,7.78,46.9,8,ouvré,11.472
5235,2025-02-13 14:00:00,accueil ,19.47,4.15,49.8,8,ouvré,596.464
6382,2025-02-23 04:00:00,bureau sud,21.02,-0.86,41.8,0,weekend,12.543
7286,2025-03-02 17:00:00,BUREAU NORD,19.49,9.56,41.1,0,weekend,6.102
1599,2025-01-14 07:00:00,Salle_Serveur,20.59,-0.34,46.9,0,ouvré,48.515
5131,2025-02-12 18:00:00,Bureau_Nord,20.67,4.79,58.9,0,ouvré,11.746
5396,2025-02-14 23:00:00,Bureau_Nord,22.25,-0.29,36.5,4,ouvré,11.161
2610,2025-01-22 17:00:00,accueil ,19.26,5.23,45.9,10,ouvré,11.019
5704,2025-02-17 12:00:00,Salle Serveur,20.57,6.16,45.3,0,ouvré,45.064
10089,2025-03-26 01:00:00,Salle_Serveur,21.75,3.77,42.6,0,ouvré,46.881
5461,2025-02-15 12:00:00,bureau_nord,20.14,5.59,49.7,0,weekend,9.909
6599,2025-02-24 23:00:00,Salle_Serveur,21.16,1.32,48.2,0,ouvré,48.366
9326,2025-03-19 17:00:00,BUREAU NORD,21.43,9.01,49.0,6,ouvré,11.132
3100,2025-01-26 19:00:00,Accueil,19.98,3.66,26.1,0,weekend,8.321
1307,2025-01-11 21:00:00,Bureau_Sud,20.96,0.47,53.1,0,weekend,11.022
1736,2025-01-15 11:00:00,Bureau_Nord,20.84,3.61,40.6,3,ouvré,16.217
4139,2025-02-04 11:00:00,Salle_Serveur,20.48,4.74,46.1,0,ouvré,46.172
9454,2025-03-20 18:00:00,Salle Serveur,21.28,8.77,37.0,0,ouvré,-14.228
432,2025-01-04 14:00:00,Bureau_Sud,20.42,6.38,46.1,0,weekend,8.482
4225,2025-02-05 04:00:00,Accueil,,-1.72,38.2,7,ouvré,8.99
5916,2025-02-19 07:00:00,BUREAU NORD,20.46,0.5,50.4,7,ouvré,12.476
2775,2025-01-24 02:00:00,accueil ,20.01,-2.77,47.4,2,ouvré,11.676
380,2025-01-04 03:00:00,Accueil,19.79,-1.25,50.3,0,weekend,10.895
2423,2025-01-21 04:00:00,atelier,21.46,-1.53,40.2,10,ouvré,14.89
1780,2025-01-15 19:00:00,accueil ,21.31,4.06,51.1,15,ouvré,10.722
3047,2025-01-26 09:00:00,Bureau_Sud,,3.7,,0,weekend,9.412
6577,2025-02-24 19:00:00,Bureau_Sud,20.75,6.75,45.3,5,,9.871
5509,2025-02-15 21:00:00,Salle_Serveur,21.67,5.68,30.9,0,weekend,45.214
4259,2025-02-05 11:00:00,Salle Serveur,21.18,2.88,44.9,0,ouvré,45.464
2707,2025-01-23 13:00:00,bureau sud,21.08,4.22,51.5,13,ouvré,20.217
1662,2025-01-14 20:00:00,bureau sud,20.9,1.26,45.4,6,ouvré,12.42
10646,2025-03-30 17:00:00,bureau_nord,,13.13,44.0,0,weekend,549.301
9871,2025-03-24 06:00:00,bureau_nord,20.89,2.81,42.9,8,ouvré,10.297
486,2025-01-05 01:00:00,bureau_nord,20.44,0.44,37.4,0,weekend,10.788
2311,2025-01-20 06:00:00,Bureau_Nord,22.51,-3.28,57.1,12,ouvré,13.43
2961,2025-01-25 16:00:00,BUREAU NORD,20.62,5.03,41.0,,weekend,8.063
5236,2025-02-13 15:00:00,BUREAU NORD,21.27,6.13,43.6,7,ouvré,15.898
10673,2025-03-30 22:00:00,Atelier,20.99,7.28,44.4,0,weekend,12.832
4068,2025-02-03 21:00:00,Atelier,20.84,2.46,37.7,6,ouvré,16.098
2237,2025-01-19 15:00:00,bureau sud,21.64,6.4,48.2,0,weekend,8.672
2733,2025-01-23 18:00:00,Atelier,18.63,4.18,,9,ouvré,21.231
8383,2025-03-11 20:00:00,atelier,20.86,6.38,47.6,4,ouvré,16.017
3559,2025-01-30 15:00:00,Salle_Serveur,20.56,6.8,42.3,0,ouvré,43.683
2143,2025-01-18 20:00:00,Atelier,20.75,2.71,56.3,0,weekend,13.952
5046,2025-02-12 01:00:00,BUREAU NORD,21.65,-1.21,45.1,9,ouvré,12.422
7047,2025-02-28 17:00:00,bureau sud,23.03,8.73,51.9,5,ouvré,12.764
4096,2025-02-04 03:00:00,Bureau_Nord,19.53,-1.6,41.3,7,ouvré,12.756
408,2025-01-04 09:00:00,atelier,19.99,3.25,48.3,,weekend,15.534
225,2025-01-02 20:00:00,accueil ,21.13,2.93,45.1,6,ouvré,10.202
2624,2025-01-22 20:00:00,Salle_Serveur,22.17,4.23,55.6,0,ouvré,46.227
2932,2025-01-25 10:00:00,Bureau_Sud,21.97,3.72,40.1,0,weekend,10.665
859,2025-01-08 03:00:00,Salle Serveur,20.81,-2.74,40.5,0,ouvré,50.216
762,2025-01-07 08:00:00,bureau sud,20.78,0.21,,6,ouvré,15.432
10189,2025-03-26 21:00:00,Salle Serveur,21.07,6.52,38.3,0,ouvré,44.088
6582,2025-02-24 20:00:00,Bureau_Sud,20.47,3.65,48.5,3,ouvré,11.739
7699,2025-03-06 03:00:00,Salle_Serveur,21.23,1.21,33.1,0,ouvré,48.285
7718,2025-03-06 07:00:00,atelier,19.48,2.3,44.9,7,ouvré,17.035
9324,2025-03-19 16:00:00,Salle_Serveur,19.87,9.64,44.6,0,ouvré,42.17
7339,2025-03-03 03:00:00,Salle_Serveur,20.43,2.1,46.6,0,ouvré,48.909
1298,2025-01-11 19:00:00,atelier,22.38,3.7,39.9,0,weekend,826.61
471,2025-01-04 22:00:00,Bureau_Nord,22.17,1.2,42.7,0,weekend,9.01
754,2025-01-07 06:00:00,Salle_Serveur,20.6,-1.21,39.8,0,ouvré,49.597
1876,2025-01-16 15:00:00,Bureau_Nord,21.61,7.68,58.6,3,,15.403
10145,2025-03-26 12:00:00,accueil ,21.08,10.67,41.9,11,ouvré,11.853
8031,2025-03-08 22:00:00,bureau_nord,21.36,3.67,38.3,0,weekend,9.856
714,2025-01-06 22:00:00,Salle_Serveur,21.02,0.49,52.9,0,ouvré,47.3
8858,2025-03-15 19:00:00,Atelier,20.57,6.45,57.5,0,weekend,11.279
6714,2025-02-25 22:00:00,Salle_Serveur,20.67,2.72,40.9,0,ouvré,46.709
10362,2025-03-28 08:00:00,bureau sud,21.47,6.06,44.7,8,ouvré,10.551
1274,2025-01-11 14:00:00,Salle Serveur,21.19,5.34,44.6,0,weekend,43.887
9900,2025-03-24 11:00:00,accueil ,20.97,10.02,42.4,8,ouvré,9.56
8209,2025-03-10 09:00:00,Salle_Serveur,22.14,4.28,51.4,0,ouvré,46.852
10399,2025-03-28 15:00:00,Salle_Serveur,22.16,11.44,52.8,0,ouvré,42.396
7723,2025-03-06 08:00:00,Atelier,21.78,4.61,44.6,9,ouvré,21.445
4116,2025-02-04 07:00:00,bureau_nord,21.67,0.67,45.6,,ouvré,14.065
9734,2025-03-23 02:00:00,Salle_Serveur,21.51,1.84,,0,weekend,47.251
7526,2025-03-04 17:00:00,BUREAU NORD,21.52,6.57,35.1,13,ouvré,12.877
6765,2025-02-26 08:00:00,Accueil,21.08,3.18,54.2,5,ouvré,10.424
9621,2025-03-22 04:00:00,BUREAU NORD,21.5,2.62,50.5,0,weekend,9.946
2322,2025-01-20 08:00:00,bureau sud,22.35,-0.32,35.4,,ouvré,15.667
10695,2025-03-31 02:00:00,Accueil,21.42,1.95,55.4,5,ouvré,10.517
6364,2025-02-23 00:00:00,Salle_Serveur,19.6,0.14,48.9,0,,46.523
4389,2025-02-06 13:00:00,Salle_Serveur,21.23,6.0,44.7,0,ouvré,44.623
7100,2025-03-01 03:00:00,Accueil,21.92,0.92,37.9,0,weekend,8.171
2186,2025-01-19 05:00:00,BUREAU NORD,19.62,-0.28,46.4,0,weekend,10.301
788,2025-01-07 13:00:00,Atelier,19.91,5.17,52.6,10,ouvré,33.874
2529,2025-01-22 01:00:00,Salle_Serveur,21.28,-1.03,,0,ouvré,48.955
3641,2025-01-31 08:00:00,Bureau_Nord,21.46,0.48,43.9,12,ouvré,13.512
4915,2025-02-10 22:00:00,accueil ,19.83,0.65,49.1,4,ouvré,10.8
5275,2025-02-13 22:00:00,accueil ,20.73,1.96,36.7,11,ouvré,9.566
424,2025-01-04 12:00:00,Salle_Serveur,19.69,5.9,51.0,0,weekend,45.609
7488,2025-03-04 09:00:00,Atelier,21.31,3.83,38.7,8,ouvré,24.767
10142,2025-03-26 12:00:00,Bureau_Sud,21.44,10.67,45.9,14,ouvré,17.902
4291,2025-02-05 18:00:00,Bureau_Nord,21.24,4.81,38.1,6,ouvré,12.365
9058,2025-03-17 11:00:00,atelier,20.33,7.59,43.1,5,ouvré,27.573
9305,2025-03-19 12:00:00,Accueil,20.63,8.7,44.6,5,ouvré,12.301
5163,2025-02-13 00:00:00,atelier,22.07,0.56,40.9,12,ouvré,14.265
3436,2025-01-29 15:00:00,bureau_nord,21.52,5.04,45.9,8,ouvré,16.299
7279,2025-03-02 15:00:00,Salle_Serveur,21.36,8.26,41.7,0,weekend,43.101
2745,2025-01-23 20:00:00,Accueil,19.32,4.69,46.6,9,ouvré,9.778
4858,2025-02-10 11:00:00,Atelier,20.05,5.54,41.2,8,ouvré,29.877
7282,2025-03-02 16:00:00,Bureau_Sud,20.13,10.81,51.4,0,weekend,7.685
10376,2025-03-28 11:00:00,BUREAU NORD,21.73,9.76,41.2,11,ouvré,13.116
5986,2025-02-19 21:00:00,bureau_nord,,3.51,48.4,,ouvré,9.629
9140,2025-03-18 03:00:00,accueil ,21.86,1.74,37.2,2,ouvré,8.551
9438,2025-03-20 15:00:00,atelier,19.98,12.16,55.7,5,ouvré,27.607
4176,2025-02-04 19:00:00,BUREAU NORD,21.55,2.52,51.7,,ouvré,12.048
6640,2025-02-25 07:00:00,accueil ,21.31,-1.01,56.0,11,ouvré,12.459
7458,2025-03-04 03:00:00,Atelier,21.62,-0.41,33.2,3,ouvré,14.263
1273,2025-01-11 14:00:00,Atelier,22.13,5.34,37.5,0,weekend,12.663
9811,2025-03-23 18:00:00,Bureau_Nord,21.15,8.05,37.1,0,weekend,7.433
6478,2025-02-23 23:00:00,Atelier,21.85,4.39,49.4,0,weekend,13.118
3068,2025-01-26 13:00:00,Atelier,20.04,5.66,48.8,0,weekend,12.592
1940,2025-01-17 03:00:00,accueil ,20.89,-1.98,40.3,8,ouvré,9.818
9469,2025-03-20 21:00:00,Salle_Serveur,20.53,5.72,46.7,0,ouvré,45.868
415,2025-01-04 10:00:00,Accueil,21.29,2.55,40.7,0,weekend,9.628
4343,2025-02-06 04:00:00,atelier,21.83,-0.64,43.9,10,ouvré,14.161
8554,2025-03-13 06:00:00,Salle Serveur,20.65,1.64,44.0,0,ouvré,46.332
3240,2025-01-27 23:00:00,Accueil,20.42,0.4,38.4,6,ouvré,9.147
2877,2025-01-24 23:00:00,Bureau_Sud,21.8,-1.78,43.2,0,ouvré,12.161
9354,2025-03-19 22:00:00,Salle_Serveur,22.98,6.22,48.9,0,ouvré,45.62
3230,2025-01-27 21:00:00,Accueil,19.97,1.58,50.3,6,ouvré,9.051
3295,2025-01-28 10:00:00,Accueil,21.81,2.36,38.7,8,ouvré,13.306
8683,2025-03-14 08:00:00,Atelier,20.45,2.84,54.0,7,ouvré,21.353
8921,2025-03-16 08:00:00,bureau_nord,21.45,6.6,49.3,0,weekend,9.633
3579,2025-01-30 19:00:00,Salle Serveur,21.57,2.01,33.2,0,ouvré,44.93
4895,2025-02-10 18:00:00,Accueil,22.04,3.61,42.2,12,ouvré,10.358
860,2025-01-08 03:00:00,accueil ,22.64,-2.74,51.4,4,ouvré,11.193
8158,2025-03-09 23:00:00,Atelier,21.66,6.84,45.7,,weekend,12.367
5815,2025-02-18 10:00:00,accueil ,21.76,2.88,45.9,5,ouvré,13.078
6610,2025-02-25 01:00:00,Accueil,20.57,0.57,45.3,13,ouvré,9.791
3002,2025-01-26 00:00:00,Bureau_Sud,20.56,0.52,52.5,0,weekend,12.806
6705,2025-02-25 20:00:00,accueil ,20.06,5.76,40.4,18,ouvré,8.508
6521,2025-02-24 08:00:00,Bureau_Nord,21.18,4.4,,6,ouvré,12.822
7093,2025-03-01 02:00:00,atelier,21.44,1.67,45.6,0,weekend,13.36
9201,2025-03-18 16:00:00,Bureau_Nord,20.44,9.16,40.6,8,ouvré,
10705,2025-03-31 04:00:00,Accueil,21.06,3.37,47.8,13,ouvré,8.347
7750,2025-03-06 13:00:00,Accueil,22.36,8.78,51.9,9,ouvré,10.673
1516,2025-01-13 15:00:00,Bureau_Nord,19.87,4.59,39.8,14,ouvré,18.17
10455,2025-03-29 02:00:00,Accueil,20.39,3.64,,0,weekend,8.438
6771,2025-02-26 10:00:00,BUREAU NORD,20.58,5.13,47.8,15,ouvré,15.712
1367,2025-01-12 09:00:00,Bureau_Sud,21.88,1.97,33.0,0,weekend,9.756
7097,2025-03-01 03:00:00,bureau sud,22.32,0.92,53.3,0,weekend,11.99
6356,2025-02-22 23:00:00,Bureau_Nord,19.86,2.26,45.9,0,weekend,10.602
10169,2025-03-26 17:00:00,Salle_Serveur,20.98,8.53,44.4,0,ouvré,42.921
4930,2025-02-11 01:00:00,accueil ,20.26,-2.01,57.4,16,ouvré,9.579
2942,2025-01-25 12:00:00,bureau sud,21.51,3.23,46.5,,weekend,9.853
2800,2025-01-24 07:00:00,Accueil,22.18,-1.32,42.8,2,ouvré,11.395
2372,2025-01-20 18:00:00,Bureau_Sud,20.44,5.51,46.2,10,ouvré,12.777
9394,2025-03-20 06:00:00,Salle_Serveur,20.19,4.61,39.0,0,ouvré,46.396
9192,2025-03-18 14:00:00,Bureau_Sud,20.54,9.5,45.9,1,ouvré,18.516
2149,2025-01-18 21:00:00,Salle_Serveur,20.9,3.67,245.0,0,weekend,45.726
61,2025-01-01 12:00:00,bureau_nord,20.67,5.72,45.0,9,férié,17.515
9049,2025-03-17 09:00:00,Salle Serveur,20.14,5.87,,0,ouvré,46.91
2804,2025-01-24 08:00:00,Salle_Serveur,21.07,-1.0,54.5,0,ouvré,47.547
658,2025-01-06 11:00:00,atelier,21.25,5.39,36.8,3,ouvré,30.348
4276,2025-02-05 15:00:00,BUREAU NORD,20.67,5.98,41.2,10,ouvré,16.21
6987,2025-02-28 05:00:00,bureau sud,20.69,1.27,40.8,3,ouvré,12.605
6787,2025-02-26 13:00:00,bureau sud,19.0,8.96,50.0,,ouvré,18.752
1125,2025-01-10 08:00:00,Accueil,22.3,-0.6,42.8,6,ouvré,13.276
6788,2025-02-26 13:00:00,atelier,19.8,8.96,41.2,12,ouvré,31.025
10563,2025-03-30 00:00:00,Atelier,18.78,5.58,46.3,0,weekend,11.168
2854,2025-01-24 18:00:00,Salle_Serveur,22.64,5.64,50.4,0,ouvré,45.776
10594,2025-03-30 06:00:00,Salle_Serveur,21.1,6.83,46.4,0,weekend,45.42
7720,2025-03-06 07:00:00,accueil ,20.08,2.3,42.1,11,ouvré,10.824
6587,2025-02-24 21:00:00,bureau sud,21.13,2.77,46.8,4,ouvré,11.903
8799,2025-03-15 07:00:00,Salle Serveur,20.51,5.86,50.4,0,weekend,45.347
8234,2025-03-10 14:00:00,Salle_Serveur,21.38,6.54,58.2,0,ouvré,43.788
9515,2025-03-21 06:00:00,accueil ,23.51,4.19,40.3,6,ouvré,8.905
7920,2025-03-07 23:00:00,Accueil,20.26,2.58,43.9,8,ouvré,7.695
8148,2025-03-09 21:00:00,Atelier,21.34,6.29,42.1,0,weekend,12.643
197,2025-01-02 15:00:00,Bureau_Sud,22.91,5.77,42.1,8,ouvré,17.554
9786,2025-03-23 13:00:00,Bureau_Nord,21.93,11.3,40.0,0,weekend,6.385
7687,2025-03-06 01:00:00,bureau sud,20.27,1.88,39.0,9,ouvré,8.674
74,2025-01-01 14:00:00,Salle Serveur,,4.97,43.4,0,férié,46.73
2148,2025-01-18 21:00:00,Atelier,21.49,3.67,55.6,0,weekend,13.129
8914,2025-03-16 06:00:00,Salle_Serveur,21.81,2.04,46.3,0,weekend,48.479
10331,2025-03-28 02:00:00,Bureau_Nord,20.31,2.48,48.1,4,ouvré,8.694
5200,2025-02-13 07:00:00,accueil ,21.45,-0.58,51.4,12,ouvré,13.176
7528,2025-03-04 17:00:00,atelier,20.47,6.57,38.0,5,ouvré,23.333
1087,2025-01-10 01:00:00,Bureau_Sud,21.21,-1.76,40.0,11,ouvré,12.005
1602,2025-01-14 08:00:00,bureau sud,20.65,1.71,38.5,8,ouvré,15.556
834,2025-01-07 22:00:00,Salle_Serveur,19.25,-0.1,42.5,0,ouvré,47.656
9400,2025-03-20 07:00:00,accueil ,20.22,4.32,40.4,8,ouvré,10.972
8201,2025-03-10 08:00:00,Bureau_Nord,20.75,4.21,48.9,4,ouvré,13.632
3792,2025-02-01 14:00:00,bureau sud,21.27,5.05,43.5,0,weekend,9.099
8362,2025-03-11 16:00:00,bureau sud,21.16,9.3,51.9,16,ouvré,14.579
3208,2025-01-27 17:00:00,atelier,21.76,5.88,45.2,8,ouvré,24.236
1872,2025-01-16 14:00:00,Bureau_Sud,21.54,7.88,53.7,6,ouvré,-24.618
4518,2025-02-07 15:00:00,Atelier,21.8,5.79,36.4,13,ouvré,31.19
9157,2025-03-18 07:00:00,Bureau_Sud,19.74,5.21,38.4,13,ouvré,11.304
149,2025-01-02 05:00:00,Salle Serveur,20.56,-0.76,47.0,0,ouvré,49.597
4208,2025-02-05 01:00:00,atelier,20.76,-0.25,52.6,,ouvré,13.018
184,2025-01-02 12:00:00,Salle_Serveur,20.18,6.15,44.9,0,ouvré,47.064
6026,2025-02-20 05:00:00,BUREAU NORD,20.71,1.66,50.1,15,ouvré,13.015
5919,2025-02-19 07:00:00,Salle Serveur,20.86,0.5,51.9,0,ouvré,48.047
7420,2025-03-03 19:00:00,accueil ,20.49,5.6,46.6,8,ouvré,8.75
303,2025-01-03 12:00:00,atelier,20.98,4.62,46.2,5,ouvré,32.325
188,2025-01-02 13:00:00,Atelier,19.72,4.06,,9,ouvré,34.115
6604,2025-02-25 00:00:00,Salle Serveur,21.05,-0.35,48.5,0,ouvré,49.037
1290,2025-01-11 17:00:00,accueil ,21.1,3.28,43.8,0,weekend,8.991
7785,2025-03-06 20:00:00,accueil ,20.25,4.41,51.5,2,ouvré,8.447
2099,2025-01-18 11:00:00,Salle_Serveur,20.81,3.7,47.0,0,weekend,45.425
6098,2025-02-20 19:00:00,atelier,21.15,7.68,53.1,1,ouvré,14.525
3774,2025-02-01 10:00:00,Salle_Serveur,21.46,1.79,46.0,0,weekend,47.283
6320,2025-02-22 15:00:00,accueil ,20.87,6.38,44.6,0,weekend,7.853
6147,2025-02-21 05:00:00,Bureau_Sud,,-1.41,51.6,8,ouvré,12.968
3780,2025-02-01 11:00:00,Accueil,21.57,6.36,36.7,0,weekend,8.028
7008,2025-02-28 09:00:00,atelier,20.73,3.82,37.1,3,ouvré,23.713
7421,2025-03-03 20:00:00,Bureau_Nord,,6.32,50.3,13,ouvré,10.303
8027,2025-03-08 21:00:00,bureau sud,20.91,4.91,49.9,0,weekend,10.991
6994,2025-02-28 06:00:00,Salle_Serveur,21.69,2.75,44.3,0,ouvré,47.881
3807,2025-02-01 17:00:00,Bureau_Sud,20.35,4.84,43.7,0,weekend,9.122
6280,2025-02-22 07:00:00,accueil ,20.74,3.49,42.3,0,weekend,
10677,2025-03-30 23:00:00,bureau sud,20.27,4.89,61.5,0,weekend,7.135
6451,2025-02-23 18:00:00,BUREAU NORD,20.43,8.04,38.7,0,weekend,7.607
9331,2025-03-19 18:00:00,bureau_nord,21.5,9.66,41.4,15,ouvré,10.157
2175,2025-01-19 02:00:00,accueil ,19.31,-3.03,40.9,0,weekend,10.564
9396,2025-03-20 07:00:00,bureau_nord,21.27,4.32,50.8,6,ouvré,10.953
7290,2025-03-02 17:00:00,accueil ,19.86,9.56,46.4,0,weekend,4.386
8924,2025-03-16 08:00:00,Salle Serveur,19.98,6.6,42.1,0,weekend,44.575
665,2025-01-06 12:00:00,accueil ,21.61,5.6,50.7,3,ouvré,13.976
9987,2025-03-25 05:00:00,Bureau_Sud,20.43,3.02,45.3,,ouvré,11.447
2527,2025-01-22 01:00:00,Bureau_Sud,21.52,-1.03,47.5,9,ouvré,12.205
6744,2025-02-26 04:00:00,Salle Serveur,21.07,-0.03,42.4,0,ouvré,48.349
6357,2025-02-22 23:00:00,bureau sud,22.32,2.26,57.9,0,weekend,10.099
1625,2025-01-14 12:00:00,Accueil,22.28,3.56,44.6,4,,14.029
6532,2025-02-24 10:00:00,Bureau_Sud,19.39,5.99,40.3,8,ouvré,14.812
3836,2025-02-01 23:00:00,BUREAU NORD,21.0,0.71,41.6,,weekend,11.521
10641,2025-03-30 16:00:00,BUREAU NORD,21.62,12.12,43.7,0,weekend,7.658
2682,2025-01-23 08:00:00,bureau sud,20.95,0.71,55.8,12,ouvré,13.174
9706,2025-03-22 21:00:00,Bureau_Nord,20.85,8.45,42.4,0,weekend,7.9
7482,2025-03-04 08:00:00,bureau sud,20.89,4.65,50.3,8,ouvré,11.91
4277,2025-02-05 15:00:00,bureau sud,20.43,5.98,36.1,3,ouvré,18.05
10103,2025-03-26 04:00:00,atelier,20.85,2.8,54.2,8,ouvré,11.477
7346,2025-03-03 05:00:00,bureau_nord,20.26,0.84,48.2,7,ouvré,11.178
4820,2025-02-10 03:00:00,accueil ,21.42,-0.71,42.8,8,ouvré,9.428
10162,2025-03-26 16:00:00,Bureau_Sud,21.26,13.9,48.9,8,ouvré,12.514
604,2025-01-06 00:00:00,Salle_Serveur,21.54,-2.16,47.2,0,ouvré,49.869
33,2025-01-01 06:00:00,Atelier,21.08,0.02,,9,férié,16.789
9119,2025-03-17 23:00:00,Salle Serveur,20.5,3.74,51.4,0,ouvré,467.894
8575,2025-03-13 10:00:00,accueil ,21.1,6.48,49.3,3,ouvré,11.679
6749,2025-02-26 05:00:00,Salle_Serveur,18.99,0.06,44.6,0,ouvré,47.89
8801,2025-03-15 08:00:00,bureau_nord,20.47,5.56,44.0,0,weekend,7.635
4897,2025-02-10 19:00:00,bureau sud,20.51,7.29,35.9,7,ouvré,10.27
3477,2025-01-29 23:00:00,bureau sud,20.61,0.27,55.5,11,ouvré,11.92
7574,2025-03-05 02:00:00,Salle Serveur,21.41,2.0,45.1,0,ouvré,46.216
5788,2025-02-18 05:00:00,atelier,21.33,-0.29,42.0,7,ouvré,15.425
785,2025-01-07 12:00:00,Accueil,21.25,5.32,53.9,8,ouvré,12.206
1920,2025-01-16 23:00:00,Accueil,22.06,1.4,49.6,10,ouvré,9.721
5380,2025-02-14 19:00:00,accueil ,21.02,4.6,43.2,8,ouvré,9.93
3603,2025-01-31 00:00:00,Atelier,20.04,-0.87,51.7,9,ouvré,-19.111
7173,2025-03-01 18:00:00,Atelier,20.13,8.23,58.7,0,weekend,10.24
7821,2025-03-07 04:00:00,BUREAU NORD,20.91,-0.07,45.3,3,ouvré,9.733
8618,2025-03-13 19:00:00,Atelier,21.12,6.72,38.5,6,ouvré,15.884
9398,2025-03-20 07:00:00,atelier,20.41,4.32,41.9,13,ouvré,17.19
6277,2025-02-22 07:00:00,Bureau_Sud,20.5,3.49,46.4,0,weekend,10.149
2327,2025-01-20 09:00:00,bureau sud,21.01,2.43,40.1,7,ouvré,13.139
6293,2025-02-22 10:00:00,atelier,19.78,3.99,44.0,0,weekend,14.267
1696,2025-01-15 03:00:00,bureau_nord,22.01,-4.43,,4,ouvré,13.854
9079,2025-03-17 15:00:00,Salle Serveur,19.63,10.84,44.5,0,ouvré,42.719
7436,2025-03-03 23:00:00,Bureau_Nord,21.13,1.49,60.6,11,ouvré,10.196
8252,2025-03-10 18:00:00,Bureau_Sud,21.77,9.57,40.0,2,ouvré,11.159
1777,2025-01-15 19:00:00,bureau sud,20.07,4.06,53.4,7,ouvré,10.679
1217,2025-01-11 03:00:00,bureau sud,20.96,0.19,40.7,0,weekend,11.648
3033,2025-01-26 06:00:00,Atelier,21.33,0.23,37.2,0,weekend,
10193,2025-03-26 22:00:00,atelier,19.89,8.19,42.6,10,ouvré,10.383
3621,2025-01-31 04:00:00,Bureau_Nord,21.57,-1.43,38.6,10,ouvré,12.567
6861,2025-02-27 04:00:00,BUREAU NORD,19.58,0.58,39.9,4,ouvré,9.38
5980,2025-02-19 19:00:00,accueil ,22.31,6.11,,10,ouvré,9.229
3352,2025-01-28 22:00:00,Bureau_Sud,19.72,0.91,35.6,0,ouvré,10.645
8039,2025-03-08 23:00:00,Salle_Serveur,19.98,2.83,51.2,0,weekend,46.509
8194,2025-03-10 06:00:00,Salle Serveur,21.69,3.84,45.5,0,ouvré,46.981
7765,2025-03-06 16:00:00,accueil ,20.24,7.54,50.8,9,ouvré,10.825
1249,2025-01-11 09:00:00,Salle_Serveur,21.81,0.61,40.7,0,weekend,48.23
9533,2025-03-21 10:00:00,atelier,21.93,8.91,,9,ouvré,27.493
9103,2025-03-17 20:00:00,atelier,21.7,6.62,47.6,6,ouvré,14.024
3542,2025-01-30 12:00:00,bureau sud,20.92,4.79,51.3,10,ouvré,19.8
3405,2025-01-29 08:00:00,accueil ,,0.9,43.5,8,ouvré,12.513
2833,2025-01-24 14:00:00,Atelier,21.95,6.63,41.5,5,ouvré,33.302
8695,2025-03-14 10:00:00,Accueil,21.38,5.3,53.6,7,ouvré,11.025
9659,2025-03-22 11:00:00,Salle Serveur,21.9,8.22,47.4,0,weekend,45.256
7631,2025-03-05 14:00:00,BUREAU NORD,21.97,8.98,46.2,1,ouvré,15.826
10217,2025-03-27 03:00:00,Bureau_Sud,20.39,3.54,34.5,,ouvré,9.201
633,2025-01-06 06:00:00,Atelier,20.28,0.53,44.6,11,ouvré,17.495
3618,2025-01-31 03:00:00,Atelier,21.56,-2.94,52.5,8,ouvré,14.537
6569,2025-02-24 17:00:00,Salle Serveur,22.08,7.94,50.1,0,ouvré,44.663
820,2025-01-07 19:00:00,Accueil,19.94,3.28,46.1,5,ouvré,9.087
6708,2025-02-25 21:00:00,Atelier,22.15,1.9,52.5,12,ouvré,14.006
9431,2025-03-20 14:00:00,bureau_nord,19.54,9.05,,3,ouvré,15.991
4009,2025-02-03 09:00:00,Salle_Serveur,20.37,1.36,44.7,0,ouvré,47.401
4477,2025-02-07 07:00:00,bureau sud,20.24,-0.1,40.2,13,ouvré,13.984
2464,2025-01-21 12:00:00,Salle_Serveur,20.56,2.81,30.5,,ouvré,46.298
6534,2025-02-24 10:00:00,Salle Serveur,21.66,5.99,52.0,0,ouvré,44.524
7540,2025-03-04 19:00:00,Accueil,20.1,7.01,43.6,13,ouvré,8.545
2256,2025-01-19 19:00:00,Bureau_Nord,19.6,4.24,46.2,0,weekend,877.4
7131,2025-03-01 10:00:00,bureau_nord,20.78,4.78,44.0,0,weekend,8.595
1659,2025-01-14 19:00:00,Salle Serveur,20.22,3.27,39.0,0,ouvré,46.229
9801,2025-03-23 16:00:00,Bureau_Nord,20.93,9.49,46.5,0,weekend,7.128
7478,2025-03-04 07:00:00,atelier,21.18,1.73,33.5,21,ouvré,18.963
9647,2025-03-22 09:00:00,Bureau_Sud,21.57,6.17,,0,weekend,9.554
6346,2025-02-22 21:00:00,BUREAU NORD,20.63,1.98,61.4,0,weekend,8.445
7249,2025-03-02 09:00:00,Salle Serveur,21.29,2.86,33.9,0,weekend,47.432
3668,2025-01-31 13:00:00,Atelier,21.34,6.39,53.9,2,ouvré,32.429
3696,2025-01-31 19:00:00,BUREAU NORD,21.2,3.09,37.7,12,ouvré,11.713
5598,2025-02-16 15:00:00,Atelier,21.32,8.66,45.7,0,weekend,11.527
10438,2025-03-28 23:00:00,Atelier,22.13,5.65,50.0,3,ouvré,11.243
396,2025-01-04 07:00:00,bureau_nord,22.63,0.34,52.3,0,weekend,10.849
2922,2025-01-25 08:00:00,bureau sud,21.64,1.12,46.7,0,weekend,11.572
7851,2025-03-07 10:00:00,bureau_nord,20.42,6.5,56.6,9,ouvré,14.483
7972,2025-03-08 10:00:00,Bureau_Sud,20.57,6.88,,0,weekend,9.291
10736,2025-03-31 11:00:00,bureau_nord,21.96,10.73,37.6,6,ouvré,14.455
4891,2025-02-10 18:00:00,BUREAU NORD,20.37,3.61,33.1,15,ouvré,12.048
1098,2025-01-10 03:00:00,Atelier,19.64,-2.81,39.6,10,ouvré,15.679
4538,2025-02-07 19:00:00,Atelier,20.23,5.55,48.6,8,ouvré,16.625
9662,2025-03-22 12:00:00,Bureau_Sud,21.91,9.39,46.8,,weekend,7.572
5714,2025-02-17 14:00:00,Salle_Serveur,21.81,7.55,36.3,0,ouvré,43.373
7338,2025-03-03 03:00:00,atelier,22.14,2.1,44.5,7,ouvré,11.509
7498,2025-03-04 11:00:00,atelier,22.54,6.49,42.5,2,ouvré,28.555
1972,2025-01-17 10:00:00,Bureau_Sud,20.27,3.58,47.1,10,ouvré,18.413
2334,2025-01-20 10:00:00,Salle Serveur,20.34,3.07,51.7,0,ouvré,46.659
3054,2025-01-26 10:00:00,Salle_Serveur,21.31,2.35,40.8,0,weekend,46.968
3585,2025-01-30 20:00:00,accueil ,19.89,2.72,41.8,11,ouvré,7.815
7198,2025-03-01 23:00:00,atelier,22.38,1.24,40.3,0,weekend,13.235
6348,2025-02-22 21:00:00,Atelier,22.03,1.98,40.9,0,weekend,13.59
6757,2025-02-26 07:00:00,Bureau_Sud,21.09,0.58,45.6,4,ouvré,14.161
1512,2025-01-13 14:00:00,bureau sud,19.97,5.96,48.0,19,ouvré,19.237
9556,2025-03-21 15:00:00,bureau_nord,21.33,10.35,48.7,5,ouvré,13.71
10755,2025-03-31 14:00:00,Accueil,20.59,10.83,35.4,7,ouvré,12.057
7064,2025-02-28 20:00:00,Salle Serveur,19.91,6.48,46.5,0,,45.943
3417,2025-01-29 11:00:00,bureau sud,20.51,3.34,52.8,11,ouvré,19.781
1472,2025-01-13 06:00:00,bureau sud,21.48,-0.29,48.3,11,ouvré,13.496
1008,2025-01-09 09:00:00,Atelier,20.43,3.59,49.1,9,ouvré,22.218
7826,2025-03-07 05:00:00,bureau_nord,22.05,2.76,46.7,10,ouvré,9.653
6710,2025-02-25 21:00:00,accueil ,21.2,1.9,45.5,9,ouvré,8.985
2589,2025-01-22 13:00:00,Salle_Serveur,20.53,4.97,55.8,0,ouvré,44.62
9882,2025-03-24 08:00:00,bureau sud,20.86,5.47,46.2,9,ouvré,10.872
8825,2025-03-15 12:00:00,accueil ,20.45,8.82,33.3,0,weekend,7.711
8612,2025-03-13 18:00:00,bureau sud,18.06,4.75,51.5,7,ouvré,12.87
10652,2025-03-30 18:00:00,Bureau_Sud,21.47,13.9,44.1,0,weekend,5.571
7448,2025-03-04 01:00:00,atelier,21.2,2.14,,12,ouvré,11.623
6778,2025-02-26 11:00:00,atelier,20.46,5.45,51.3,8,ouvré,30.426
2188,2025-01-19 05:00:00,Atelier,21.6,-0.28,40.5,0,weekend,15.894
6829,2025-02-26 21:00:00,Salle Serveur,20.2,2.77,51.3,0,ouvré,46.937
2451,2025-01-21 10:00:00,BUREAU NORD,21.94,2.39,39.5,8,ouvré,15.07
4769,2025-02-09 17:00:00,Salle_Serveur,20.28,4.37,,0,weekend,46.223
5320,2025-02-14 07:00:00,Accueil,20.96,0.65,,,ouvré,12.585
1724,2025-01-15 08:00:00,Salle Serveur,21.76,1.03,38.7,0,ouvré,48.014
2685,2025-01-23 08:00:00,accueil ,21.98,0.71,42.3,11,ouvré,11.798
6383,2025-02-23 04:00:00,atelier,21.7,-0.86,41.8,0,weekend,16.949
5505,2025-02-15 20:00:00,accueil ,,4.27,47.5,0,weekend,8.738
10173,2025-03-26 18:00:00,atelier,22.04,10.82,48.5,5,ouvré,17.038
3588,2025-01-30 21:00:00,Atelier,19.55,0.94,53.6,4,ouvré,14.592
5962,2025-02-19 16:00:00,Bureau_Sud,21.33,5.43,52.3,,ouvré,16.418
3218,2025-01-27 19:00:00,atelier,21.49,4.73,33.5,8,ouvré,17.221
9822,2025-03-23 20:00:00,bureau sud,21.84,8.55,,0,weekend,8.35
7790,2025-03-06 21:00:00,accueil ,22.38,2.93,55.6,11,ouvré,9.29
7168,2025-03-01 17:00:00,Atelier,20.6,7.22,47.6,0,weekend,10.177
6409,2025-02-23 09:00:00,Salle_Serveur,20.51,4.96,42.9,0,weekend,44.103
10045,2025-03-25 16:00:00,accueil ,20.89,11.33,50.7,5,ouvré,10.663
4367,2025-02-06 09:00:00,bureau sud,,2.68,51.3,14,ouvré,16.693
3335,2025-01-28 18:00:00,Accueil,21.0,4.86,47.1,2,ouvré,8.233
9587,2025-03-21 21:00:00,bureau sud,21.4,5.98,38.2,16,ouvré,10.235
3471,2025-01-29 22:00:00,Bureau_Nord,21.57,2.51,53.1,7,ouvré,10.839
10621,2025-03-30 12:00:00,bureau_nord,19.39,9.23,34.4,0,weekend,5.868
62,2025-01-01 12:00:00,Bureau_Sud,19.37,5.72,54.8,6,férié,19.694
4577,2025-02-08 03:00:00,Bureau_Sud,19.83,-2.58,53.7,0,weekend,
7473,2025-03-04 06:00:00,Atelier,20.14,-0.08,,4,ouvré,15.354
9702,2025-03-22 20:00:00,Bureau_Sud,21.75,5.73,,0,weekend,9.484
8317,2025-03-11 07:00:00,Bureau_Sud,20.71,2.39,38.6,2,ouvré,12.397
2736,2025-01-23 19:00:00,bureau_nord,20.49,3.26,54.7,9,ouvré,10.939
757,2025-01-07 07:00:00,Bureau_Sud,20.98,0.61,33.5,,ouvré,15.131
4881,2025-02-10 16:00:00,Bureau_Nord,20.31,6.18,46.6,2,ouvré,15.061
4050,2025-02-03 17:00:00,accueil ,21.67,6.31,43.8,9,ouvré,9.743
8525,2025-03-13 00:00:00,Accueil,21.37,4.45,45.5,6,ouvré,8.165
1975,2025-01-17 10:00:00,Accueil,21.13,3.58,48.7,3,ouvré,12.868
6555,2025-02-24 14:00:00,accueil ,21.64,8.1,46.2,10,ouvré,-33.04
10768,2025-03-31 17:00:00,Atelier,22.02,13.27,46.2,13,ouvré,21.495
2355,2025-01-20 14:00:00,accueil ,20.55,5.69,48.0,10,ouvré,13.455
5337,2025-02-14 11:00:00,bureau sud,21.34,4.2,43.7,,ouvré,19.504
3734,2025-02-01 02:00:00,Salle_Serveur,21.07,-1.78,46.1,0,weekend,49.221
8037,2025-03-08 23:00:00,Bureau_Sud,21.14,2.83,50.6,0,weekend,9.003
6447,2025-02-23 17:00:00,bureau sud,19.95,6.3,40.4,0,weekend,9.448
6485,2025-02-24 00:00:00,accueil ,20.16,-0.03,40.0,8,ouvré,11.609
3279,2025-01-28 07:00:00,Salle Serveur,21.12,1.86,51.5,0,,47.719
9883,2025-03-24 08:00:00,Atelier,21.2,5.47,42.8,0,ouvré,19.448
4772,2025-02-09 18:00:00,Bureau_Sud,20.55,6.16,54.9,0,weekend,8.876
4329,2025-02-06 01:00:00,Salle Serveur,21.48,-1.38,46.3,0,ouvré,49.28
7817,2025-03-07 03:00:00,Bureau_Sud,20.46,-1.12,44.9,8,ouvré,11.131
4610,2025-02-08 09:00:00,accueil ,23.19,2.31,46.5,0,weekend,9.573
8146,2025-03-09 21:00:00,bureau_nord,20.41,6.29,47.2,0,weekend,9.143
5240,2025-02-13 15:00:00,accueil ,21.56,6.13,43.8,3,ouvré,12.851
5882,2025-02-19 00:00:00,Bureau_Sud,21.44,1.71,45.8,9,ouvré,10.312
6613,2025-02-25 02:00:00,Atelier,19.72,0.67,48.3,7,ouvré,14.097
2902,2025-01-25 04:00:00,Bureau_Sud,23.07,-1.65,52.1,0,weekend,13.575
8745,2025-03-14 20:00:00,Accueil,22.18,5.09,52.6,7,ouvré,7.636
3272,2025-01-28 06:00:00,Bureau_Sud,21.45,-1.62,45.5,6,ouvré,13.352
3928,2025-02-02 17:00:00,Atelier,20.9,5.27,49.1,0,weekend,13.475
2445,2025-01-21 08:00:00,Accueil,20.58,2.04,34.2,7,ouvré,12.054
3555,2025-01-30 14:00:00,Accueil,20.66,3.51,45.4,14,ouvré,15.785
6432,2025-02-23 14:00:00,bureau sud,20.18,6.6,50.5,0,weekend,9.791
8836,2025-03-15 15:00:00,BUREAU NORD,22.46,8.22,52.6,0,weekend,8.332
2814,2025-01-24 10:00:00,Salle_Serveur,21.12,2.88,42.2,0,ouvré,45.094
4216,2025-02-05 03:00:00,Bureau_Nord,19.86,-1.36,47.1,6,ouvré,11.978
340,2025-01-03 19:00:00,Accueil,19.83,2.36,50.5,15,ouvré,9.365
3378,2025-01-29 03:00:00,atelier,20.99,-1.4,46.0,8,ouvré,14.057
8691,2025-03-14 10:00:00,bureau_nord,,5.3,47.4,12,ouvré,15.722
5385,2025-02-14 20:00:00,Accueil,21.24,4.06,36.0,13,ouvré,9.146
9958,2025-03-24 23:00:00,Atelier,21.51,4.59,43.2,2,ouvré,11.435
951,2025-01-08 22:00:00,BUREAU NORD,22.45,1.26,50.1,10,ouvré,
984,2025-01-09 04:00:00,Salle_Serveur,21.31,0.93,42.0,0,ouvré,46.999
8177,2025-03-10 03:00:00,bureau sud,21.46,1.43,42.9,7,ouvré,10.198
869,2025-01-08 05:00:00,Salle_Serveur,20.72,-2.88,38.7,0,ouvré,49.267
3998,2025-02-03 07:00:00,Atelier,20.36,1.94,42.2,6,ouvré,18.758
10626,2025-03-30 13:00:00,bureau_nord,19.41,12.15,42.9,0,weekend,5.321
4785,2025-02-09 20:00:00,accueil ,21.48,3.29,34.2,0,weekend,7.187
1608,2025-01-14 09:00:00,atelier,20.47,1.38,48.3,8,ouvré,25.213
2962,2025-01-25 16:00:00,bureau sud,22.0,5.03,36.3,0,weekend,10.031
1839,2025-01-16 07:00:00,Salle_Serveur,20.59,0.6,46.6,0,ouvré,47.646
8118,2025-03-09 15:00:00,Atelier,20.03,8.47,55.0,0,weekend,11.058
3779,2025-02-01 11:00:00,Salle Serveur,21.77,6.36,49.9,0,weekend,46.957
6124,2025-02-21 00:00:00,Salle Serveur,20.86,-0.92,41.4,0,ouvré,47.82
3297,2025-01-28 11:00:00,Bureau_Sud,21.26,4.25,42.9,7,ouvré,18.857
4727,2025-02-09 09:00:00,Bureau_Sud,20.27,0.93,41.1,0,weekend,11.21
6808,2025-02-26 17:00:00,atelier,20.77,7.55,42.4,,ouvré,22.314
10268,2025-03-27 13:00:00,Atelier,21.54,9.86,48.2,11,ouvré,30.988
7784,2025-03-06 20:00:00,Salle Serveur,21.2,4.41,,0,ouvré,47.906
3718,2025-01-31 23:00:00,Atelier,20.04,1.09,49.3,12,ouvré,11.856
3119,2025-01-26 23:00:00,Salle_Serveur,22.71,-1.36,43.5,0,weekend,47.834
7036,2025-02-28 15:00:00,Bureau_Nord,20.56,7.72,50.4,9,ouvré,14.683
7993,2025-03-08 14:00:00,Atelier,21.46,8.66,40.6,0,weekend,11.915
292,2025-01-03 10:00:00,bureau sud,21.53,1.85,38.6,0,ouvré,18.758
6086,2025-02-20 17:00:00,BUREAU NORD,20.31,6.6,39.1,8,ouvré,13.696
2461,2025-01-21 12:00:00,BUREAU NORD,20.78,2.81,38.2,6,ouvré,19.536
9898,2025-03-24 11:00:00,atelier,21.19,10.02,52.4,1,ouvré,28.39
9528,2025-03-21 09:00:00,Atelier,20.47,6.22,47.3,6,ouvré,-39.112
5718,2025-02-17 15:00:00,atelier,20.65,8.23,44.1,7,ouvré,28.804
6742,2025-02-26 04:00:00,bureau sud,20.25,-0.03,41.0,,ouvré,10.964
6114,2025-02-20 22:00:00,Salle Serveur,21.07,5.57,48.8,0,ouvré,43.592
4509,2025-02-07 13:00:00,Salle_Serveur,20.58,5.94,52.4,0,ouvré,46.204
2928,2025-01-25 09:00:00,atelier,20.39,5.47,55.1,0,weekend,12.394
5196,2025-02-13 07:00:00,bureau_nord,20.72,-0.58,26.3,9,ouvré,13.084
4557,2025-02-07 23:00:00,Bureau_Sud,19.93,-0.58,39.8,10,ouvré,12.05
7337,2025-03-03 03:00:00,Bureau_Sud,21.04,2.1,36.7,6,ouvré,10.582
2958,2025-01-25 15:00:00,Atelier,20.82,3.2,41.0,0,weekend,13.568
8397,2025-03-11 23:00:00,bureau sud,21.12,4.5,45.1,8,ouvré,8.387
2,2025-01-01 00:00:00,Bureau_Sud,19.8,-0.77,50.4,,férié,11.884
9723,2025-03-23 00:00:00,Atelier,20.54,4.36,40.9,0,weekend,14.143
1743,2025-01-15 12:00:00,atelier,21.02,4.77,38.1,11,ouvré,34.371
4244,2025-02-05 08:00:00,Salle Serveur,19.46,2.8,48.3,0,ouvré,45.973
1722,2025-01-15 08:00:00,bureau sud,20.71,1.03,40.9,6,ouvré,14.595
5992,2025-02-19 22:00:00,bureau sud,21.37,3.97,43.4,10,ouvré,9.364
8724,2025-03-14 16:00:00,Salle Serveur,21.01,8.89,44.7,0,ouvré,43.835
2239,2025-01-19 15:00:00,Salle_Serveur,18.88,6.4,56.8,0,weekend,45.016
5909,2025-02-19 05:00:00,Salle_Serveur,22.42,-1.75,43.7,0,ouvré,47.279
10686,2025-03-31 01:00:00,bureau_nord,22.75,7.18,55.0,5,ouvré,8.391
7026,2025-02-28 13:00:00,Bureau_Nord,21.16,8.43,41.0,6,ouvré,18.144
10143,2025-03-26 12:00:00,Atelier,20.52,10.67,45.5,5,ouvré,30.874
3089,2025-01-26 17:00:00,Salle_Serveur,21.5,3.53,50.4,0,weekend,45.875
2360,2025-01-20 15:00:00,Accueil,20.76,7.17,35.2,12,ouvré,11.938
2213,2025-01-19 10:00:00,Atelier,21.11,3.32,46.3,0,weekend,13.878
9250,2025-03-19 01:00:00,Accueil,-999,2.43,50.0,9,ouvré,8.787
4125,2025-02-04 08:00:00,accueil ,21.89,2.9,51.5,7,ouvré,10.403
7375,2025-03-03 10:00:00,accueil ,22.09,7.32,45.2,5,ouvré,
926,2025-01-08 17:00:00,bureau_nord,21.42,6.73,,7,ouvré,13.335
10531,2025-03-29 18:00:00,bureau_nord,20.96,10.39,47.6,0,weekend,6.382
1815,2025-01-16 02:00:00,Accueil,21.31,0.14,55.0,14,ouvré,11.374
7446,2025-03-04 01:00:00,BUREAU NORD,20.74,2.14,39.6,9,ouvré,9.125
7592,2025-03-05 06:00:00,bureau sud,22.03,1.89,,12,ouvré,12.151
5792,2025-02-18 06:00:00,Bureau_Sud,21.83,1.69,53.6,6,ouvré,11.033
1878,2025-01-16 15:00:00,Atelier,19.43,7.68,40.3,10,ouvré,30.817
4345,2025-02-06 04:00:00,Accueil,20.12,-0.64,39.1,9,ouvré,11.174
1961,2025-01-17 08:00:00,Bureau_Nord,20.85,1.42,41.9,8,ouvré,12.459
9002,2025-03-17 00:00:00,Bureau_Sud,20.24,2.47,42.3,9,ouvré,11.269
10328,2025-03-28 01:00:00,Atelier,20.52,4.04,51.5,5,ouvré,12.414
4765,2025-02-09 16:00:00,Accueil,19.99,4.84,48.8,0,weekend,8.791
3130,2025-01-27 01:00:00,Accueil,22.06,0.2,49.0,9,ouvré,8.888
6402,2025-02-23 08:00:00,Bureau_Sud,22.28,2.98,40.0,0,weekend,
5688,2025-02-17 09:00:00,atelier,20.47,3.38,41.2,4,,23.491
8818,2025-03-15 11:00:00,atelier,21.86,9.23,41.9,0,weekend,12.682
6220,2025-02-21 19:00:00,accueil ,20.69,8.55,39.8,8,ouvré,8.12
2766,2025-01-24 01:00:00,bureau_nord,20.3,-1.71,,11,ouvré,9.425
964,2025-01-09 00:00:00,Salle Serveur,22.63,-2.85,49.7,0,ouvré,48.995
7735,2025-03-06 10:00:00,accueil ,21.14,4.59,33.1,2,ouvré,12.452
4051,2025-02-03 18:00:00,Bureau_Nord,20.7,4.08,38.8,8,ouvré,13.374
3099,2025-01-26 19:00:00,Salle_Serveur,20.56,3.66,39.3,0,weekend,46.03
7174,2025-03-01 18:00:00,Salle_Serveur,20.91,8.23,42.4,0,weekend,45.359
4271,2025-02-05 14:00:00,BUREAU NORD,20.94,6.89,47.0,0,ouvré,15.757
5753,2025-02-17 22:00:00,atelier,20.44,1.66,38.1,8,ouvré,13.69
3549,2025-01-30 13:00:00,Salle_Serveur,21.32,8.75,45.9,0,ouvré,46.781
3808,2025-02-01 17:00:00,Atelier,20.58,4.84,56.1,0,weekend,12.824
1556,2025-01-13 23:00:00,Bureau_Nord,21.18,-1.22,39.8,14,ouvré,11.781
6703,2025-02-25 20:00:00,Atelier,21.72,5.76,49.7,,ouvré,15.332
4670,2025-02-08 21:00:00,accueil ,22.14,2.23,45.3,0,weekend,8.818
1175,2025-01-10 18:00:00,Accueil,20.48,3.48,39.4,2,ouvré,9.141
2455,2025-01-21 10:00:00,Accueil,22.36,2.39,40.4,2,ouvré,12.555
6660,2025-02-25 11:00:00,Accueil,20.61,6.01,43.6,6,ouvré,10.988
626,2025-01-06 05:00:00,BUREAU NORD,20.71,-2.04,42.0,14,ouvré,11.967
4853,2025-02-10 10:00:00,Atelier,20.62,3.27,37.7,9,ouvré,27.934
2364,2025-01-20 16:00:00,Salle_Serveur,21.58,7.59,49.8,,ouvré,44.624
3308,2025-01-28 13:00:00,Atelier,20.73,5.93,50.0,2,ouvré,32.628
1082,2025-01-10 00:00:00,bureau sud,22.0,-2.32,35.3,8,ouvré,11.793
8752,2025-03-14 22:00:00,Bureau_Sud,20.73,5.39,,9,ouvré,9.797
1494,2025-01-13 10:00:00,Salle Serveur,,3.88,45.2,0,ouvré,46.522
8149,2025-03-09 21:00:00,Salle Serveur,23.39,6.29,53.5,0,weekend,-15.479
4589,2025-02-08 05:00:00,Salle Serveur,20.43,-0.48,42.5,0,weekend,47.1
4247,2025-02-05 09:00:00,bureau sud,20.98,1.34,37.2,10,ouvré,16.157
9392,2025-03-20 06:00:00,Bureau_Sud,21.42,4.61,46.7,11,ouvré,10.106
9606,2025-03-22 01:00:00,bureau_nord,21.7,3.46,38.9,0,weekend,10.724
756,2025-01-07 07:00:00,BUREAU NORD,20.02,0.61,42.0,13,ouvré,12.13
9474,2025-03-20 22:00:00,Salle_Serveur,21.29,8.65,55.6,0,ouvré,45.003
4368,2025-02-06 09:00:00,Atelier,21.22,2.68,43.2,10,ouvré,26.284
10417,2025-03-28 19:00:00,bureau sud,20.78,8.68,47.5,4,ouvré,9.832
7997,2025-03-08 15:00:00,Bureau_Sud,22.37,8.87,41.8,0,weekend,7.714
3694,2025-01-31 18:00:00,Salle_Serveur,21.13,4.73,41.3,0,ouvré,44.877
7762,2025-03-06 16:00:00,bureau sud,21.69,7.54,41.2,10,ouvré,14.487
2881,2025-01-25 00:00:00,BUREAU NORD,18.91,-0.28,46.0,0,weekend,11.712
8552,2025-03-13 06:00:00,Bureau_Sud,20.08,1.64,,10,ouvré,12.64
8458,2025-03-12 11:00:00,Atelier,20.94,7.46,46.2,3,ouvré,29.896
10466,2025-03-29 05:00:00,Bureau_Nord,21.1,4.06,54.3,0,weekend,10.2
4148,2025-02-04 13:00:00,Atelier,19.42,7.52,48.8,8,ouvré,30.689
1523,2025-01-13 16:00:00,Atelier,21.31,4.42,49.3,7,ouvré,26.717
5338,2025-02-14 11:00:00,Atelier,21.67,4.2,48.0,3,ouvré,31.348
392,2025-01-04 06:00:00,Bureau_Sud,20.93,-0.66,43.2,0,weekend,11.843
8788,2025-03-15 05:00:00,atelier,20.16,3.36,,0,weekend,12.558
4578,2025-02-08 03:00:00,atelier,20.38,-2.58,58.6,0,weekend,16.6
5805,2025-02-18 08:00:00,Accueil,20.86,3.37,61.3,5,ouvré,11.85
8264,2025-03-10 20:00:00,Salle Serveur,19.79,6.73,199.2,,ouvré,45.744
10744,2025-03-31 12:00:00,Salle_Serveur,20.68,9.19,43.6,0,ouvré,44.268
8319,2025-03-11 07:00:00,Salle_Serveur,20.89,2.39,,0,ouvré,48.608
478,2025-01-04 23:00:00,Atelier,20.82,0.97,48.5,0,weekend,15.034
1978,2025-01-17 11:00:00,atelier,21.32,4.59,40.5,5,ouvré,31.78
4061,2025-02-03 20:00:00,Bureau_Nord,21.78,3.02,44.6,4,ouvré,10.85
3861,2025-02-02 04:00:00,BUREAU NORD,20.87,-1.07,,0,weekend,
2712,2025-01-23 14:00:00,bureau sud,21.15,5.84,50.4,12,ouvré,20.087
825,2025-01-07 20:00:00,accueil ,20.64,4.62,36.4,3,ouvré,8.837
9171,2025-03-18 10:00:00,BUREAU NORD,20.05,6.54,47.4,,ouvré,15.142
6009,2025-02-20 01:00:00,Salle Serveur,21.83,-0.35,37.1,0,ouvré,48.04
4298,2025-02-05 19:00:00,atelier,19.38,2.7,37.7,9,ouvré,18.626
2959,2025-01-25 15:00:00,Salle_Serveur,21.32,3.2,42.8,0,weekend,46.486
10111,2025-03-26 06:00:00,BUREAU NORD,20.96,2.11,40.1,5,ouvré,10.13
5304,2025-02-14 04:00:00,Salle_Serveur,22.42,0.27,42.9,0,ouvré,48.168
9006,2025-03-17 01:00:00,BUREAU NORD,20.96,2.88,44.9,8,ouvré,9.452
5618,2025-02-16 19:00:00,atelier,20.31,3.61,42.8,0,weekend,
5777,2025-02-18 03:00:00,bureau sud,21.8,-1.71,46.4,6,ouvré,11.974
6222,2025-02-21 20:00:00,bureau sud,20.87,5.22,45.0,1,ouvré,10.451
2622,2025-01-22 20:00:00,Bureau_Sud,20.36,4.23,45.6,6,ouvré,11.71
466,2025-01-04 21:00:00,BUREAU NORD,22.03,0.57,42.7,0,weekend,11.119
4793,2025-02-09 22:00:00,atelier,21.17,1.3,38.6,0,weekend,13.548
7814,2025-03-07 02:00:00,Salle Serveur,20.74,2.12,46.0,,ouvré,46.615
2304,2025-01-20 04:00:00,Salle_Serveur,20.55,-1.2,42.4,0,ouvré,49.114
10589,2025-03-30 05:00:00,Salle_Serveur,19.95,3.42,44.1,0,weekend,46.87
4286,2025-02-05 17:00:00,bureau_nord,20.2,5.25,36.6,11,ouvré,11.825
9988,2025-03-25 05:00:00,atelier,20.8,3.02,,11,ouvré,15.384
5115,2025-02-12 14:00:00,accueil ,21.17,6.71,40.1,6,ouvré,
993,2025-01-09 06:00:00,Atelier,21.23,-2.09,49.2,4,ouvré,18.426
7889,2025-03-07 17:00:00,Salle Serveur,,8.76,60.1,0,ouvré,887.661
2078,2025-01-18 07:00:00,Atelier,19.12,0.79,56.6,,weekend,13.828
2539,2025-01-22 03:00:00,Salle Serveur,20.61,-0.87,48.3,0,ouvré,47.962
3653,2025-01-31 10:00:00,atelier,20.83,3.49,39.8,0,ouvré,26.978
8607,2025-03-13 17:00:00,bureau sud,20.08,7.87,38.7,2,ouvré,13.334
3268,2025-01-28 05:00:00,atelier,22.07,-2.66,277.1,10,,16.905
2734,2025-01-23 18:00:00,Salle Serveur,20.49,4.18,53.4,0,ouvré,45.783
3429,2025-01-29 13:00:00,Salle_Serveur,22.22,5.7,45.9,0,ouvré,586.085
862,2025-01-08 04:00:00,bureau sud,20.42,-0.99,47.8,6,ouvré,12.042
2904,2025-01-25 04:00:00,Salle Serveur,21.38,-1.65,44.4,0,weekend,48.406
7273,2025-03-02 14:00:00,Atelier,21.63,9.3,45.2,0,weekend,10.496
8897,2025-03-16 03:00:00,Bureau_Sud,19.95,0.05,46.8,0,weekend,10.086
10351,2025-03-28 06:00:00,Bureau_Nord,21.82,3.71,43.9,7,ouvré,11.131
3518,2025-01-30 07:00:00,atelier,20.58,-0.89,30.3,5,ouvré,18.714
6785,2025-02-26 12:00:00,accueil ,21.06,7.35,52.4,5,ouvré,12.906
8516,2025-03-12 23:00:00,Bureau_Nord,20.36,1.47,46.9,14,ouvré,8.676
10742,2025-03-31 12:00:00,bureau sud,19.89,9.19,43.3,11,ouvré,17.367
5005,2025-02-11 16:00:00,Accueil,20.13,4.91,46.1,13,ouvré,12.686
8750,2025-03-14 21:00:00,Accueil,22.0,6.79,44.3,11,ouvré,6.633
2335,2025-01-20 10:00:00,accueil ,21.04,3.07,45.7,2,ouvré,12.679
4821,2025-02-10 04:00:00,bureau_nord,21.55,-4.43,40.6,0,ouvré,12.233
5624,2025-02-16 20:00:00,Salle Serveur,20.69,3.23,,0,weekend,48.671
5713,2025-02-17 14:00:00,atelier,20.71,7.55,43.9,5,ouvré,30.154
3658,2025-01-31 11:00:00,atelier,20.9,3.44,46.0,3,ouvré,32.685
6240,2025-02-21 23:00:00,Accueil,19.23,1.08,28.2,5,ouvré,9.579
5040,2025-02-11 23:00:00,Accueil,21.38,-1.54,50.6,7,ouvré,10.493
2000,2025-01-17 15:00:00,accueil ,20.67,6.54,38.3,6,ouvré,11.467
7939,2025-03-08 03:00:00,Salle Serveur,21.87,2.47,35.0,0,weekend,46.87
2352,2025-01-20 14:00:00,bureau sud,21.92,5.69,52.0,11,ouvré,20.84
3699,2025-01-31 19:00:00,Salle Serveur,19.7,3.09,32.2,0,ouvré,46.989
8038,2025-03-08 23:00:00,atelier,21.21,2.83,,0,weekend,13.086
473,2025-01-04 22:00:00,atelier,20.51,1.2,,0,weekend,14.129
10798,2025-03-31 23:00:00,Atelier,20.18,5.01,,7,ouvré,12.188
8445,2025-03-12 08:00:00,accueil ,20.63,3.6,38.2,6,ouvré,11.989
5360,2025-02-14 15:00:00,accueil ,22.75,5.55,41.7,10,ouvré,12.968
9523,2025-03-21 08:00:00,Atelier,21.54,5.61,45.9,3,ouvré,19.768
1397,2025-01-12 15:00:00,Bureau_Sud,20.34,4.93,44.3,0,weekend,9.725
7491,2025-03-04 10:00:00,Bureau_Nord,22.73,7.24,55.5,4,ouvré,14.752
3818,2025-02-01 19:00:00,atelier,21.1,4.46,37.4,0,weekend,12.696
1314,2025-01-11 22:00:00,Salle_Serveur,21.66,0.87,41.4,0,weekend,46.847
6458,2025-02-23 19:00:00,Atelier,21.22,7.29,38.4,0,weekend,11.34
1597,2025-01-14 07:00:00,Bureau_Sud,20.75,-0.34,32.2,11,ouvré,13.355
9148,2025-03-18 05:00:00,atelier,22.33,2.67,52.7,9,ouvré,12.243
8738,2025-03-14 19:00:00,Atelier,20.82,8.64,51.8,10,ouvré,15.054
10408,2025-03-28 17:00:00,atelier,19.98,12.8,32.8,5,ouvré,19.609
8655,2025-03-14 02:00:00,accueil ,20.27,-1.86,48.0,,ouvré,10.345
2384,2025-01-20 20:00:00,Salle_Serveur,21.68,1.7,41.9,0,ouvré,47.942
9087,2025-03-17 17:00:00,Bureau_Sud,20.97,9.76,48.2,3,ouvré,15.531
3756,2025-02-01 07:00:00,bureau_nord,20.04,-0.53,53.8,0,weekend,11.565
2422,2025-01-21 04:00:00,Bureau_Sud,19.66,-1.53,47.9,,ouvré,10.691
8435,2025-03-12 06:00:00,accueil ,21.18,3.01,53.5,10,ouvré,7.364
345,2025-01-03 20:00:00,accueil ,19.76,2.81,42.7,11,ouvré,10.874
5809,2025-02-18 09:00:00,Salle Serveur,19.85,6.18,48.4,0,ouvré,46.975
5516,2025-02-15 23:00:00,Bureau_Nord,20.32,0.98,58.5,0,weekend,10.153
7845,2025-03-07 08:00:00,Accueil,20.85,5.74,36.7,7,ouvré,9.79
10391,2025-03-28 14:00:00,BUREAU NORD,20.47,9.79,43.8,1,ouvré,16.572
4273,2025-02-05 14:00:00,atelier,21.8,6.89,26.8,11,ouvré,31.889
4935,2025-02-11 02:00:00,Accueil,,-0.1,49.0,5,ouvré,11.185
3495,2025-01-30 02:00:00,accueil ,21.18,-2.41,59.5,14,ouvré,
5466,2025-02-15 13:00:00,Bureau_Nord,21.95,6.82,44.2,0,weekend,7.792
973,2025-01-09 02:00:00,atelier,21.2,-3.42,53.3,9,ouvré,16.344
3839,2025-02-01 23:00:00,Salle Serveur,20.73,0.71,46.8,0,weekend,47.7
4718,2025-02-09 07:00:00,atelier,21.41,0.93,39.9,0,weekend,15.638
5008,2025-02-11 17:00:00,atelier,19.89,7.65,41.4,3,ouvré,22.441
8290,2025-03-11 01:00:00,Accueil,20.0,5.02,51.9,6,ouvré,7.421
4135,2025-02-04 10:00:00,accueil ,21.03,4.33,43.2,8,ouvré,11.085
3522,2025-01-30 08:00:00,bureau sud,21.06,1.15,43.8,9,ouvré,14.092
6821,2025-02-26 20:00:00,BUREAU NORD,21.62,3.39,43.6,5,ouvré,10.106
1178,2025-01-10 19:00:00,Atelier,20.62,3.26,48.8,6,ouvré,17.186
2757,2025-01-23 23:00:00,Bureau_Sud,19.6,0.18,42.2,9,ouvré,11.431
7159,2025-03-01 15:00:00,Salle_Serveur,21.12,9.2,50.9,0,weekend,43.51
8808,2025-03-15 09:00:00,atelier,21.86,5.88,48.8,0,weekend,11.202
7671,2025-03-05 22:00:00,BUREAU NORD,21.01,2.92,42.9,11,ouvré,9.277
9357,2025-03-19 23:00:00,bureau sud,21.82,4.0,57.3,1,ouvré,8.974
6123,2025-02-21 00:00:00,Atelier,19.81,-0.92,42.9,15,ouvré,14.665
5642,2025-02-17 00:00:00,bureau sud,20.55,0.58,47.9,0,ouvré,11.423
8054,2025-03-09 02:00:00,Salle Serveur,19.79,0.17,39.0,0,weekend,48.514
205,2025-01-02 16:00:00,accueil ,20.97,5.47,46.7,7,ouvré,12.141
4910,2025-02-10 21:00:00,accueil ,19.54,4.87,44.2,9,ouvré,8.432
10534,2025-03-29 18:00:00,Salle_Serveur,19.88,10.39,45.8,0,weekend,43.694
1904,2025-01-16 20:00:00,Salle Serveur,21.29,2.14,49.7,0,ouvré,47.064
1151,2025-01-10 14:00:00,BUREAU NORD,21.29,4.9,48.4,1,ouvré,18.956
1488,2025-01-13 09:00:00,Atelier,21.05,1.81,41.6,13,ouvré,24.59
9949,2025-03-24 21:00:00,Salle Serveur,20.56,7.14,45.9,0,ouvré,45.627
3639,2025-01-31 07:00:00,Salle Serveur,21.15,-0.17,50.8,0,ouvré,48.356
122,2025-01-02 00:00:00,Bureau_Sud,21.6,-2.4,44.1,4,ouvré,11.898
1742,2025-01-15 12:00:00,Bureau_Sud,20.8,4.77,48.0,7,ouvré,18.163
8929,2025-03-16 09:00:00,Salle_Serveur,19.17,6.72,48.7,0,weekend,45.106
830,2025-01-07 21:00:00,accueil ,21.81,1.39,40.7,17,ouvré,9.636
330,2025-01-03 17:00:00,Accueil,21.02,4.76,41.0,3,ouvré,10.956
3725,2025-02-01 00:00:00,Accueil,21.24,-0.04,59.4,0,weekend,11.388
346,2025-01-03 21:00:00,bureau_nord,20.75,1.31,,0,,10.216
9984,2025-03-25 04:00:00,Salle Serveur,20.93,3.93,36.6,0,ouvré,47.109
2340,2025-01-20 11:00:00,accueil ,19.49,3.53,41.2,9,ouvré,13.168
186,2025-01-02 13:00:00,Bureau_Nord,22.42,4.06,42.8,3,ouvré,19.462
10333,2025-03-28 02:00:00,atelier,19.76,2.48,34.2,8,ouvré,12.709
4312,2025-02-05 22:00:00,bureau sud,21.31,1.74,42.1,7,ouvré,9.938
1826,2025-01-16 05:00:00,Bureau_Nord,20.83,-0.72,40.8,20,ouvré,11.695
3380,2025-01-29 03:00:00,Accueil,19.74,-1.4,40.5,6,ouvré,11.203
8069,2025-03-09 05:00:00,Salle Serveur,21.97,1.89,47.2,,weekend,47.418
3917,2025-02-02 15:00:00,bureau sud,20.63,5.65,51.6,0,weekend,9.066
3613,2025-01-31 02:00:00,atelier,20.33,-2.31,41.4,8,ouvré,15.4
4770,2025-02-09 17:00:00,Accueil,,4.37,56.1,0,weekend,7.989
4796,2025-02-09 23:00:00,bureau_nord,21.52,1.53,51.8,0,weekend,11.914
7708,2025-03-06 05:00:00,atelier,20.87,1.26,53.2,8,ouvré,14.457
8463,2025-03-12 12:00:00,atelier,20.24,7.09,59.5,12,ouvré,31.371
6376,2025-02-23 03:00:00,bureau_nord,20.95,-1.24,44.2,0,weekend,9.791
2343,2025-01-20 12:00:00,Atelier,21.14,4.71,55.7,7,ouvré,34.18
8381,2025-03-11 20:00:00,Bureau_Nord,20.71,6.38,38.2,,ouvré,9.714
9214,2025-03-18 18:00:00,Salle_Serveur,22.43,9.59,40.9,0,ouvré,44.151
9292,2025-03-19 10:00:00,Bureau_Sud,20.27,6.58,40.9,9,ouvré,17.486
5926,2025-02-19 09:00:00,bureau_nord,21.69,4.68,53.8,11,ouvré,13.922
1829,2025-01-16 05:00:00,Salle_Serveur,21.97,-0.72,54.2,0,ouvré,48.074
9098,2025-03-17 19:00:00,Atelier,20.08,7.1,51.1,2,ouvré,15.053
4464,2025-02-07 04:00:00,Salle Serveur,21.37,1.08,44.0,0,ouvré,47.01
10216,2025-03-27 03:00:00,bureau_nord,21.9,3.54,42.3,12,ouvré,7.738
4099,2025-02-04 03:00:00,Salle Serveur,,-1.6,46.1,0,ouvré,49.43
3591,2025-01-30 22:00:00,bureau_nord,20.93,-0.97,47.4,11,ouvré,12.351
4743,2025-02-09 12:00:00,Atelier,22.62,6.55,,0,weekend,12.183
182,2025-01-02 12:00:00,bureau sud,21.73,6.15,50.0,11,ouvré,19.999
3786,2025-02-01 13:00:00,BUREAU NORD,20.3,7.86,38.4,0,weekend,6.683
3093,2025-01-26 18:00:00,atelier,20.34,5.87,32.5,0,weekend,10.674
5817,2025-02-18 11:00:00,bureau sud,20.96,4.68,45.1,9,ouvré,19.385
4113,2025-02-04 06:00:00,atelier,20.03,0.02,196.1,5,ouvré,15.812
92,2025-01-01 18:00:00,bureau sud,21.45,5.44,38.7,10,férié,12.205
7624,2025-03-05 12:00:00,Salle Serveur,18.79,8.85,59.8,0,ouvré,44.501
6011,2025-02-20 02:00:00,BUREAU NORD,21.26,1.42,48.2,12,ouvré,8.668
1320,2025-01-11 23:00:00,Accueil,21.85,0.16,48.9,0,weekend,9.779
6041,2025-02-20 08:00:00,BUREAU NORD,21.41,2.05,48.2,7,ouvré,13.256
5668,2025-02-17 05:00:00,atelier,21.08,-0.33,47.4,7,ouvré,14.862
94,2025-01-01 18:00:00,Salle Serveur,20.95,5.44,30.8,0,férié,45.383
2470,2025-01-21 13:00:00,accueil ,21.15,7.98,43.0,11,ouvré,12.344
10120,2025-03-26 07:00:00,accueil ,20.16,4.34,39.8,16,ouvré,9.221
3257,2025-01-28 03:00:00,Bureau_Sud,21.19,-3.03,49.6,5,ouvré,14.43
10030,2025-03-25 13:00:00,accueil ,20.84,8.98,47.2,11,ouvré,12.243
6817,2025-02-26 19:00:00,Bureau_Sud,20.03,6.95,59.3,10,ouvré,9.742
10184,2025-03-26 20:00:00,Salle Serveur,,7.99,55.0,0,ouvré,42.895
10529,2025-03-29 17:00:00,Salle Serveur,-999,10.68,38.0,0,weekend,43.144
7945,2025-03-08 04:00:00,Accueil,21.32,3.09,47.0,0,weekend,7.802
3063,2025-01-26 12:00:00,Atelier,20.16,4.59,40.6,0,weekend,13.481
9691,2025-03-22 18:00:00,bureau_nord,20.62,8.8,40.7,0,weekend,5.25
7674,2025-03-05 22:00:00,Salle_Serveur,19.87,2.92,59.9,0,ouvré,47.141
8048,2025-03-09 01:00:00,atelier,22.26,2.85,41.3,0,weekend,15.53
4677,2025-02-08 23:00:00,Bureau_Sud,,0.37,51.0,0,weekend,11.042
4562,2025-02-08 00:00:00,bureau sud,20.7,-0.74,46.0,0,weekend,12.432
3810,2025-02-01 17:00:00,accueil ,19.6,4.84,45.7,0,weekend,6.689
6352,2025-02-22 22:00:00,Bureau_Sud,20.56,3.49,39.9,,weekend,10.092
1191,2025-01-10 22:00:00,Bureau_Nord,22.95,0.35,42.4,6,ouvré,10.211
4866,2025-02-10 13:00:00,Bureau_Nord,21.46,5.93,47.7,9,ouvré,16.479
8365,2025-03-11 16:00:00,accueil ,22.46,9.3,47.1,0,ouvré,10.863
8725,2025-03-14 16:00:00,Accueil,20.96,8.89,38.5,10,ouvré,9.785
2286,2025-01-20 01:00:00,Bureau_Nord,22.01,-1.1,40.4,11,ouvré,9.804
9592,2025-03-21 22:00:00,bureau sud,20.36,5.16,46.2,7,ouvré,8.377
4942,2025-02-11 04:00:00,Bureau_Sud,23.18,-3.86,45.6,10,ouvré,11.813
10420,2025-03-28 19:00:00,Accueil,21.68,8.68,53.3,1,ouvré,7.401
1812,2025-01-16 02:00:00,bureau sud,21.57,0.14,50.3,12,ouvré,11.223
2970,2025-01-25 17:00:00,accueil ,21.04,5.23,46.2,0,weekend,6.215
5093,2025-02-12 10:00:00,Atelier,20.36,1.7,40.4,18,ouvré,29.279
7108,2025-03-01 05:00:00,atelier,20.92,0.29,41.3,0,weekend,13.353
2623,2025-01-22 20:00:00,Atelier,21.87,4.23,56.9,3,ouvré,15.763
624,2025-01-06 04:00:00,Salle Serveur,19.44,-0.41,42.5,0,ouvré,47.585
9196,2025-03-18 15:00:00,Bureau_Nord,21.0,13.1,54.4,2,ouvré,11.964
10294,2025-03-27 18:00:00,Salle_Serveur,20.86,10.27,47.9,0,ouvré,45.297
1329,2025-01-12 01:00:00,Salle Serveur,21.5,-0.49,,0,weekend,49.079
5676,2025-02-17 07:00:00,Bureau_Nord,20.4,3.49,46.1,10,ouvré,10.372
3751,2025-02-01 06:00:00,Bureau_Nord,22.44,-1.55,50.6,0,weekend,11.398
2235,2025-01-19 14:00:00,Accueil,19.97,5.33,42.2,0,weekend,8.082
4280,2025-02-05 15:00:00,Accueil,21.93,5.98,50.2,7,ouvré,14.045
8468,2025-03-12 13:00:00,atelier,20.75,9.31,49.5,17,ouvré,31.445
8000,2025-03-08 15:00:00,Accueil,20.21,8.87,55.8,0,weekend,7.047
10569,2025-03-30 01:00:00,Salle Serveur,21.97,2.58,45.2,0,weekend,47.384
6095,2025-02-20 18:00:00,accueil ,21.86,5.3,45.6,11,ouvré,9.105
8045,2025-03-09 00:00:00,accueil ,21.75,4.36,38.2,0,weekend,8.565
9688,2025-03-22 17:00:00,Atelier,21.47,10.78,43.6,0,weekend,11.317
8693,2025-03-14 10:00:00,atelier,20.64,5.3,42.8,,ouvré,27.467
210,2025-01-02 17:00:00,Accueil,22.01,3.31,50.4,11,ouvré,10.627
4381,2025-02-06 12:00:00,Bureau_Nord,21.07,8.01,43.1,7,ouvré,16.397
7749,2025-03-06 13:00:00,Salle_Serveur,20.8,8.78,43.7,0,ouvré,45.051
9186,2025-03-18 13:00:00,Bureau_Nord,21.07,9.77,56.6,4,ouvré,16.392
2382,2025-01-20 20:00:00,Bureau_Sud,21.34,1.7,54.9,12,ouvré,11.084
3032,2025-01-26 06:00:00,bureau sud,21.87,0.23,46.7,0,weekend,10.94
740,2025-01-07 03:00:00,accueil ,21.4,-1.38,40.5,8,ouvré,9.247
10471,2025-03-29 06:00:00,BUREAU NORD,20.8,2.02,,0,weekend,9.667
628,2025-01-06 05:00:00,atelier,20.93,-2.04,40.0,8,ouvré,16.577
5631,2025-02-16 22:00:00,bureau_nord,21.66,2.03,55.3,0,weekend,9.629
3736,2025-02-01 03:00:00,Bureau_Nord,20.43,-2.03,49.3,0,weekend,11.405
8734,2025-03-14 18:00:00,Salle_Serveur,20.95,9.23,40.2,0,ouvré,45.355
1371,2025-01-12 10:00:00,bureau_nord,21.09,2.34,42.1,0,weekend,10.139
8843,2025-03-15 16:00:00,atelier,21.89,9.54,46.6,0,weekend,11.146
5475,2025-02-15 14:00:00,Accueil,20.43,6.0,44.0,0,weekend,6.703
8094,2025-03-09 10:00:00,Salle Serveur,21.53,4.73,48.6,0,weekend,45.965
3233,2025-01-27 22:00:00,atelier,20.91,2.24,39.7,4,ouvré,13.9
9403,2025-03-20 08:00:00,Atelier,20.82,4.93,43.9,,ouvré,19.565
5125,2025-02-12 16:00:00,Accueil,21.11,3.99,35.5,1,ouvré,14.455
2208,2025-01-19 09:00:00,Atelier,20.43,3.58,40.7,0,weekend,12.915
540,2025-01-05 11:00:00,accueil ,21.34,3.07,49.6,,weekend,9.239
771,2025-01-07 10:00:00,Bureau_Nord,,1.55,38.4,13,ouvré,16.331
10503,2025-03-29 12:00:00,Atelier,21.51,8.87,41.6,0,weekend,11.397
378,2025-01-04 03:00:00,atelier,21.61,-1.25,36.6,0,weekend,
4185,2025-02-04 20:00:00,Accueil,20.31,4.4,52.9,12,ouvré,8.704
2598,2025-01-22 15:00:00,atelier,19.7,6.14,39.4,1,ouvré,30.362
3030,2025-01-26 05:00:00,accueil ,21.57,-1.67,43.7,0,weekend,11.06
1640,2025-01-14 15:00:00,accueil ,21.6,6.77,,15,ouvré,12.188
6155,2025-02-21 06:00:00,Accueil,21.21,1.48,53.2,9,ouvré,8.145
8951,2025-03-16 14:00:00,Bureau_Nord,21.53,13.09,44.5,0,weekend,4.213
2151,2025-01-18 22:00:00,BUREAU NORD,21.75,-1.57,,0,weekend,11.05
5364,2025-02-14 16:00:00,Salle Serveur,21.11,6.63,51.0,0,ouvré,
8099,2025-03-09 11:00:00,Salle Serveur,,8.24,45.8,0,weekend,44.007
1667,2025-01-14 21:00:00,Bureau_Sud,,1.36,47.5,6,ouvré,9.383
3311,2025-01-28 14:00:00,bureau_nord,20.07,6.73,42.1,2,ouvré,16.321
5251,2025-02-13 18:00:00,Bureau_Nord,20.32,3.79,41.7,8,ouvré,12.617
7606,2025-03-05 09:00:00,BUREAU NORD,20.1,3.81,45.9,5,ouvré,14.043
10104,2025-03-26 04:00:00,Salle_Serveur,21.73,2.8,37.6,0,ouvré,47.064
3950,2025-02-02 21:00:00,Accueil,20.52,3.16,39.7,0,weekend,9.126
10659,2025-03-30 19:00:00,Salle Serveur,20.39,9.25,53.5,0,weekend,43.762
3630,2025-01-31 05:00:00,Accueil,23.05,-3.5,43.0,19,ouvré,11.535
5889,2025-02-19 01:00:00,Salle Serveur,20.79,-1.05,45.7,0,ouvré,47.801
6031,2025-02-20 06:00:00,bureau_nord,21.86,-0.18,52.2,3,ouvré,13.047
1562,2025-01-14 00:00:00,bureau sud,20.56,-2.39,40.8,8,ouvré,12.178
2869,2025-01-24 21:00:00,Salle Serveur,22.71,1.04,,0,ouvré,48.658
3325,2025-01-28 16:00:00,accueil ,22.55,8.1,45.8,14,ouvré,10.589
7052,2025-02-28 18:00:00,Bureau_Sud,19.79,6.48,40.1,10,ouvré,10.857
9255,2025-03-19 02:00:00,accueil ,20.79,2.28,33.2,8,ouvré,9.187
9943,2025-03-24 20:00:00,atelier,21.05,9.68,36.6,10,ouvré,12.581
9783,2025-03-23 12:00:00,Atelier,21.68,8.33,43.2,0,weekend,10.1
3959,2025-02-02 23:00:00,Salle Serveur,20.46,1.43,44.8,0,weekend,46.172
7231,2025-03-02 06:00:00,Bureau_Nord,21.08,1.99,43.2,0,weekend,10.058
1799,2025-01-15 23:00:00,Salle Serveur,21.23,-0.69,41.1,0,ouvré,49.59
3612,2025-01-31 02:00:00,Bureau_Sud,21.11,-2.31,43.9,6,ouvré,
9202,2025-03-18 16:00:00,bureau sud,22.27,9.16,41.1,10,ouvré,14.493
511,2025-01-05 06:00:00,Bureau_Nord,22.59,-0.9,55.3,0,weekend,12.442
1639,2025-01-14 15:00:00,Salle Serveur,20.23,6.77,50.8,0,ouvré,45.267
982,2025-01-09 04:00:00,Bureau_Sud,21.27,0.93,33.7,14,ouvré,10.019
10343,2025-03-28 04:00:00,Atelier,20.34,4.77,43.2,5,ouvré,12.303
6901,2025-02-27 12:00:00,Bureau_Nord,20.74,8.63,45.3,11,ouvré,15.301
10683,2025-03-31 00:00:00,Atelier,21.82,3.55,51.0,0,ouvré,12.04
1237,2025-01-11 07:00:00,Bureau_Sud,21.32,0.85,49.5,0,weekend,11.202
7288,2025-03-02 17:00:00,Atelier,21.46,9.56,54.8,0,weekend,10.755
7369,2025-03-03 09:00:00,Salle_Serveur,21.13,2.15,49.4,0,ouvré,47.817
91,2025-01-01 18:00:00,bureau_nord,20.8,5.44,48.4,11,férié,12.08
299,2025-01-03 11:00:00,Salle Serveur,21.13,3.51,48.1,0,ouvré,46.769
4499,2025-02-07 11:00:00,Salle_Serveur,19.43,3.49,57.3,0,ouvré,46.177
3700,2025-01-31 19:00:00,Accueil,20.78,3.09,64.0,5,ouvré,11.548
8298,2025-03-11 03:00:00,atelier,20.86,0.81,51.4,12,ouvré,14.099
9661,2025-03-22 12:00:00,bureau_nord,21.04,9.39,53.9,0,weekend,6.031
7429,2025-03-03 21:00:00,Salle Serveur,22.43,5.65,47.2,0,ouvré,45.763
666,2025-01-06 13:00:00,bureau_nord,21.85,5.41,44.0,9,ouvré,17.032
4348,2025-02-06 05:00:00,atelier,,-1.22,36.8,,ouvré,15.966
1874,2025-01-16 14:00:00,Salle_Serveur,21.8,7.88,50.1,0,ouvré,44.217
731,2025-01-07 02:00:00,BUREAU NORD,21.53,-3.55,36.2,8,ouvré,11.867
2741,2025-01-23 20:00:00,bureau_nord,21.27,4.69,36.8,10,ouvré,10.2
10313,2025-03-27 22:00:00,atelier,21.2,5.7,36.6,8,,11.773
1857,2025-01-16 11:00:00,Bureau_Sud,20.12,3.98,45.0,9,ouvré,19.372
7124,2025-03-01 08:00:00,Salle_Serveur,20.77,2.1,45.5,,weekend,48.395
4179,2025-02-04 19:00:00,Salle_Serveur,19.97,2.52,47.0,0,ouvré,47.292
1629,2025-01-14 13:00:00,Salle_Serveur,20.39,7.16,41.3,0,ouvré,45.754
9735,2025-03-23 02:00:00,accueil ,20.11,1.84,,0,weekend,8.45
6058,2025-02-20 11:00:00,Atelier,22.8,5.94,45.3,11,ouvré,30.426
3095,2025-01-26 18:00:00,Accueil,21.45,5.87,49.7,0,weekend,4.945
8949,2025-03-16 13:00:00,Salle_Serveur,19.94,9.55,48.5,0,weekend,
1246,2025-01-11 09:00:00,BUREAU NORD,22.26,0.61,46.6,0,weekend,9.609
5330,2025-02-14 09:00:00,Accueil,21.6,2.75,50.5,8,ouvré,11.029
6492,2025-02-24 02:00:00,bureau sud,20.65,2.35,49.3,4,ouvré,9.648
4588,2025-02-08 05:00:00,Atelier,20.5,-0.48,45.5,0,weekend,15.235
3018,2025-01-26 03:00:00,atelier,21.26,-0.6,33.2,0,weekend,16.084
3480,2025-01-29 23:00:00,Accueil,21.18,0.27,42.8,3,ouvré,8.702
1071,2025-01-09 22:00:00,BUREAU NORD,20.08,3.46,42.3,0,ouvré,10.557
6056,2025-02-20 11:00:00,BUREAU NORD,20.59,5.94,48.7,8,ouvré,14.995
9733,2025-03-23 02:00:00,Atelier,20.35,1.84,41.3,0,weekend,14.593
7372,2025-03-03 10:00:00,bureau sud,20.91,7.32,44.6,3,ouvré,14.641
2507,2025-01-21 21:00:00,bureau sud,20.13,1.37,48.9,4,ouvré,10.854
9447,2025-03-20 17:00:00,bureau sud,,10.67,44.5,9,ouvré,12.835
4952,2025-02-11 06:00:00,bureau sud,19.68,-0.03,47.5,4,ouvré,13.041
4868,2025-02-10 13:00:00,Atelier,22.16,5.93,,3,ouvré,32.257
8913,2025-03-16 06:00:00,atelier,20.13,2.04,41.2,0,weekend,13.888
3113,2025-01-26 22:00:00,Atelier,21.95,-0.16,46.4,0,weekend,12.77
6132,2025-02-21 02:00:00,Bureau_Sud,20.25,-0.16,52.5,7,ouvré,10.185
296,2025-01-03 11:00:00,Bureau_Nord,20.75,3.51,49.5,8,ouvré,17.101
8707,2025-03-14 13:00:00,Bureau_Sud,20.84,8.37,52.7,5,ouvré,18.769
10461,2025-03-29 04:00:00,Bureau_Nord,21.72,-0.05,51.6,0,weekend,11.9
160,2025-01-02 07:00:00,accueil ,21.14,1.71,,14,ouvré,10.936
2241,2025-01-19 16:00:00,BUREAU NORD,20.98,7.58,38.2,0,weekend,7.751
2562,2025-01-22 08:00:00,bureau sud,20.79,2.16,43.0,1,ouvré,14.049
972,2025-01-09 02:00:00,bureau sud,20.32,-3.42,40.5,7,ouvré,13.106
5588,2025-02-16 13:00:00,Atelier,21.21,6.41,42.1,0,weekend,12.694
9035,2025-03-17 06:00:00,accueil ,21.14,3.83,42.9,3,ouvré,9.077
6603,2025-02-25 00:00:00,Atelier,21.03,-0.35,33.7,13,ouvré,13.524
5510,2025-02-15 21:00:00,accueil ,23.77,5.68,44.5,0,weekend,8.056
5782,2025-02-18 04:00:00,Bureau_Sud,20.73,0.05,51.2,5,ouvré,11.491
6243,2025-02-22 00:00:00,atelier,,1.81,46.5,0,weekend,15.074
8690,2025-03-14 09:00:00,accueil ,21.73,7.6,49.0,8,ouvré,11.566
3354,2025-01-28 22:00:00,Salle_Serveur,-999,0.91,35.8,0,ouvré,48.354
10075,2025-03-25 22:00:00,Accueil,22.15,5.69,42.4,10,ouvré,7.69
2887,2025-01-25 01:00:00,bureau sud,,-3.98,39.3,0,weekend,12.885
1102,2025-01-10 04:00:00,bureau sud,20.71,0.91,51.0,10,ouvré,9.934
3502,2025-01-30 04:00:00,bureau sud,21.18,-0.92,54.0,0,ouvré,12.502
3903,2025-02-02 12:00:00,Atelier,20.0,5.42,47.2,,weekend,11.974
5879,2025-02-18 23:00:00,Salle_Serveur,21.29,1.19,47.3,0,ouvré,46.993
7262,2025-03-02 12:00:00,Bureau_Sud,20.91,8.51,50.6,0,weekend,6.373
3936,2025-02-02 19:00:00,Bureau_Nord,20.7,5.97,38.9,0,weekend,6.963
4121,2025-02-04 08:00:00,bureau_nord,20.87,2.9,47.1,0,ouvré,12.764
10727,2025-03-31 09:00:00,Bureau_Sud,21.08,3.65,39.0,11,ouvré,15.551
9330,2025-03-19 17:00:00,accueil ,20.91,9.01,53.4,8,ouvré,10.537
1033,2025-01-09 14:00:00,atelier,20.38,6.69,34.3,9,ouvré,32.519
10032,2025-03-25 14:00:00,bureau sud,22.1,10.26,49.3,7,ouvré,16.965
4522,2025-02-07 16:00:00,bureau sud,22.71,5.92,38.9,1,ouvré,15.508
9781,2025-03-23 12:00:00,Bureau_Nord,21.77,8.33,40.0,0,weekend,7.149
9774,2025-03-23 10:00:00,Salle Serveur,20.31,9.42,48.9,0,weekend,44.764
548,2025-01-05 13:00:00,atelier,20.36,4.83,50.1,0,weekend,11.849
8772,2025-03-15 02:00:00,bureau sud,20.56,0.58,43.3,0,weekend,12.139
5910,2025-02-19 05:00:00,Accueil,20.9,-1.75,47.7,2,ouvré,11.201
8429,2025-03-12 05:00:00,Salle Serveur,19.96,2.21,47.8,0,ouvré,48.801
9869,2025-03-24 05:00:00,Salle_Serveur,22.0,3.08,44.7,0,ouvré,44.623
2056,2025-01-18 03:00:00,BUREAU NORD,21.36,-3.13,49.2,0,weekend,13.244
7043,2025-02-28 16:00:00,atelier,20.1,8.61,36.9,3,ouvré,25.687
53,2025-01-01 10:00:00,Atelier,19.47,2.63,41.2,3,férié,28.745
5623,2025-02-16 20:00:00,Atelier,21.6,3.23,32.4,0,weekend,14.039
3870,2025-02-02 05:00:00,accueil ,21.82,0.02,40.1,0,weekend,10.337
5732,2025-02-17 18:00:00,bureau sud,20.4,8.69,45.4,3,ouvré,305.705
8414,2025-03-12 02:00:00,Salle_Serveur,20.66,1.73,47.1,0,ouvré,46.957
5904,2025-02-19 04:00:00,Salle_Serveur,21.14,0.32,42.0,0,ouvré,47.41
1939,2025-01-17 03:00:00,Salle Serveur,20.92,-1.98,45.9,0,ouvré,49.31
8207,2025-03-10 09:00:00,bureau sud,21.78,4.28,51.2,8,ouvré,13.598
1333,2025-01-12 02:00:00,atelier,21.12,-2.55,51.3,,weekend,14.332
8971,2025-03-16 18:00:00,bureau_nord,22.14,9.61,47.6,0,weekend,
5553,2025-02-16 06:00:00,atelier,20.54,0.71,46.5,0,weekend,14.804
723,2025-01-07 00:00:00,atelier,20.53,-0.1,39.6,10,ouvré,14.485
3556,2025-01-30 15:00:00,bureau_nord,20.17,6.8,44.9,11,ouvré,15.068
264,2025-01-03 04:00:00,Salle Serveur,21.66,-3.23,49.4,0,ouvré,49.994
4461,2025-02-07 04:00:00,Bureau_Nord,20.72,1.08,49.1,4,ouvré,10.929
925,2025-01-08 16:00:00,Accueil,22.19,7.53,38.1,5,ouvré,10.387
3778,2025-02-01 11:00:00,Atelier,20.32,6.36,,0,weekend,11.357
3209,2025-01-27 17:00:00,Salle Serveur,19.63,5.88,52.3,0,ouvré,44.999
3812,2025-02-01 18:00:00,Bureau_Sud,19.97,4.69,,0,weekend,10.278
4835,2025-02-10 06:00:00,Accueil,22.9,2.85,35.2,8,ouvré,9.915
10260,2025-03-27 11:00:00,accueil ,21.62,9.43,56.2,3,ouvré,10.153
6894,2025-02-27 10:00:00,Salle_Serveur,22.46,4.35,39.3,0,ouvré,45.721
10666,2025-03-30 21:00:00,Bureau_Nord,20.95,9.53,43.2,0,weekend,6.318
4692,2025-02-09 02:00:00,Bureau_Sud,21.0,-1.78,,0,weekend,11.334
7416,2025-03-03 19:00:00,Bureau_Nord,19.83,5.6,57.0,,ouvré,10.655
5168,2025-02-13 01:00:00,atelier,21.15,-0.13,42.8,2,ouvré,12.946
5669,2025-02-17 05:00:00,Salle_Serveur,21.57,-0.33,49.1,0,ouvré,47.284
5037,2025-02-11 23:00:00,bureau sud,21.82,-1.54,49.4,10,ouvré,11.01
2478,2025-01-21 15:00:00,atelier,21.09,5.26,,1,ouvré,30.587
9377,2025-03-20 03:00:00,bureau sud,21.4,2.39,50.9,1,ouvré,9.789
8242,2025-03-10 16:00:00,Bureau_Sud,21.17,10.29,51.8,13,ouvré,14.697
10615,2025-03-30 10:00:00,Accueil,20.39,8.94,35.9,0,weekend,6.327
1840,2025-01-16 07:00:00,Accueil,20.97,0.6,38.9,11,ouvré,11.342
9584,2025-03-21 20:00:00,Salle_Serveur,21.21,7.07,38.6,0,ouvré,45.144
4988,2025-02-11 13:00:00,atelier,21.96,6.17,41.2,12,ouvré,33.025
3602,2025-01-31 00:00:00,bureau sud,20.5,-0.87,46.4,5,ouvré,12.036
4582,2025-02-08 04:00:00,bureau sud,21.63,-0.69,50.7,0,weekend,10.767
5599,2025-02-16 15:00:00,Salle Serveur,22.21,8.66,52.6,0,weekend,44.984
3683,2025-01-31 16:00:00,Atelier,20.2,7.43,37.2,8,ouvré,26.498
5106,2025-02-12 13:00:00,Bureau_Nord,21.25,6.25,46.2,11,ouvré,-37.201
1638,2025-01-14 15:00:00,atelier,20.53,6.77,43.8,5,ouvré,30.384
6235,2025-02-21 22:00:00,Accueil,20.84,4.47,54.8,18,ouvré,8.246
1569,2025-01-14 01:00:00,Salle Serveur,20.31,-0.86,43.5,0,ouvré,47.878
4324,2025-02-06 00:00:00,Salle_Serveur,20.53,0.09,51.7,0,ouvré,47.479
586,2025-01-05 21:00:00,bureau_nord,21.98,-0.56,48.3,0,weekend,898.388
6442,2025-02-23 16:00:00,bureau sud,20.31,6.71,49.7,0,weekend,8.697
8316,2025-03-11 07:00:00,bureau_nord,20.91,2.39,53.4,,ouvré,12.204
2742,2025-01-23 20:00:00,Bureau_Sud,20.94,4.69,44.4,8,ouvré,10.753
3305,2025-01-28 12:00:00,accueil ,19.24,5.88,51.6,0,ouvré,12.741
8697,2025-03-14 11:00:00,Bureau_Sud,20.83,6.03,43.3,2,ouvré,18.268
8325,2025-03-11 08:00:00,accueil ,21.39,2.68,,17,ouvré,11.075
874,2025-01-08 06:00:00,Salle_Serveur,20.74,-1.61,43.0,0,ouvré,47.158
7756,2025-03-06 15:00:00,Bureau_Nord,21.3,10.79,41.3,9,ouvré,14.144
6063,2025-02-20 12:00:00,atelier,21.33,4.64,45.3,6,ouvré,32.57
1355,2025-01-12 06:00:00,accueil ,21.6,1.26,49.8,0,weekend,9.058
5083,2025-02-12 08:00:00,Atelier,20.36,3.94,48.2,10,ouvré,20.341
7676,2025-03-05 23:00:00,bureau_nord,20.27,4.25,43.3,10,ouvré,9.2
2850,2025-01-24 17:00:00,Accueil,20.31,7.76,48.2,4,ouvré,9.359
7154,2025-03-01 14:00:00,Salle Serveur,21.0,8.81,49.4,0,weekend,44.586
385,2025-01-04 04:00:00,Accueil,21.85,-2.13,41.8,0,weekend,10.375
5418,2025-02-15 03:00:00,Atelier,21.26,-2.31,54.3,0,weekend,16.516
3250,2025-01-28 01:00:00,Accueil,20.1,-1.67,41.3,10,ouvré,10.135
2284,2025-01-20 00:00:00,Salle_Serveur,21.54,-0.06,44.4,0,ouvré,46.664
8892,2025-03-16 02:00:00,bureau sud,21.51,2.13,44.9,0,weekend,10.36
5205,2025-02-13 08:00:00,accueil ,21.15,2.37,40.2,11,ouvré,10.678
3515,2025-01-30 06:00:00,Accueil,20.56,-2.4,39.9,10,ouvré,13.191
3911,2025-02-02 14:00:00,Bureau_Nord,20.48,4.79,56.3,0,weekend,8.793
2326,2025-01-20 09:00:00,Bureau_Nord,20.66,2.43,42.4,5,ouvré,15.363
461,2025-01-04 20:00:00,bureau_nord,21.97,2.35,46.8,0,weekend,9.284
247,2025-01-03 01:00:00,bureau sud,18.99,-0.94,44.9,,ouvré,11.87
7809,2025-03-07 01:00:00,Salle Serveur,,1.81,41.8,0,ouvré,47.455
7870,2025-03-07 13:00:00,accueil ,,8.51,50.7,8,ouvré,11.502
3536,2025-01-30 11:00:00,BUREAU NORD,21.2,4.86,54.9,10,ouvré,16.566
977,2025-01-09 03:00:00,Bureau_Sud,20.11,-0.79,45.0,8,ouvré,11.411
1211,2025-01-11 02:00:00,bureau_nord,21.53,-1.21,52.3,0,weekend,11.564
2868,2025-01-24 21:00:00,Atelier,21.28,1.04,47.8,12,ouvré,15.716
893,2025-01-08 10:00:00,atelier,22.1,-0.85,41.4,7,ouvré,30.753
10685,2025-03-31 00:00:00,Accueil,-999,3.55,49.9,3,ouvré,9.091
9044,2025-03-17 08:00:00,Salle_Serveur,21.35,5.56,50.2,0,ouvré,44.913
5270,2025-02-13 21:00:00,accueil ,21.64,4.73,42.7,6,ouvré,9.955
3147,2025-01-27 05:00:00,bureau sud,21.06,-1.44,47.3,6,ouvré,11.847
3781,2025-02-01 12:00:00,Bureau_Nord,20.72,5.05,42.7,0,weekend,9.314
3817,2025-02-01 19:00:00,Bureau_Sud,21.09,4.46,37.2,0,weekend,9.443
1895,2025-01-16 18:00:00,Accueil,20.77,5.02,35.5,11,ouvré,9.465
4843,2025-02-10 08:00:00,Atelier,20.94,2.59,43.1,13,ouvré,21.395
4167,2025-02-04 17:00:00,Bureau_Sud,21.91,3.36,,9,ouvré,15.907
8556,2025-03-13 07:00:00,bureau_nord,20.95,1.9,35.4,13,ouvré,13.395
2710,2025-01-23 13:00:00,accueil ,19.79,4.22,54.2,,ouvré,13.091
5775,2025-02-18 02:00:00,accueil ,21.92,-0.2,37.7,10,ouvré,10.753
3676,2025-01-31 15:00:00,bureau_nord,20.42,4.02,,5,ouvré,16.598
6334,2025-02-22 18:00:00,Salle Serveur,21.43,7.24,40.3,0,weekend,46.099
2079,2025-01-18 07:00:00,Salle Serveur,21.03,0.79,39.5,0,,48.203
5431,2025-02-15 06:00:00,bureau_nord,19.84,0.07,54.6,0,weekend,11.101
7230,2025-03-02 05:00:00,Accueil,21.39,3.03,39.8,0,weekend,
8898,2025-03-16 03:00:00,Atelier,22.07,0.05,42.7,0,weekend,15.408
9158,2025-03-18 07:00:00,atelier,20.76,5.21,43.7,6,ouvré,17.193
7210,2025-03-02 01:00:00,Accueil,21.01,0.76,56.7,0,weekend,10.081
8581,2025-03-13 12:00:00,BUREAU NORD,22.89,8.53,51.7,13,ouvré,16.837
359,2025-01-03 23:00:00,Salle_Serveur,21.53,-0.33,39.6,0,ouvré,48.66
3452,2025-01-29 18:00:00,bureau sud,20.44,2.1,,7,ouvré,16.394
7854,2025-03-07 10:00:00,Salle_Serveur,20.88,6.5,45.3,0,ouvré,44.643
4634,2025-02-08 14:00:00,Salle Serveur,20.99,7.6,41.5,0,weekend,45.261
815,2025-01-07 18:00:00,accueil ,21.55,5.01,39.2,7,ouvré,10.798
2061,2025-01-18 04:00:00,Bureau_Nord,20.7,-1.67,47.6,,weekend,12.257
4248,2025-02-05 09:00:00,atelier,21.43,1.34,43.3,8,ouvré,25.091
236,2025-01-02 23:00:00,Bureau_Nord,20.45,1.8,48.1,6,ouvré,10.58
7778,2025-03-06 19:00:00,Atelier,21.0,5.19,44.4,,ouvré,18.875
1428,2025-01-12 21:00:00,Atelier,21.37,2.69,41.5,0,weekend,13.381
10784,2025-03-31 20:00:00,Salle Serveur,21.0,10.75,45.3,0,ouvré,44.884
5476,2025-02-15 15:00:00,BUREAU NORD,20.37,8.65,47.7,0,weekend,7.745
9616,2025-03-22 03:00:00,BUREAU NORD,21.29,4.31,42.5,0,weekend,10.613
10545,2025-03-29 20:00:00,Accueil,20.86,7.77,44.2,0,weekend,5.455
10539,2025-03-29 19:00:00,Salle Serveur,20.97,10.44,42.6,0,weekend,43.149
4925,2025-02-11 00:00:00,Accueil,20.25,-1.32,48.7,12,ouvré,9.448
8291,2025-03-11 02:00:00,BUREAU NORD,20.61,-1.08,47.1,11,ouvré,11.46
706,2025-01-06 21:00:00,Bureau_Nord,21.57,1.24,45.5,10,ouvré,10.702
6118,2025-02-20 23:00:00,atelier,19.35,4.46,50.2,10,ouvré,12.479
395,2025-01-04 06:00:00,accueil ,22.77,-0.66,35.9,0,weekend,9.672
9240,2025-03-18 23:00:00,accueil ,19.87,2.26,33.8,7,ouvré,8.807
6864,2025-02-27 04:00:00,Salle Serveur,,0.58,37.9,0,ouvré,47.894
4495,2025-02-07 10:00:00,accueil ,22.36,4.22,51.3,7,ouvré,12.258
5976,2025-02-19 19:00:00,bureau_nord,21.16,6.11,,5,ouvré,11.811
404,2025-01-04 08:00:00,Salle Serveur,20.53,-0.33,48.0,0,weekend,48.072
6825,2025-02-26 20:00:00,accueil ,20.92,3.39,49.4,7,ouvré,9.326
9976,2025-03-25 03:00:00,bureau_nord,,1.94,49.1,14,ouvré,10.484
5079,2025-02-12 07:00:00,Salle Serveur,20.92,1.71,56.2,0,ouvré,46.201
690,2025-01-06 17:00:00,Accueil,22.62,3.84,40.8,6,ouvré,10.904
429,2025-01-04 13:00:00,Salle_Serveur,21.61,4.29,32.7,0,weekend,46.486
8419,2025-03-12 03:00:00,Salle Serveur,21.52,1.82,42.6,0,ouvré,46.009
8275,2025-03-10 22:00:00,accueil ,20.62,5.16,37.5,2,ouvré,8.021
2491,2025-01-21 18:00:00,Bureau_Nord,21.08,4.52,27.2,11,ouvré,12.004
5243,2025-02-13 16:00:00,atelier,21.06,9.07,51.7,2,ouvré,24.424
1948,2025-01-17 05:00:00,atelier,20.81,0.64,48.1,1,ouvré,14.438
5325,2025-02-14 08:00:00,Accueil,21.47,2.04,48.4,14,ouvré,12.546
2639,2025-01-22 23:00:00,Salle Serveur,19.33,-0.34,47.9,0,ouvré,48.4
9135,2025-03-18 02:00:00,accueil ,22.8,1.17,42.9,11,ouvré,9.741
6776,2025-02-26 11:00:00,BUREAU NORD,22.76,5.45,40.4,12,ouvré,16.593
7844,2025-03-07 08:00:00,Salle_Serveur,20.72,5.74,32.1,0,ouvré,45.05
1898,2025-01-16 19:00:00,atelier,22.75,2.11,,8,ouvré,18.402
1585,2025-01-14 04:00:00,accueil ,21.64,-1.06,39.5,9,ouvré,11.26
5645,2025-02-17 00:00:00,Accueil,21.1,0.58,60.1,7,ouvré,9.36
6340,2025-02-22 19:00:00,Accueil,21.58,3.65,53.3,0,weekend,7.097
776,2025-01-07 11:00:00,Bureau_Nord,,5.79,42.7,4,ouvré,17.933
3467,2025-01-29 21:00:00,Bureau_Sud,21.49,3.99,41.8,12,ouvré,10.432
2933,2025-01-25 10:00:00,Atelier,21.48,3.72,40.3,0,weekend,15.134
10412,2025-03-28 18:00:00,bureau sud,20.39,9.89,52.8,12,ouvré,11.416
9705,2025-03-22 20:00:00,accueil ,19.88,5.73,39.9,,weekend,7.523
5638,2025-02-16 23:00:00,Atelier,22.02,1.19,46.3,0,weekend,15.431
2459,2025-01-21 11:00:00,Salle_Serveur,23.09,5.26,41.6,0,ouvré,47.253
8637,2025-03-13 23:00:00,bureau sud,21.02,2.47,39.5,2,ouvré,10.676
477,2025-01-04 23:00:00,Bureau_Sud,,0.97,50.9,0,weekend,12.096
770,2025-01-07 09:00:00,accueil ,19.87,0.41,39.1,2,ouvré,11.747
1039,2025-01-09 15:00:00,Salle Serveur,21.55,8.57,41.0,0,ouvré,43.573
5057,2025-02-12 03:00:00,Bureau_Sud,20.64,-0.04,44.7,3,ouvré,10.25
1532,2025-01-13 18:00:00,bureau sud,21.24,6.49,45.9,13,ouvré,12.191
952,2025-01-08 22:00:00,Bureau_Sud,20.36,1.26,41.9,,ouvré,8.908
1444,2025-01-13 00:00:00,Salle_Serveur,21.8,-1.35,44.0,0,ouvré,47.616
10296,2025-03-27 19:00:00,bureau_nord,20.34,8.13,48.8,2,ouvré,9.507
8947,2025-03-16 13:00:00,bureau sud,21.48,9.55,44.8,0,weekend,7.884
6013,2025-02-20 02:00:00,atelier,21.48,1.42,44.7,13,ouvré,12.379
8068,2025-03-09 05:00:00,atelier,21.22,1.89,,0,weekend,15.893
9613,2025-03-22 02:00:00,Atelier,19.77,1.94,39.8,0,weekend,13.682
2788,2025-01-24 05:00:00,atelier,21.59,-1.44,51.2,6,ouvré,16.838
4938,2025-02-11 03:00:00,Atelier,20.2,-0.63,38.9,8,ouvré,13.274
326,2025-01-03 17:00:00,bureau_nord,21.49,4.76,39.8,12,ouvré,12.569
2054,2025-01-18 02:00:00,Salle Serveur,19.45,-1.9,42.5,0,weekend,48.344
6833,2025-02-26 22:00:00,atelier,20.64,1.18,40.4,15,ouvré,14.471
9225,2025-03-18 20:00:00,Accueil,20.9,4.73,39.7,12,ouvré,7.103
3064,2025-01-26 12:00:00,Salle_Serveur,21.79,4.59,46.5,,weekend,46.386
7175,2025-03-01 18:00:00,Accueil,20.6,8.23,34.5,0,weekend,6.73
8737,2025-03-14 19:00:00,bureau sud,21.52,8.64,55.7,13,ouvré,9.851
10384,2025-03-28 12:00:00,Salle Serveur,21.36,10.66,45.3,0,ouvré,44.015
7007,2025-02-28 09:00:00,Bureau_Sud,21.14,3.82,54.6,3,ouvré,16.077
7685,2025-03-06 00:00:00,Accueil,21.34,1.89,39.2,14,ouvré,8.826
1433,2025-01-12 22:00:00,Atelier,19.5,0.7,46.9,0,weekend,14.019
6800,2025-02-26 15:00:00,Accueil,20.46,8.08,45.8,5,ouvré,12.433
10011,2025-03-25 10:00:00,bureau_nord,22.62,8.28,43.3,5,ouvré,14.522
8848,2025-03-15 17:00:00,atelier,,7.53,49.0,0,weekend,11.598
7077,2025-02-28 23:00:00,Bureau_Sud,22.2,3.19,44.6,4,ouvré,9.054
7669,2025-03-05 21:00:00,Salle_Serveur,20.97,4.87,49.1,0,ouvré,45.129
7677,2025-03-05 23:00:00,Bureau_Sud,21.71,4.25,42.4,10,ouvré,10.022
8982,2025-03-16 20:00:00,Bureau_Sud,-999,6.48,38.5,0,weekend,9.026
1086,2025-01-10 01:00:00,BUREAU NORD,20.2,-1.76,38.5,5,ouvré,10.138
4614,2025-02-08 10:00:00,Salle_Serveur,21.07,2.45,48.7,0,weekend,47.364
4808,2025-02-10 01:00:00,Atelier,19.66,-0.91,48.6,9,ouvré,16.046
9181,2025-03-18 12:00:00,BUREAU NORD,21.16,9.06,41.1,8,ouvré,15.916
6944,2025-02-27 20:00:00,Salle Serveur,20.67,6.27,50.8,0,ouvré,45.833
2584,2025-01-22 12:00:00,Salle Serveur,20.61,6.04,39.5,0,ouvré,45.281
6170,2025-02-21 09:00:00,accueil ,20.94,1.42,51.0,5,ouvré,12.166
918,2025-01-08 15:00:00,atelier,20.53,7.01,,13,ouvré,29.52
1744,2025-01-15 12:00:00,Salle_Serveur,20.3,4.77,42.1,0,ouvré,46.007
3332,2025-01-28 18:00:00,Bureau_Sud,,4.86,41.2,13,ouvré,13.264
6391,2025-02-23 06:00:00,bureau_nord,21.17,0.32,42.6,0,weekend,10.217
9944,2025-03-24 20:00:00,Salle Serveur,20.55,9.68,37.5,0,ouvré,43.681
5277,2025-02-13 23:00:00,Bureau_Sud,22.26,0.66,43.2,11,ouvré,9.788
755,2025-01-07 06:00:00,accueil ,21.93,-1.21,35.8,7,ouvré,11.021
5705,2025-02-17 12:00:00,accueil ,21.18,6.16,43.4,9,ouvré,13.043
2365,2025-01-20 16:00:00,Accueil,20.6,7.59,40.9,11,ouvré,12.483
4929,2025-02-11 01:00:00,Salle_Serveur,20.51,-2.01,,0,ouvré,48.205
2500,2025-01-21 19:00:00,accueil ,22.05,3.24,50.2,13,ouvré,9.167
2063,2025-01-18 04:00:00,Atelier,19.2,-1.67,39.6,0,weekend,15.216
462,2025-01-04 20:00:00,bureau sud,19.65,2.35,49.7,0,weekend,9.838
1487,2025-01-13 09:00:00,bureau sud,21.28,1.81,46.8,9,ouvré,16.575
5084,2025-02-12 08:00:00,Salle Serveur,19.98,3.94,43.0,0,ouvré,45.081
3930,2025-02-02 17:00:00,Accueil,20.39,5.27,38.5,0,weekend,9.012
2867,2025-01-24 21:00:00,bureau sud,21.43,1.04,33.8,6,ouvré,10.852
9472,2025-03-20 22:00:00,bureau sud,20.58,8.65,44.4,8,ouvré,8.184
7285,2025-03-02 16:00:00,accueil ,21.22,10.81,,0,weekend,3.851
9712,2025-03-22 22:00:00,Bureau_Sud,21.16,6.19,50.8,0,weekend,8.282
3933,2025-02-02 18:00:00,atelier,22.14,4.73,38.0,0,weekend,11.521
10506,2025-03-29 13:00:00,bureau_nord,21.02,12.5,50.8,0,weekend,4.757
4787,2025-02-09 21:00:00,bureau sud,20.1,3.28,47.1,0,weekend,11.517
174,2025-01-02 10:00:00,Salle Serveur,21.72,3.47,50.0,0,ouvré,47.877
1536,2025-01-13 19:00:00,Bureau_Nord,20.44,3.65,50.4,6,ouvré,10.864
9785,2025-03-23 12:00:00,Accueil,21.26,8.33,44.5,0,weekend,5.217
1123,2025-01-10 08:00:00,Atelier,20.23,-0.6,42.4,10,ouvré,25.42
7196,2025-03-01 23:00:00,Bureau_Nord,19.95,1.24,,0,weekend,9.9
6131,2025-02-21 02:00:00,bureau_nord,20.78,-0.16,45.3,1,ouvré,11.034
1078,2025-01-09 23:00:00,atelier,22.15,0.76,45.6,13,ouvré,15.308
9880,2025-03-24 07:00:00,Accueil,20.9,3.34,40.9,10,ouvré,
906,2025-01-08 13:00:00,BUREAU NORD,20.71,4.26,38.4,7,ouvré,18.65
1337,2025-01-12 03:00:00,bureau sud,20.54,-2.96,35.4,0,weekend,12.57
3110,2025-01-26 21:00:00,accueil ,21.96,1.03,44.1,0,weekend,10.114
10489,2025-03-29 09:00:00,Salle_Serveur,20.48,5.4,44.4,0,weekend,45.483
3102,2025-01-26 20:00:00,bureau sud,22.06,3.5,44.6,0,weekend,10.795
8305,2025-03-11 04:00:00,Accueil,21.31,-0.08,49.1,5,ouvré,11.233
2140,2025-01-18 19:00:00,Accueil,20.56,4.35,55.0,0,weekend,8.037
9565,2025-03-21 16:00:00,accueil ,20.54,9.88,33.8,2,ouvré,8.598
3525,2025-01-30 08:00:00,accueil ,21.31,1.15,44.9,6,ouvré,13.481
2545,2025-01-22 04:00:00,Accueil,21.63,-1.5,38.6,19,ouvré,10.86
710,2025-01-06 21:00:00,Accueil,20.61,1.24,46.1,7,ouvré,11.088
8183,2025-03-10 04:00:00,Atelier,19.6,2.81,42.2,10,ouvré,13.382
7792,2025-03-06 22:00:00,bureau sud,,4.08,50.0,0,ouvré,9.709
4308,2025-02-05 21:00:00,atelier,21.56,1.52,43.9,11,ouvré,15.146
8994,2025-03-16 22:00:00,Salle Serveur,21.47,4.82,,0,weekend,45.622
5433,2025-02-15 06:00:00,Atelier,21.8,0.07,38.6,0,weekend,14.168
8212,2025-03-10 10:00:00,bureau sud,20.68,5.71,38.7,7,ouvré,13.968
8126,2025-03-09 17:00:00,bureau_nord,21.2,7.24,38.8,0,weekend,7.805
1510,2025-01-13 13:00:00,Accueil,19.17,5.85,48.3,5,ouvré,13.685
4917,2025-02-10 23:00:00,bureau sud,21.53,0.09,49.8,,ouvré,14.36
9800,2025-03-23 15:00:00,Accueil,21.57,10.54,37.0,0,weekend,4.741
4370,2025-02-06 09:00:00,Accueil,20.32,2.68,42.9,8,ouvré,11.318
2272,2025-01-19 22:00:00,Bureau_Sud,21.42,1.09,42.8,0,weekend,10.773
4778,2025-02-09 19:00:00,atelier,21.67,6.46,44.3,0,weekend,11.882
7959,2025-03-08 07:00:00,Salle Serveur,-999,3.26,40.5,0,weekend,47.655
4066,2025-02-03 21:00:00,Bureau_Nord,20.12,2.46,43.7,13,ouvré,10.233
5559,2025-02-16 07:00:00,Salle_Serveur,20.94,0.3,44.2,,weekend,48.524
2482,2025-01-21 16:00:00,bureau sud,21.93,6.4,40.7,9,ouvré,17.627
4103,2025-02-04 04:00:00,Atelier,20.61,-1.27,40.6,6,ouvré,15.919
4415,2025-02-06 18:00:00,accueil ,21.17,5.08,40.9,9,ouvré,10.475
5031,2025-02-11 22:00:00,bureau_nord,22.43,0.0,39.0,10,ouvré,10.312
3334,2025-01-28 18:00:00,Salle Serveur,20.8,4.86,51.6,0,ouvré,44.254
8782,2025-03-15 04:00:00,Bureau_Sud,20.78,0.48,42.6,0,weekend,11.551
8339,2025-03-11 11:00:00,Salle Serveur,,6.75,,0,ouvré,43.56
97,2025-01-01 19:00:00,Bureau_Sud,21.38,1.79,35.8,12,férié,11.197
2026,2025-01-17 21:00:00,BUREAU NORD,21.49,0.68,48.9,11,ouvré,10.782
4383,2025-02-06 12:00:00,atelier,21.04,8.01,50.1,11,ouvré,30.829
5063,2025-02-12 04:00:00,Atelier,21.45,-0.13,35.9,7,ouvré,13.75
10239,2025-03-27 07:00:00,Salle_Serveur,21.61,4.66,29.5,0,ouvré,45.544
1486,2025-01-13 09:00:00,Bureau_Nord,21.07,1.81,46.2,4,ouvré,14.72
568,2025-01-05 17:00:00,Atelier,20.4,5.89,43.7,0,weekend,14.887
3884,2025-02-02 08:00:00,Salle_Serveur,22.16,1.72,40.7,0,weekend,45.706
8501,2025-03-12 20:00:00,bureau_nord,20.94,8.69,,11,ouvré,9.131
7206,2025-03-02 01:00:00,Bureau_Nord,21.09,0.76,52.7,0,weekend,11.809
4916,2025-02-10 23:00:00,bureau_nord,21.35,0.09,44.6,6,,10.429
8155,2025-03-09 22:00:00,accueil ,22.56,3.34,42.1,0,weekend,8.773
1858,2025-01-16 11:00:00,atelier,20.86,3.98,50.6,10,ouvré,31.414
